id,f1_getrunken,f1_gekauft,f1_weder_noch,f2_grund_nichtkauf,f3_discounter,f3_supermarkt,f3_kaufhaus,f3_getraenkemarkt,f3_kiosk,f3_sonstige,f4_konsumhaeufigkeit,n5_flaschenzahl_splitAB,f5_flaschenzahl_025_AB,f5_flaschenzahl_033_AB,f5_flaschenzahl_050_AB,f5_flaschenzahl_075_AB,f5_flaschenzahl_100_AB,f5_flaschenzahl_150_AB,f6_gebindeart,f7_umweltschutz_mehrweg,f7_muell_einweg,f7_muellbergreduz_mehrweg,f8_info_beimKauf,f8_info_papierwerbung,f8_info_website_LEH,f8_info_website_marken,f8_info_werbespots,f8_info_zeitschriften,f8_info_empfehlung,f8_info_sonstiges,f9_konsum_mahlzeiten,f9_konsum_party,f9_konsum_abends,f9_konsum_sport,f9_konsum_zwischendurch,f9_Konsum_sonstiges,f10_kauf_einkaufzettel,f10_kauf_spontan,f10_kauf_party_pflicht,f10_kauf_weiterempfehlung,f11_assoziation_offen,n11_assoziation_fanta,n11_assoziation_erfrischung,n11_assoziation_sommer,n11_assoziation_sonne,n11_assoziation_suess,n11_assoziation_kuenstlich,n11_assoziation_fruchtig,n11_assoziation_ungesund,n11_assoziation_zuckerhaltig,n11_assozition_orange,n11_assoziation_party,n11_assoziation_mixgetraenk,n11_assoziation_urlaub,n11_assotiation_kindheit,n11_assoziation_sonstige,f12_assozi_erfrischung,f12_assozi_abwechselung,f12_assozi_freizeit,f12_assozi_sommer,f12_assozi_urlaub,f12_assozi_zuckerhaltig,f12_assozi_durst,f12_assozi_party,f12_assozi_sonne,f12_assozi_fruchtig,f12_assozi_sport,f12_assozi_lecker,f12_assozi_spass,f12_assozi_cool,f12_assozi_sonstige,n13_weiterempfehlung_splitAB,f13_weiterempfehlung_NPS_AB,f14_grund_weiterempfehlung_NPS,f15_markennennung_spontan,n15_fanta,n15_sinalco,n15_fritz,n15_mirinda,n15_orangina,n15_bionade,n15_vio,n15_discounter,n15_sonstige_marken,f16_konsum_fanta,f16_konsum_river,f16_konsum_deit,f16_konsum_vilsa,f16_konsum_mirinda,f16_konsum_sinalco,f16_konsum_adelholzener,f16_konsum_orangina,f16_konsum_fritz,f16_konsum_now_sunny,f16_konsum_bluna,f16_konsum_schweppes,f16_konsum_herman,f16_konsum_vio,f16_konsum_sonstige,f17_lieblingsmarke,f17_lieblingsmarke_sonstige,f18_preisoffen_A_fanta,f18_preisoffen_A_fritz,f18_preisoffen_A_vio,f19_preisspanne_B_fanta,f19_preisspanne_B_fritz,f19_preisspanne_B_vio,n20_fanta_splitAB,f20_fanta_AB,n20_fritz_splitAB,f20_fritz_AB,n20_vio_splitAB,f20_vio_AB,f21_preis_guter_deal_fanta_A,f22_preis_zu_teuer_fanta_A,f23_preis_teuer_ok_fanta_A,f24_preis_zu_günstig_fanta_A,f21_preis_guter_deal_fritz_B,f22_preis_zu_teuer_fritz_B,f23_preis_teuer_ok_fritz_B,f24_preis_zu_günstig_fritz_B,f25_auf_party_wichtig,f25_beim_essen_ueblich,f25_zum_mixen,f26_vielfalt_inspirierend,f26_kleine_marken_gut,f26_markentreu,f26_verkostung_beliebt,f26_werbung_animierend,f26_besonders_probieren,f26_LM_innovator,f26_gern_ausprobieren,f27_geschmack_fruchtig,f27_aesthetisch_Flaschen,f27_guenstiger_preis,f27_natuerlich_zutaten,f27_geringer_zuckergehalt,f27_hoher_fruchtgehalt,f27_beliebt_kinder,f27_bioprodukt,f27_leicht_oeffnen,f27_nostalgie,f27_wiederverschliessbar,f27_umweltfreundliche_produktion,n28_Eigenschaften_splitAB,f28_fruchtanteil_AB,f28_qualitaet_AB,f28_vertrauen_AB,f28_regio_global_AB,f28_modern_traditionell_AB,f28_aufdringlich_dezent_AB,f28_preis_AB,f28_passen_produkt_AB,f28_cool_AB,f29_geschmack_river_orange,f29_geschmack_fanta,f29_geschmack_fritz,f29_geschmack_hermannsbrause,f29_geschmack_vio,f29_geschmack_orangina,f29_preis_river_orange,f29_preis_fanta,f29_preis_fritz,f29_preis_hermannsbrause,f29_preis_vio,f29_preis_orangina,f29_natürlich_river_orange,f29_natürlich_fanta,f29_natürlich_fritz,f29_natürlich_hermannsbrause,f29_natürlich_vio,f29_natürlich_orangina,f29_vielfalt_river_orange,f29_vielfalt_fanta,f29_vielfalt_fritz,f29_vielfalt_hermannsbrause,f29_vielfalt_vio,f29_vielfalt_orangina,f29_verpack_river_orange,f29_verpack_fanta,f29_verpack_fritz,f29_verpack_hermannsbrause,f29_verpack_vio,f29_verpack_orangina,f29_zucker_river_orange,f29_zucker_fanta,f29_zucker_fritz,f29_zucker_hermannsbrause,f29_zucker_vio,f29_zucker_orangina,f29_umwelt_river_orange,f29_umwelt_fanta,f29_umwelt_fritz,f29_umwelt_hermannsbrause,f29_umwelt_vio,f29_umwelt_orangina,f30_PET_Dose_leicht_A,f30_PET_Dose_praktisch_A,f30_PET_Dose_modern_A,f30_PET_Dose_umweltfreundlich_A,f30_PET_Dose_mitnahme_A,f30_PET_Dose_besuch_A,f30_PET_Dose_sport_A,f31_farbe_transparent_B,f31_farbe_braun_B,f31_farbe_gruen_B,f31b_farbe_egal_B,f32_verschluss_leicht_zu_oeffnen_A,f32_verschluss_modern_A,f32_verschluss_umweltfreundlich_A,f32_verschluss_verletzungsgefahr_A,f32_verschluss_hochpreisig_A,f32_verschluss_leicht_zu_oeffnen_B,f32_verschluss_modern_B,f32_verschluss_umweltfreundlich_B,f32_verletzungsgefahr_B,f32_verschluss_hochpreisig_B,f33_klassische_marken,f33_preisguenstige_marken,f33_hochpreisig_inhaltsstoffe,f33_preis_teils_teils,f33_trendmarken,f33_gefuehl_urlaub,f33_durstloescher,f34_0_zucker,f34_100_geschmack,f34_ohne_konservierungsstoffe,f34_natuerlich_mineralwasser,f34_ohne_kunstfarbstoffe,f34_zuckerfrei,f34_vitamin_e,f34_fruchtanteil,f34_geschuettelt,f34_bio,n35_siegel_splitAB,f35_siegel_produktwertigkeit_AB,f35_siegel_vertrauen_AB,f35_siegel_regionalitaet_AB,f35_siegel_modern_traditionell_AB,f35_siegel_kontrolle_AB,f35_siegel_aufdringlich_dezent_AB,f35_siegel_aussehen_AB,f36_zufallswahl_choiceset,n36_choiceset_antwort,f36_choiceset_1,f36_choiceset_2,f36_choiceset_3,f36_choiceset_4,f36_choiceset_5,f36_choiceset_6,f37_zufallswahl_choiceset,n37_choiceset_antwort,f37_choiceset_1,f37_choiceset_2,f37_choiceset_3,f37_choiceset_4,f37_choiceset_5,f37_choiceset_6,f38_fastfood,f38_preisbereit_qualitaet,f38_gut_essen_restaurant,f38_gedanken_ernaehrung,f38_hausmannskost,f38_ueberschaetzung_ernaehrung,f38_herkunft_egal,f39_geburtsjahr,f40_schulabschluss,f40_schulabschluss_sonstige,f41_erwerbstaetig,f42_berufsstellung,f43_markenprodukte,f43_eigenmarken,f43_marken_gleich_gut,f43_preisvergleich,f43_preis_kleinere_produkte,f43_bestmoeglicher_preis,f43_hoher_preis_gleich_qualitativ,f43_qualitaet_zahlungsbereit,f43_preis_indikator_qualitaet,f43_hochpreis_topqualitaet,f44_studiengang,f44_sonstiger_studiengang,f45_semester,f46_LM_allergie,f46_LM_allergie_welche,f47_diaet,f47_diaet_sonstiges,f48_haushaltsgröße,n48_haushaltsgröße,f49_kinder_unter_12,f50_wohnlage,f51_plz,f52_hh_einkommen,f53_geschlecht,jahr,FAC1_3_qualitaet,FAC2_3_inno,FAC3_3_geschmack,FAC4_3_preis,FAC5_3_frische,FAC6_3_partymix,FAC7_3_mehrweg,FAC8_3_haendling,FAC9_3_kinder,CLU4_1,CLU3_1
3,1,1,0, ,0,1,0,0,0, ,2,2, , , , ,3, ,5,0,-1,1,1,0,0,0,0,0,0, ,0,1,1,0,0, ,-1,1,1,-1,fanta,1,0,0,0,0,0,0,0,0,0,0,0,0,0,0,1,0,0,0,0,1,1,0,0,1,0,0,0,0, ,2,4,Bekanntheit,Fanta,1,0,0,0,0,0,0,0,0,1,1,1,1,1,1,0,0,0,0,1,0,0,0, ,1, , , , ,2,3,3,2,5,2,6,2,4, , , , ,.8,1,.95,.6,1,-2,-1,-1,-1,2,-1,-1,-1,-1,-1,1,-1,1,-1,-1,-1,-1,-2,-1,-1,1,-1,2,-1,2,2,-1,-2,0,1,1,0,2,4,10,8,8,1,10,6,4,3,1,10,1,7,10,6,8,7,2,10,6,2,9,5,3,7,8,1,9,6,0,3,6,1,10,6,0,3,6,5,9,6, , , , , , , ,1,-1,1,0, , , , , ,2,2,2,2,-1,2,-1,0,-1,-2,-1,-1,-1,-1,-1,1,1,0,-1,1,-1,-2,2,2,1,-1,1,-1,-1,0,3,1, , ,1, , , ,6,1,1, , , , , ,0,-1,1,0,1,-1,-1,1992,4, , , ,-1,-1,1,-2,-1,-1,0,-1,0,1,1, ,1,0, ,0, ,3,3,0,2,49090,1,1,1,.0798926484426981,-1.06688902141327,-1.75189639640312,-2.22922968897598,-.306023524873696,-.556354089192065,-.423899511311555,.539344591429221,-.857019641091484,1,1
4,1,0,0, , , , , , , ,3,1, , , , , , ,5,2,-1,1,1,0,0,0,0,0,0, ,1,1,1,0,1, ,-1,1,2,-1,Fanta,1,0,0,0,0,0,0,0,0,0,0,0,0,0,0,1,0,0,0,0,1,0,0,0,0,0,1,0,0, ,1,5,"Für den Fall, dass mir die Limonade schmecken würde, dann würde ich die empfehlen, wenn Fanta einer anderen Person nicht schmecken würde.","Fanta, Fritz-Limo, Sinalco, Freeway, Ja-Orangenlimonade,",1,1,1,0,0,0,0,1,0,1,1,1,0,0,1,0,1,1,0,1,1,0,0, , , ,.3,.6,0, , , ,1,1,1,7,1,1,.3,1,.6,.2, , , , ,2,-2,2,-1,0,1,1,0,1,0, ,1,0,1,-1,-1,0,0,0,-1,-1,2,1,1,0,1,1,1,1,-2,0,0,0,4,4,5,1,2,2,10,8,5,0,0,2,0,1,4,0,0,0,0,0,0,0,0,0,0,0,3,0,0,0,0,0,3,0,0,0,0,0,6,0,0,0,0,1,1,-2,1,1,1, , , , ,-2,-1,-1,1,1, , , , , ,-1,1,-1,-1,-2,-2,-2,-2,-2,-2,-2,-2,-2,-2,-2,-2,0,1, , , , , , , ,4,1, , , ,1, , ,4,1, , ,1, , , ,0,0,-2,0,1,-1,1,1988,4, ,3, ,-1,1,2,1,1,1,-1,-1,-1,0,2, ,1,0, ,4,Immer mal etwas Gemüse/Obst täglich,1,1,0,2,49545,0,1,1, , , , , , , , , , , 
5,1,0,0, , , , , , , ,1,2, , , , , , ,4,2,-2,1,1,0,0,0,1,0,0, ,0,1,1,0,0, ,-2,-1,0,-1,Fanta,1,0,0,0,0,0,0,0,0,0,0,0,0,0,0,0,0,0,1,0,1,0,1,1,0,0,0,0,0, ,2,3,Flaschendesign sieht alt ausIch trinke eher selten Orangenlimonade,FantaFritzDeitPepsiSinalcovio,1,1,1,0,0,0,0,0,1,1,1,1,1,1,1,0,1,1,0,0,1,0,1, , , , , , ,4,4,5,2,7,2,6,2,4, , , , ,.6,1,.75,.2,0,-2,0,-1,0,1,-1,-1,0,-1,0,1,0,0,-1,-1,0,-2,-2,-1,-1,0,0,2,-2,-1,0,-2,0,2,0,1,0,1,4,6,3,7,5,10,8,5,7,1,5,0,2,4,1,5,4,0,5,6,2,5,2,0,2,7,3,5,6,0,0,1,0,5,1,0,1,7,3,7,3, , , , , , , ,1,-2,-1,0, , , , , ,1,2,-1,-1,-2,0,-1,-1,0,0,-2,-2,-1,0,-1,0,-1,-1,-2,-1,-1,-1,2,1,0,0,1,1,0,0,5,2, , , , ,2, ,1,2, , , , , ,2,-2,1,0,0,1,-1,-2,1993,4, ,3, ,1,0,0,0,-1,-1,0,1,0,0,3, ,2,0, ,0, ,2,2,0,2,49477,4,1,1,.285857215807498,-.290967292007472,-1.31577688369979,-1.38823372792796,-1.11282750175179,-.139042921036818,1.08520820664544,-.610964862894322,-.890227233794511,1,1
6,1,1,0, ,0,0,0,1,0, ,5,1, ,2, , , , ,5,1,0,1,1,0,0,0,0,0,1, ,0,0,1,0,1, ,-2,0,0,1,An ein Erfrischungsgetränk,0,1,0,0,0,0,0,0,0,0,0,0,0,0,0,1,0,0,1,1,0,0,0,1,1,0,0,0,0, ,1,10,Sehr guter Geschmack. Erfirschend und und nicht zu süß.,"Fritz-limo, Sinalco, Fanta.",1,1,1,0,0,0,0,0,0,1,0,1,1,1,1,0,1,1,0,0,1,0,0, ,5, ,1,1,1, , , ,1,9,1,10,1,8,1,1.5,1.2,.5, , , , ,0,-1,0,-2,2,1,-1,-1,0,1,2,1,0,0,2,0,1,-2,0,0,0,-2,1,1,1,1,1,0,0,-1,-1,1,1,1,1,9,3,9,7,10,4,4,8,3,5,2,0,8,3,8,4,10,10,9,8,5,8,0,4,8,5,7,7,1,0,4,2,4,2,1,5,8,6,10,5,-2,-2,-2,0,2,2,2, , , , ,-2,2,2,-2,1, , , , , ,-2,-2,1,-1,-2,0,0,2,1,0,0,1,2,0,0,0,2,1, , , , , , , ,4,2, , , ,2, , ,1,2, , , , , ,2,0,1,0,0,0,-1,0,1995,4, ,3, ,1,0,0,1,0,0,1,1,1,2,2, ,1,0, ,0, ,1,1, ,3,49074,0,1,1,1.58763779283622,1.29580001904689,.607739295553219,-.245258309656395,.835606575890857,-.410943646586976,-1.14194441262477,-1.51711123983505,.135086712147082,2,2
7,1,1,0, ,0,1,0,1,0, ,5,1, , , , ,1,1,4,-1,-2,2,1,0,0,0,0,1,1, ,0,1,0,0,1, ,1,0,0,2,Erfrischung,0,1,0,0,0,0,0,0,0,0,0,0,0,0,0,1,0,0,1,0,0,1,1,0,0,0,1,0,0, ,1,3,Aussehen spricht mich nicht anMarke unbekannt,Fanta Sinalco,1,1,0,0,0,1,0,0,1,1,1,0,0,1,1,0,1,0,0,0,1,0,0, ,1, ,1,1,.5, , , ,1,9,1,4,1,1,.8,1.2,1,.5, , , , ,1,-1,2,-1,-1,1,-1,0,0,-1,-1,1,1,1,1,1,1,-1,-1,2,0,1,-1,1,2,0,0,1,2,-1,0,1,0,5,8,8,4,7,3,9,3,2,9,2,8,3,8,7,2,7,4,5,5,4,4,5,4,3,7,3,3,6,2,2,2,9,5,7,3,2,4,9,4,8,3,1,0,1,2,2,2,1, , , , ,1,1,-1,-2,1, , , , , ,1,0,0,0,-1,1,0,1,1,1,-1,1,1,-2,-1,-2,-1,1, , , , , , , ,1,1,1, , , , , ,2,1, , , , ,1, ,-1,0,-1,1,0,-1,0,1995,4, ,3, ,1,0,1,1,0,0,-1,-1,0,0,2, ,1,0, ,0, ,4,4,0,2,48429,0,1,1,-.608407627764411,-1.02257144291809,.551673772760686,-.193739412842397,1.06001928266038,.794668736317923,-.547590440195508,1.0395565456163,.186207379004259,3,2
8,0,0,1,häufig zu künstlich und zu süß, , , , , , , ,2, , , , , , , , , , , , , , , , , , , , , , , , , , , , ,"orange, süße , fanta, aroma, künstlich, sommer",1,0,1,0,1,1,0,0,0,1,0,0,0,0,0,0,0,0,1,1,1,0,0,0,0,0,0,0,0,Kindheit,2,0,schmeckt sehr künstlich zuckerhaltig,"fanta, fritz, pepsi, bionade, lemonade,",1,0,1,0,0,1,0,0,1,1,0,0,0,0,1,0,1,1,1,0,1,0,0, , , , , , ,3,4,4,2,3,2,3,2,3, , , , ,.9,1.5,1,.5, , , , , , , , , , , , , , , , , , , , , , , ,2,-2,-2,-1,-2,1,2,-1,0,-1,3,3,4,4,4,4,7,7,0,0,0,7,0,0,0,6,0,0,0,7,7,0,0,0,0,0,7,7,7,0,0,0,0,0,7,0,0,0,6,6,6,0, , , , , , , ,1,1,1,-1, , , , , ,1,-1,-1,-1,-1, , , , , , , , , , , , , , , , , ,2,-1,-2,-2,1,-2,-2,-2,1,2,2, , , , , ,5,1, ,1, , , , ,-2,1,-2,1,1,0,2,1996,4, ,3, ,-1,-2,-1,1,1,1,0,-2,-1,0,2, ,1,0, ,1, ,4,4,0,1,49090,0,2,1, , , , , , , , , , , 
9,1,1,0, ,1,0,0,0,0, ,1,2, ,1, , , , ,2,2,-2,0,0,0,0,0,0,0,0,gar nicht,0,1,0,0,0, ,0,-2,2,-2,Zucker,0,0,0,0,0,0,0,0,1,0,0,0,0,0,0,0,0,0,1,0,1,0,1,1,0,0,0,0,0,Dickmacher,2,0,"Fanta braucht keine Empfehlung. Sie ist allseits bekannt. Zudem ist es eine Glasflasche, die auch noch grün ist.","Sinalco, Fritz, Fanta, Schweppes, ...",1,1,1,0,0,0,0,0,1,1,1,0,0,1,1,0,1,0,0,0,1,0,0, ,1, , , , ,3,3,3,2,1,2,2,2,2, , , , ,.6,1,.8,.4,2,-2,-2,-2,0,2,-2,-2,-2,-2,0,0,-2,1,2,2, ,-2,-2,-1,-2,1,-2,2,-2,0,-1,-2,-2,0,2,2,0,0,4,7,4,6,3,10,0,5,5,0,0,0,0,3,3,4,2,10,10,10,0,5,5,0,10,2,1,4,8,0,0,5,3,5,0,8,4,6,4,7,2, , , , , , , ,2,-2,-2,-2, , , , , ,2,2,2,-2,-1,2,-2,-2,-2,1,0,-2,2,-2,-2,-2,2,2,-2,-2,-2,-2,2,0,0,1,0,0,0,0,6,1, , , , , ,1,6,1,1, , , , , ,-2,2,-2,2,0,0,-2,1991,4, ,3, ,0,-2,0,2,2,2,-2,-2,-2,-2,2, ,1,0, ,4,LowCarb,2,2,0,3,48282,4,1,1, , , , , , , , , , , 
10,1,0,0, , , , , , , ,2,2, , , , , , ,4,2, , ,1,0,0,0,1,0,0, ,0,1,1,0,0, ,1,-1,0,1,Fanta,1,0,0,0,0,0,0,0,0,0,0,0,0,0,0,1,0,0,0,0,1,0,0,0,1,0,0,0,0, ,2,5,"Die Fanta ist schon weit bekannt, so gehe ich davon aus, dass meine Freunde/Bekannte dieses Produkt schon kennen.","Fanta, Vio, Fritz",1,0,1,0,0,0,1,0,0,1,1,0,0,0,1,0,0,1,0,0,0,0,1, , , , , , ,4,6,6,2,10,2,4,2,4, , , , ,1,1,.8,.5,1,-1,-1,-1,1,1,0,1,0,0,0,1,1,1,-1,0,0,-2,-1,0,0,0,1,2,-2,-1,0,-2,-2,-1,-2,1,1,3,4,5,5,1,2,10,7,3,1,1,8,0,0,5,3,5,2,0,9,5,5,4,4,0,8,0,3,2,0,0,0,3,3,2,0,0,0,8,5,5,2, , , , , , , ,-1,1,1,0, , , , , ,1,1,-2,-1,-2,1,1,1,0,0,1,0,1,1,1,1,1,1,-1,0,-2,-2,2,1,1,0,1,1,0,0,6,1, , , , , ,1,6,1,1, , , , , ,-1,1,0,1,0,2,-1,1995,4, ,3, ,1,-2,-1,1,0,1,-1,0,0,-1,2, ,1,0, ,4,low carb,4,4,0,2,49477,0,1,1, , , , , , , , , , , 
11,1,0,0, , , , , , , ,1,1, , , , , , ,2,1,-1,1,1,0,0,0,0,0,0, ,0,1,0,0,0, ,2,-1,2,0,An die Marke Fanta.,1,0,0,0,0,0,0,0,0,0,0,0,0,0,0,0,1,0,1,0,1,0,1,0,0,0,0,1,0, ,1,6,Der Preis ist der Hauptgrund. Laut meinem Wissen ist der Preis für die Orangenlimonade teurer als für andere Orangenlimonaden.,FantaSinalcoMirindaVoelkel,1,0,0,0,0,0,0,0,1,1,0,1,0,1,1,0,0,1,1,0,1,0,0, , , ,1.95,2.5,2.75, , , ,1,10,1,5,1,6,.9,2,1.95,.65, , , , ,2,-2,2,-1,0,1,1,1,1,2,2,1,2,1,1,1,1,-2,0,1,-1,2,1,1,1,1,1,2,-1,1,2,2,0,2,7,6,5,6,5,10,7,5,5,4,8,1,3,4,3,4,3,2,2,3,3,3,3,0,7,6,4,6,2,1,2,3,3,4,2,2,3,4,4,5,3,2,2,0,2,0,2,2, , , , ,-1,1,1,-2,2, , , , , ,2,0,1,-1,1,2,-1,1,1,1,0,2,0,0,-1,-1,0,1, , , , , , , ,2,1, ,1, , , , ,4,1, , ,1, , , ,-1,1,0,1,0,-1,0,1994,4, ,3, ,1,-1,0,2,1,2,-1,-1,-1,-1,2, ,1,0, ,0, ,2,2,0,3,49074,0,2,1,-.941582176622135,1.39771843604425,.197324594431337,1.33339172045199,.461399775435305,1.35959936710891,.00397793013687592,1.17572847116368,-.799400239919895,3,2
12,1,0,0, , , , , , , ,4,1, , , , , , ,4,1, ,2,1,0,0,0,1,0,0, ,1,1,0,0,1, ,-2,-1,0,-1,Zucker und künstliche Aromen,0,0,0,0,0,1,0,0,1,0,0,0,0,0,0,0,0,1,0,0,1,0,0,0,0,0,0,0,0,ungesund,1,3,ich würde es vergessen die limo weiterzuempfehlen,"Fanta, fritz-limo, bionade, dieat, freeway, river,",1,0,1,0,0,1,0,1,1,1,1,1,0,1,1,0,1,1,0,0,1,0,1, , , ,.5,.6,.7, , , ,1,2,1,4,1,8,.5,.8,.7,.4, , , , ,0,-2,-2,-1,0,2,2,-1,1,-1,2,2,0,-2,2,2,2,-2,-2,-2,0,1,1,1,0,0,1,0,1,-1,1,2,2,1,3,2,2,1,6,10,6,3,2,1,1,0,0,3,1,9,5,3,4,7,2,4,3,0,2,2,3,7,4,0,0,0,0,0,0,1,1,3,2,5,1,-2,2,2,2,0,2,2, , , , ,-1,2,1,-1,2, , , , , ,-2,0,0,0,-2,-2,-2,1,2,1,1,2,0,0,1,-2,1,1, , , , , , , ,5,3, , , , ,3, ,2,3, , , , ,3, ,-2,0,-2,2,0,2,-1,1993,4, ,3, ,0,-2,-1,1,0,0,-1,-1,-2,0,2, ,1,0, ,4,lowcarb,3,3,0,1,32139,0,1,1, , , , , , , , , , , 
13,1,1,0, ,1,1,0,0,0, ,5,2, , ,5, ,5, ,4,0,1,1,1,1,0,0,1,0,0, ,0,1,1,0,0, ,-2,1,0, ,-Erfrischungsgetränk-süß,0,1,0,0,1,0,0,0,0,0,0,0,0,0,0,1,0,0,1,0,1,0,0,0,0,0,0,0,0, ,2,2,ich empfehle eher weniger Limonaden,FantaFritz,1,0,1,0,0,0,0,0,0,1,1,0,0,1,1,0,0,1,0,0,0,0,0, ,1, , , , ,4,4,5,2,8,2,5,2,7, , , , ,.6,.8,.7,.5,1,-2,2,-1,-1,1,1,0,-1,-2,0,1,1,1,1,1,0,-2,-2,0,-1,2,1,2,0,2,2,-2,1,-1,1,1,1,2,8,6,3,5,3,10,3,2,8,3,6,2,2, , , , ,1,8,7,1,5,1,2,7,6,0,5,1,1,1,1,0,3,1,3,2,2,1,2,2, , , , , , , ,2,0,0,-2, , , , , ,2,1,1,-2,1,2,-1,-1,-1,-1,1,-1,1,1,1,1,1,1,0,-1,-1,-1,2,2,1,0,0,2,1,-1,5,1, , , , ,1, ,5,1, ,1, , , , ,-1,0,0,1,-1,1,-2,1993,4, ,3, ,1,0,0,1,1,1,0,0,0,0,2, ,1,0, ,0, ,4,4,0,2,49191,0,2,1,.272595876204476,-1.35477461718521,.433302789824596,.774028729600042,.167833643074425,1.03207514181063,-1.88921883263921,.727876474169377,-.775802527285467,3,2
14,1,0,0, , , , , , , ,2,1, , , , , , ,2,1,-2,1,1,0,0,0,0,0,0, ,0,0,0,0,1, ,-2,-1,1,-1,ungesundes Getränk mit sehr viel Zucker.,0,0,0,0,0,0,0,1,1,0,0,0,0,0,0,0,0,0,0,0,1,0,0,0,0,0,0,0,0, ,1,2,trinke allgemein eher wenig bis zu garkeine Limonade,"Fanta, Fritz-limo, Freeway, Vio-Limo, Mirinda",1,0,1,1,0,0,0,0,0,0,0,1,0,0,0,0,0,0,0,0,0,0,0, , , ,.6,.6,.6, , , ,1,3,1,2,1,4,.49,.65,.6,.39, , , , ,0,-2,-2,-2,-2,1,-2,-2,-1,1,0,0,1,0,2,2,0,-2,-1,-2,-2,-2,0,1,0,0,1,0,1,0,1,0,0,1,2,2,1,4,1,10,5,4,10,1,7,1,1,1,1,2,1,1,2,4,1,3,1,1,1,3,1,7,2,1,1,1,1,1,1,1,1,2,1,3,1,0,0,0,0,2,2,0, , , , ,-2,1,-1,-1,1, , , , , ,-2,-2,0,-1,-2,-2,-2,2,-1,0,0,0,2,2,0,0,0,1, , , , , , , ,3,3, , ,3, , , ,4,3, , ,3, , , ,-2,1,-1,2,0,-2,0,1994,4, ,3, ,0,0,0,-1,-1,-1,-1,-1,-2,-1,2, ,1,0, ,4,"Ketogene Diät, Low Carb",2,2,0,3,49084,1,1,1,-1.50458540874967,-.600427695987865,.697714565103045,-2.01046290435638,-.928545959795267,-1.32009715371577,.41836531371551,-1.59931164968294,-1.56928665378733,3,2
15,0,1,0, ,0,1,0,1,0, ,2,1, , , , ,1, ,3,2,-2,2,1,0,0,0,0,0,0, ,0,1,1,0,0, ,-1,-1,1,-1,"süß, fruchtig, kind, feier",0,0,0,0,1,0,1,0,0,0,1,0,0,1,0,0,0,1,1,0,0,0,1,0,1,0,1,0,0, ,1,4,Preis,"Mirinda, Fanta, Orangina, Bluna, Sinalco",1,1,0,1,1,0,0,0,0,1,1,1,0,1,1,0,1,1,0,1,0,0,1, , , ,.6,.8,1, , , ,1,8,1,7,1,6,.8,1.7,1.3,.4, , , , ,1,-2,-1,1,1,0,-1,-1,1,0,2,2,1,0,1,-1,-1,0,-1,1,0,2,1,1,1,1,2,1,1,-1,1,2,1,6,7,8,5,8,9,9,7,5,6,3,7,4,4,6,5,8,7,3,7,8,2,5,5,3,6,9,5,7,7,2,3,6,5,7,6,6,7,6,6,8,7,1,2,1,1,1,1,2, , , , ,-1,-1,1,-2,1, , , , , ,0,-1,0,1,-1,0,0,-1,1,0,0,1,0,0,1,0,0,1, , , , , , , ,1,2,2, , , , , ,2,1, , , , ,1, ,-1,0,0,0,0,-1,0,1993,4, ,3, ,0,-1,1,0,0,-1,1,1,0,1,2, ,1,0, ,0, ,2,2,0,3,49477,4,1,1,1.07414578595565,1.16769258006782,-1.48545631566852,-.993106708198679,.379525995678197,-1.11232253798264,1.4285087551631,1.63356206007422,.646449709518623,1,1
16,1,1,0, ,0,1,0,0,0, ,4,1, , , , ,1, ,2,0,-2,1,0,0,0,0,0,0,1, ,0,0,0,0,1, ,-2,0,-2,0,Fanta,1,0,0,0,0,0,0,0,0,0,0,0,0,0,0,1,0,0,0,0,1,0,0,0,1,0,0,0,0, ,1,7,Fritz schmeckt mir,"Fanta, Fritz, Pepsi",1,0,1,0,0,0,0,0,0,1,0,1,0,0,1,0,1,1,0,0,0,0,0, ,3, ,1.1,1.2,.9, , , ,1,7,1,10,1,6,1.1,1.2,1.1,.65, , , , ,-2,-2,-1,-1,2,0,0,-2,1,0,2,1,0,0,1,1,1,-2,-1,-2,2,0,0,1,1,1,2,1,1,-1,1,1,0,2,5,5,5,6,5,10,4,2,3,4,1,3,4,6,7,5,5,1,8,7,3,6,1,0,4,8,6,5,6,0,0,2,4,3,3,1,0,2,3,4,4,2,1,0,0,1,1,2, , , , ,2,1,-1,1,-1, , , , , ,0,-1,-1,0,0,-2,-2,1,1,-1,0,2,0,0,0,0,-2,1, , , , , , , ,6,2, , , , , ,2,1,2, , , , , ,2,-1,0,1,0,-1,2,-1,1992,4, ,3, ,0,-1,0,-1,-2,-1,-2,0,-1,-2,2, ,1,0, ,0, ,3,3, ,3,49074,0,2,1,-1.80541328239375,1.42388406662899,.307088057608189,-2.5026881867565,-1.44492179513387,-.541662598138407,-.501451316500175,-1.46213967743494,.594044906198463,4,3
17,0,0,1,Ist mir meist zu künstlich. Trifft nicht meinen Geschmack. Kohlensäure mag ich auch nicht so gerne in solchen Mengen., , , , , , , ,2, , , , , , , , , , , , , , , , , , , , , , , , , , , , ,"An ein Glas mit einem gekühltem Getränk, einem Stohhalm und einer Frucht am Glas",0,1,0,0,0,0,0,0,0,0,0,0,0,0,1,1,0,0,1,0,1,1,0,1,0,0,0,0,0, ,2,2,Grune Farbe ist bei einem Erfrischungsgetränk nicht so passend. Es könnte auch ein Gemüsesaft sein.,Fanta,1,0,0,0,0,0,0,0,0,1,0,0,0,0,0,0,0,1,0,0,0,0,0, , , , , , ,2,3,2,2,4,2,2,2,2, , , , ,.59,1,.79,.49, , , , , , , , , , , , , , , , , , , , , , , ,2,0,0,0,-2,-1,-1,-2,0,0,7,4,3,3,6,5,6,7,3,7,5,7, , , , , , ,8,5,4,4,5,5,5,5,7,3,6,4,1,2,4,1,4,1,5,6,7,3,7,4, , , , , , , ,1,-1,-2,-1, , , , , ,1,1,-1,-2,-1, , , , , , , , , , , , , , , , , ,2,-1,-1,-1,0,-2,0,-2,1,3,3, , , , , ,6,3,3, , , , , ,-2,0,0,-2,2,-1,1,1996,4, ,3, ,0,-1,0,2,1,0,0, ,1,0,2, ,1,0, ,0, ,2,2,0,1,16180,0,1,1, , , , , , , , , , , 
18,1,0,0, , , , , , , ,1,2, , , , , , ,4,1,-1,2,1,1,0,0,0,0,0, ,0,1,0,0,0, ,0,-2,1,0,geringer Fruchtanteil von Orangensafthoher Zuckgehalteher ungesund,0,0,0,0,0,0,0,1,1,0,0,0,0,0,1,1,0,0,0,1,1,0,1,1,0,0,0,0,0, ,2,2,Weil die Marke bekannt ist und sie bereits jeder kennt,"Bionade,Fanta,Schwepps",1,0,0,0,0,1,0,0,0,1,1,1,0,1,1,0,0,0,0,0,1,0,0, , , , , , ,2,3,6,2,4,2,5,2,6, , , , ,.6,.99,.85,.45,-2,-2,0,1,2,0,1,0,1,1,2,1,0,1,2,1,1,-2,0,0,-1,2,1,2,-2,0,2,-2,0,1,1,1,1,2,2,4,1,6,2,8,4,4,6,3,8,3,3,4,4,4,2,7,6,5,5,8,3,4,7,7,2,7,2,1,2,4,3,5,1,4,6,5,5,7,3, , , , , , , ,0,-1,0,0, , , , , ,2,1,-1,1,-2,0,1,-2,-2,-1,0,-1,-1,0,1,1,2,-2,1,-1,-1,1,2,0,-1,0,1,1,-1,0,1,3,3, , , , , ,4,1, , ,1, , , ,-2,0,-1,2,1,-2,-1,1990,4, ,3, ,0,-2,1,1,1,1,0,-1,-2,-2,2, ,1,0, ,0, ,2,2,0,3,541,0,1,1,-1.42017891989454,1.40203686375703,.67492562475436,.341852703903368,.111988164284908,-1.18425870688376,-.203492081701147,.508692136318192,-.56156939876357,3,2
19,1,0,0, , , , , , , ,1,2, , , , , , ,2,2,-2,0,1,1,0,1,0,1,1, ,0,1,0,0,0, ,-1,-2,-1,1,Fanta; zu süß; ungesund,1,0,0,0,1,0,0,1,0,0,0,0,0,0,0,1,0,0,1,0,1,1,1,0,0,0,0,0,0, ,2,6,"sehr günstig, Markenware -> man weiß, dass man Qualität bekommt","Sinalco, Fanta, (Schwipp Schwapp)",1,1,0,0,0,0,0,0,1,1,1,1,0,1,1,0,0,1,0,0,1,0,0, , , , , , ,1,2,2,2,3,2,3,2,5, , , , ,.49,.69,.59,.39,1,-2,0,-1,1,0,1,1,2,1,2,1,1,1,0,-1,0,-1,-1,-1,0,0,-1,2,-1,1,1,-2,0,2,1,2,1,4,3,6,3,6,3,8,4,3,7,5,7,2,3,7,4,7,3,3,7,7,4,6,3,2,3,8,1,8,2,3,3,5,2,5,4,2,5,6,3,6,2, , , , , , , ,2,1,-1,0, , , , , ,1,-1,-1,-2,-1,0,0,1,-1,0,0,-2,-1,-1,0,-1,1,-1,1,0,-1,1,2,1,-1,2,-2,0,-2,1,4,2, , , ,2, , ,4,2, , ,2, , , ,-1,-2,0,2,-2,-1,0,1997,4, ,3, ,-1,-1,1,2,2,1,0,0,0,0,2, ,1,0, ,0, ,3,3,0,3,49074,0,2,1,.263218288133845,1.78727955680897,-1.5697498337133,1.50565424542554,-.572327536200032,-.133607182437124,1.28287646196307,-.819441649989156,.364056151766506,4,3
20,1,1,0, ,1,1,0,1,1, ,4,1, , , , ,1, ,2,2,-2,-1,1,0,0,0,0,0,1, ,0,1,0,0,0, ,2,-1,0,2,An Fanta.,1,0,0,0,0,0,0,0,0,0,0,0,0,0,0,0,1,0,1,0,1,1,1,0,0,0,0,0,0, ,1,5,"Geschmacklich ist es okay, aber optisch ist es leider nicht ansprechend, da sehr monoton gehalten.",FantaFritz-OrangeFreeway OrangeMiranda,1,0,0,1,0,0,0,0,0,1,1,0,0,1,1,0,0,1,0,1,0,0,0, ,1, ,1.3,1.2,1, , , ,1,10,1,4,1,1,.75,1.5,1.2,.5, , , , ,1,-1,-2,-1,0,2,1,1,0,0,0,2,2,1,2,2,2,-2,-2,0,0,1,2,1,-1,0,0,-1,1, ,-1,1,2,5,5,3,2,7,5,10,5,8,8,4,5,3,2,5,2,5,5,7,10,10,6,5,5,0,1,8,2,3,3,0,1,2,2,8,2,3,3,2,3,3,3,-2,2,-1,0,0,-2,2, , , , ,-2,1,-1,-2,1, , , , , ,1,-1,0,1,1,1,-1,2,2,1,0,1,2,0,-2,-1,0,1, , , , , , , ,5,1, , , , ,1, ,1,1, , , , , ,1,-2,2,0,2,1,2,0,1992,4, ,3, ,2,0,0,1,1,2,-1,0,-1,-2,2, ,1,0, ,4,Lowcarb,5,5,0,3,49324,1,1,1,-1.02668587155305,-.365647778772915,1.5372833580941,.848896084749875,.867365940501942,-.608942519658305,.863000009177622,.451415341047164,-.451527458369141,3,2
21,0,0,1,Wegen dem Zuckergehalt, , , , , , , ,2, , , , , , , , , , , , , , , , , , , , , , , , , , , , ,Zucker,0,0,0,0,0,0,0,0,1,0,0,0,0,0,0,0,0,0,0,0,1,0,0,0,0,0,0,0,0, ,2,0,Es ist ungesund,Fanta,1,0,0,0,0,0,0,0,0,1,1,1,0,1,1,0,0,1,0,1,1,0,0, , , , , , ,1,1,1,2,1,2,1,2,1, , , , ,.5,.8,.75,.3, , , , , , , , , , , , , , , , , , , , , , , ,2,-2,0,2,-2,-2,1,1,0,0,1,3,5,2,6,2,4,3,3,2,3,8,1,0,5,0,5,0,1,3,3,1,2,2,1,3,5,1,5,0,0,0,5,0,4,0,0,0,3,0,0,0, , , , , , , ,1,-1,-1,0, , , , , ,2,1,-1,-1,-1, , , , , , , , , , , , , , , , , ,2,1,1,1,1,1,-1,-1,6,3, , , , , ,3,3,3, , , ,3, , ,-2,2,-1,2,1,-2,2,1991,4, ,3, ,0,-1,1,1,1,1,0,0,0,0,2, ,1,0, ,0, ,2,2,0,3,49084,2,1,1, , , , , , , , , , , 
22,1,1,0, ,1,1,0,0,1, ,5,2, ,1, , ,1,1,2,-1,-1,2,1,0,0,0,1,0,1, ,1,1,0,0,1, ,-1,1,1,2,Fanta,1,0,0,0,0,0,0,0,0,0,0,0,0,0,0,1,1,0,0,0,1,0,0,0,1,0,0,0,0, ,2,8,"Guter Preis, besserer Geschmack aus Glasflaschen","Sinalco, Fanta, River, Freeway, Fritz-Limo",1,1,1,0,0,0,0,1,0,1,1,1,0,1,1,0,1,1,0,1,1,0,0, ,5, , , , ,4,5,3,2,7,2,10,2,5, , , , ,.7,1,.9,.5,1,0,1,1,2,1,2,2,2,2,2,1,-1,0,0,0,1,-2,-2,-1,0,-1,-1,2,-1,1,1,-2,2,-1,0,1,1,5,5,10,7,8,10,9,4,3,5,5,4,2,3,9,7,8,8,6,8,10,3,6,3,4,4,10,8,7,9,3,1,4,7,8,4,7,7,8,7,8,7, , , , , , , ,-1,1,1,0, , , , , ,1,-1,-1,-1,-1,-1,-1,0,1,0,1,-1,1,2,-1,-1,-1,1,1,1,-1,-1,2,2,1,1,1,-1,-1,0,3,2, , ,2, , , ,1,2, , , , , ,2,0,1,0,1,1,-1,0,1996,5, ,3, ,-1,-1,1,1,0,1,-2,0,-2,-1,2, ,1,0, ,0, ,1,1,0,1,48703,1,1,1,-1.6577706281195,2.29834762476358,-.383386888904834,-.0376567186952515,.988126344960841,.860762945743597,-1.32728795347003,-1.74744866929839,-.283832299120143,4,3
23,1,0,0, , , , , , , ,2,1, , , , , , ,5,1,-2,1,1,0,0,0,0,0,0, ,0,1,0,0,0, ,2,-1,1,1,"fruchtig, leicht süß, leicht sauer",0,0,0,0,0,0,1,0,0,0,0,0,0,0,1,1,0,0,0,0,1,0,0,1,1,0,0,0,0, ,1,5,durch rein optische Betrachtung ist eine Empfehlung nicht zu rechtfertigen.,"Sinalco, Fanta, Fritz",1,1,1,0,0,0,0,0,0,1,1,1,0,1,1,0,1,1,0,1,1,0,0, , , ,1.5,1.5,2, , , ,1,8,1,7,1,8,.8,1.5,1.2,.5, , , , ,1,-2,0,-1,-1,1,1,-1,1,1,1,2,-1,0,0,1,1,-1,-1,-1,-1,1,0,1,1,1,0,0,-1,-1,0,1,0,2,4,5,4,6,3,10,5,4,4,3,8,0,1,6,5,7,3,8,9,2,2,4,4,3,4,6,5,7,5,0,0,4,4,6,0,0,0,5,5,8,0,0,2,1,0,1,2,1, , , , ,-2,1,1,1,-1, , , , , ,1,-1,0,0,-2,-1,-1,1,0,0,0,1,1,0,0,0,0,1, , , , , , , ,2,1, ,1, , , , ,1,1, , , , , ,1,-1,1,1,1,1,-1,-1,1993,4, ,3, ,0,-1,1,1,1,-1,0,1,0,1,2, ,1,0, ,4,low Carb high fat,1 bzw 3,2,0,3, ,0,1,1,.771464259192219,.441464793487132,-.291867517740586,.0117868708303968,-.374855759964121,-.121693387721933,.866758223091766,.173075846857441,-.81268064542228,3,2
24,1,1,0, ,0,1,0,0,0, ,2,2, , , ,1, , ,2,1,-2,1,1,0,0,0,0,0,1, ,0,0,1,0,0, ,2,-2,-2,0,Zucker,0,0,0,0,0,0,0,0,1,0,0,0,0,0,0,0,0,0,0,0,1,0,0,1,0,0,0,0,0, ,2,0,"Jeder kennt Fanta. Warum sollte man die Produkte noch weiterempfehlen, wenn es sich nicht um komplett neue Geschmacksrichtungen handelt?","Die Limo, Fanta, Miranda, Vio,",1,0,0,1,0,0,1,0,1,1,0,1,1,1,1,0,0,1,0,0,1,0,1, ,12,Die Limo (Granini), , , ,5,5,6,2,3,2,4,2,8, , , , ,.6,1,.9,.5,-2,-2,-1,-1,0,1,-1,-1,0,0,0,1,0,0,1,1,1,-2,-2,-2,-2,1,0,2,-1,1,1,-2,0,1,0,1,0,3,4,6,5,7,7,10,4,4,5,3,6,0,2,6,6,7,8,0,10,5,5,6,3,1,2,4,4,4,4,0,1,0,2,3,3,6,1,5,7,6,6, , , , , , , ,0,-1,0,1, , , , , ,-1,1,-1,-1,-1,-1,-1,0,0,1,0,-2,1,1,1,1,0,0,1,1,-1,1,2,-1,0,0,-1,-1,-1,-1,1,3,3, , , , , ,5,3, ,3, , , , ,-1,1,0,1,0,-2,1,1993,4, ,3, ,-1,-2,-1,1,0,0,-1,1,-1,-2,2, ,1,0, ,0, ,2,2,0,3,49074,5,1,1,-.757666889677085,-.311170081222994,.336217249211582,-.0226847960827086,-.147590519408324,-1.6332815733291,.7498965616742,-.92142529432446,-1.33012018094017,3,2
25,1,1,0, ,1,1,0,0,0, ,3,1, , ,1, ,1, ,2,1,-2,1,1,0,0,0,0,0,0, ,0,1,1,0,0, ,-2,2,-2,0,Fanta,1,0,0,0,0,0,0,0,0,0,0,0,0,0,0,1,0,0,0,0,0,0,0,1,1,0,0,0,0, ,1,9,Das Getränk ist im Moment sehr angesehen,"Fanta, Freeway",1,0,0,0,0,0,0,1,0,1,0,1,1,1,1,0,0,1,0,0,0,0,0, ,1, ,2.15,1.5,1.99, , , ,1,10,1,8,1,4,1.5,3,2,1, , , , ,0,-2,-2,1,1,0,2,1,2,1,1,1,1,0,-1,-1,0,1,-1,-2,2,0,0,1,0,1,2,0,2,0,1,0,2,3,5,4,2,5,7,3,5,2,3,2,5,4,5,4,3,2,6,3,10,10,5,4,6,3,10,8,5,8,6,3,5,5,6,4,5,3,4,4,5,3,5,1,1,0,1,2,2,2, , , , ,1,1,2,2,1, , , , , ,-1,-1,0,-1,-2,2,-1,-1,0,0,1,1,-1,2,1,1,0,1, , , , , , , ,5,1, , , , ,1, ,4,1, , ,1, , , ,-2,-1,1,-1,1,0,1,1993,4, ,3, ,1,0,1,0,1,-1,0,1,1,0,2, ,1,0, ,0, ,2,2,0,2,49090,0,1,1,.80069797719317,1.64906513520796,-2.1745748357942,-.167336038929402,.608408894936192,-1.62543656703028,1.22381515785683,-1.38703772881586,2.40893977590477,4,3
26,1,1,0, ,0,1,0,0,0, ,5,2, ,2, , , , ,5,2,-2,1,1,1,0,0,0,0,0, ,1,1,0,0,0, ,0,-1,2,-1,Fanta,1,0,0,0,0,0,0,0,0,0,0,0,0,0,0,1,0,0,1,0,0,0,1,1,0,0,0,1,0, ,2,6,weil es bekannt ist,"Fanta, Ensinger, Teusser",1,0,0,0,0,0,0,0,1,1,0,1,0,1,1,0,1,1,0,1,0,0,0, ,1, , , , ,6,6,5,2,10,2,10,2,10, , , , ,.8,1.2,1,.5,2,0,0,-1,-1,1,0,-1,-1,-2,-2,1,1,0,1,1,2,-2,-2,1,1,0,-1,2,-1,1,1,-2,-2,0,1,1,2,4,5,8,6,5,6,9,3,6,6,4,1,3,3,10,8,9,3,3,5,10,7,7,5,4,6,10,5,5,6,3,1,8,7,9,2,5,3,8,9,10,4, , , , , , , ,1,2,0,1, , , , , ,1,1,1,-2,-1,2,-1,-1,1,1,1,1,-1,1,1,-2,1,-2,-1,-2,-2,-1,2,1,1,1,1,0,-1,1,6,2, , , , , ,2,2,1, , , , ,1, ,-2,2,-1,2,0,0,1,1994,4, ,3, ,2,0,1,1,-1,-1,1,2,1,1,5, ,2,0, ,0, ,5,5,0,1,49088,0,2,1,1.43804443860014,-2.05674821658458,1.30679788865243,-.874987779845454,2.12144770106243,.741907257169209,1.03326715558504,.373644522857546,-.161965158048868,4,3
27,1,1,0, ,0,1,0,1,0, ,4,2, , , , ,6, ,5,2,-2,1,1,0,0,0,0,0,1, ,0,1,1,0,0, ,1,0,2,0,Fanta,1,0,0,0,0,0,0,0,0,0,0,0,0,0,0,0,0,1,0,0,1,0,1,0,1,0,1,0,0, ,2,4,Glasflasche und veraltetes Etikettendesign,"Fanta, Vio, Granini, Sinalco, Mirinda",1,1,0,1,0,0,1,0,1,1,1,1,1,1,1,0,0,0,0,0,1,0,1, ,1, , , , ,4,3,3,2,7,2,3,2,3, , , , ,.69,.9,.85,.55,2,-1,2,-1,0,2,-1,0,1,0,0,1,0,1,1,0,0,-1,-2,1,1,1,0,2,1,1,1,-1,1,0,1,1,1,3,7,7,2,6,5,9,3,4,6,5,8,3,7,8,3,7,3,3,8,3,2,5,4,2,8,5,3,6,3,4,4,5,3,6,3,3,6,8,5,9,5, , , , , , , ,2,-1,-1,0, , , , , ,2,2,1,-2,-1,2,0,0,-1,-1,0,-1,1,1,0,1,2,1,0,-1,-1,-2,2,1,1,1,0,1,-1,0,6,1, , , , , ,1,2,1, , , , ,1, ,-1,0,0,1,1,-1,0,1997,4, ,3, ,0,-1,0,1,1,1,1,1,1,0,2, ,1,0, ,0, ,5,5,0,2,49090,0,1,1,1.05639687095333,.208693119459064,-.336697879670433,.563733480228484,.189451252412894,1.40422959520687,.877170793282004,.713220806721708,.607637663793367,3,2
28,1,1,0, ,0,1,0,1,0, ,4,2, ,2, , , , ,3,1,-1,0,1,0,0,0,0,0,0, ,0,1,1,0,0, ,-1,0,1,1,Fanta,1,0,0,0,0,0,0,0,0,0,0,0,0,0,0,0,0,0,0,0,1,0,0,0,1,0,0,0,0, ,2,7, ,"Fanta, Vilsa, Fritz",1,0,1,0,0,0,0,0,0,1,1,1,1,1,1,0,0,1,0,0,0,0,0, ,12,Vilsa, , , ,5,4,3,2,9,2,3,2,3, , , , ,.7,1,.85,.5,1,-2,1,-1,-1,1,1,0,2,1,2,0,1,-1,0,0,0,-2,-2,-2,1,-1,0,2,-1,-1,1,-2,0,1,0,2,1,8,3,4,5,6,7,10,5,4,5,3,5,2,4,6,5,5,7,2,8,8,5,5,2,0,5,7,5,7,5,1,1,5,5,6,5,2,5,5,5,5,5, , , , , , , ,0,-2,0,1, , , , , ,1,1,-1,-1,-1,0,-1,0,1,-2,0,-2,1,1,1,1,1,1,0,1, ,0,2,0,-1,0,-1,0,1,-2,3,1, , ,1, , , ,2,1, , , , ,1, ,-1,0,1,1,0,1,0,1994,4, ,3, ,1,-1,0,1,0,1,0,-1,0,0,1, ,1,0, ,1, ,5,5,0,1,27305,0,1,1,-.180391856570748,1.56379471335156,-1.10979372162146,.278105452715887,-.959371892614588,.997567490766527,-.172705913609548,-1.68988951626048,-.0259022407671841,1,1
30,1,1,0, ,0,1,0,1,0, ,2,2, ,1, , ,1, ,5,2,-2,2,1,0,0,0,0,0,0, ,1,0,0,0,0, ,-2,0,0,-2,Fanta,1,0,0,0,0,0,0,0,0,0,0,0,0,0,0,1,0,0,1,0,1,0,0,0,1,0,1,0,0, ,2,0,Weil alle dieses Produkt kennen und wissen wie sie schmeckt,"sinalco, Fanta, Mezzo mix, Fritz Limo",1,1,0,0,0,0,0,0,1,1,1,0,0,1,1,0,0,1,0,0,0,0,0, ,1, , , , ,6,6,6,2,5,2,5,2,5, , , , ,.75,1.3,1,.5,0,0,0,0,-1,0,0,0,0,1,1,1,1,1,1,2,1,-2,-2,-2,-2,2,2,2,1,1,1,1,1,1,0,1,1,5,8,5,4,3,5,5,5,5,4,4,5,5,5,5,5,4,5,5,5,5,4,4,5,5,9,5,5,4,5,0,0,5,5,4,5,0,5,5,5,4,5, , , , , , , ,0,-1,1,0, , , , , ,2,2,-1,-1,-1,2,-1,0,0,0,0,0,1,1,1,1,1,1,1,0,-1,-1,2,0,0,1,0,1,0,0,3,1, , ,1, , , ,6,1,1, , , , , ,0,0,1,1,1,0, ,1993,4, ,3, ,0,0,0,1,1,1,0,2,0,2,4, ,2,0, ,0, ,5,5,0,1,9633,0,1,1,1.32865634629176,-.193175047497336,.872266170257316,.676205686283463,1.49641295418441,-.252494368399922,.805725059932462,.181482131056199,-2.36014233085465,3,2
31,1,0,0, , , , , , , ,1,2, , , , , , ,2,1,-2,-1,1,0,0,0,0,0,0, ,0,1,0,0,0, ,1,-1,0,-1,FantaKindheitCola-Alternative,1,0,0,0,0,0,0,0,0,0,0,0,0,1,1,0,0,0,1,1,1,0,1,0,0,0,0,0,0, ,2,6,"Fanta ist die bekannteste Limonade und schmeckt nicht schlech, allerdings würde ich eine weniger süße und nicht so künstlich aussehende Limonade empfehlen",FantaFritz-Coladie Limo,1,1,1,0,0,0,0,0,1,1,0,0,0,0,1,0,1,1,0,1,1,0,1, , , , , , ,4,5,6,2,8,2,9,2,10, , , , ,.7,1,.9,.4,1,-2,-1,-1,1,0,1,0,1,-1,1,2,1,0,1,1,1,-2,0,-1,0,2,1,2,-1,0,1,-2,1,0,1,2,1,3,7,9,4,8,8,10,5,3,8,2,3,0,3,8,2,9,6,2,3,8,2,3,2,1,5,10,3,7,6,1,1,6,1,7,4,2,3,7,3,9,3, , , , , , , ,2,-1,0,0, , , , , ,1,1,-1,-1,-1,-1,-2,1,-1,0,0,-1,-2,-1,1,0,2, ,1,-1,-1,1,2,1,2,0,-2,1,-1,-1,2,2, ,2, , , , ,6,2,2, , , , , ,-1,0,0,2,0,-2,1,1997,4, , , ,0,-1,1,2,1,0,0,-1,1,1,3, ,1,0, ,1, ,6,6,0,3,49080,0,2,1,.522179713091461,.319843412087075,.133050761478637,.66423091553666,-.0813990446729623,-.195666966488518,.61005748474775,.811785318425162,-.934299802813125,3,2
32,1,0,0, , , , , , , ,0,1, , , , , , ,3,1,-2,1,1,0,0,1,0,0,0, ,0,1,0,0,0, ,-2,-2,2,-1,Kalorien,0,0,0,0,0,0,0,0,0,0,0,0,0,0,1,0,0,0,0,0,1,0,0,0,0,0,0,0,0, ,1,5, ,"fanta, fritz, sinalco",1,1,1,0,0,0,0,0,0,1,0,0,0,0,1,0,0,1,0,0,1,0,1, , , ,1.8,1.8,1.8, , , ,1,10,1,7,1,4,1.1,2,1.8,.9, , , , ,1,-2,2,-1,-1,1,1,-1,-1,-1,-1,1,0,1,-1,1,1,-1,-1,0,2,1,1,1,1,2,2,1,2,-2,1,2,2,0,10,8,0,8,0,10,3,3,10,3,10,0,2,7,2,10,2,3,10,10,8,10,5,0,7,10,3,7,10,0,2,2,2,2,7,0,2,7,2,8,2,-2,2,2,2,2,-2,2, , , , ,-1,2,1,-1,2, , , , , ,-1,-1,-1,-1,-1,-2,-2,0,-1,-1,-1,-1,1,-1,-1,-1,1,1, , , , , , , ,5,1, , , , ,1, ,1,2, , , , , ,2,-1,-1,-1,1,1,-1,-1,1994,6, ,3, ,-1,-1,1,1,1,-1,-1,-1,0,-1,3, ,1,0, ,0, ,1,1, ,2,49090,0,1,1,-1.06019059278872,-1.35650249058514,-.0589203514661917,-.244760428196401,-1.38547336477787,1.75231420049015,.33140776209468,.28318718955117,1.11276330543282,1,1
33,1,1,0, ,1,1,0,0,0, ,3,2, ,5, , , , ,2,1,-2,1,1,0,0,0,0,0,0, ,0,1,0,0,1, ,-2,-1,2,-2,Nischgetränke für Partys,0,0,0,0,0,0,0,0,0,0,1,0,0,0,0,1,0,1,0,1,1,0,1,0,0,0,0,0,0, ,2,0,sprechen im bekanntenkreis nicht über so etwas,"Fanta, fritz Cola, River",1,0,1,0,0,0,0,1,0,1,1,0,0,0,1,0,0,0,1,0,1,0,0, ,1, , , , ,6,6,6,2,7,2,7,2,7, , , , ,.8,1.2,1,.5,2,-2,1,-2,-2,2,-2,-2,-2,-1,-1,1,-1,1,0,1,1,-1,-2,0,0,2,0,2,1,2,2,-1,0,1,1,2,0,6,6,6,4,6,4,9,5,2,8,9,3,3,6,8,4,10,7,6,7,5,5,2,6,3,8,8,4,6,5,3,5,8,7,9,6,9,8,9,9,10,7, , , , , , , ,2,-2,-1,0, , , , , ,2,1,-2,-2,-1,2,0,0,0,-2,-2,-1,1,1,0,-1,0,1,1,1,-2,-2,2,1,1,0,1,1,-1,-1,1,1,1, , , , , ,4,1, , ,1, , , ,0,-1,-1,0,1,1,0,1993,6, ,3, ,0,-1,0,2,1,2,0,0,0,1,3, ,1,0, ,0, ,2,2,0,1,49536,0,1,1,.495657839214598,-2.19382328489686,.314894185436602,1.57957563955184,-.869445895408656,1.22247866083161,.218127434726353,1.13677675098969,-.426196355235133,3,2
34,1,0,0, , , , , , , ,2,1, , , , , , ,2,0,2,1,1,0,0,0,0,0,0, ,1,0,0,0,0, ,0,1,1,2,Durst,0,0,0,0,0,0,0,0,0,0,0,0,0,0,1,1,0,1,1,0,0,1,0,0,1,0,0,0,0, ,1,7,Design,"Fanta, Vio, Fritz",1,0,1,0,0,0,1,0,0,1,0,0,1,1,1,0,1,1,0,0,1,0,1, , , ,1,1,1.2, , , ,1,9,1,9,1,10,.5,1.5,1.3,.3, , , , ,1,1,1,0,2,1,-1,1,1,1,2,2,2,2,0,1,2,-1,-2,0,2,2,-2,1,0,2,2,-2,2,-2,0,1,2,0,2,7,0,9,6,10,3,2,10,1,1,0,0,4,0,8,5,4,4,4,4,7,6,0,3,9,0,7,5,0,0,4,0,8,6,10,10,10,9,10,10,2,2,-2,-2,2,-2,2, , , , ,2,2,2,2,2, , , , , ,2,-2,1,0,2,-1,0,0,1,-2,-1,-2,0,1,0,1,-2,1, , , , , , , ,4,2, , , ,2, , ,5,2, ,2, , , , ,-1,1,2,0,2,0,2,1994,4, ,3, ,1,-1,1,1,1,1,0,0,1,1,3, ,2,1,Nüsse,0, ,5,5,0,2,45701,0,1,1,.432171085108256,1.39644157111012,.983565363139665,.199840267914833,1.13640849037427,1.23540859864789,-3.44548629614634,1.06229999717303,.839928397003864,2,2
35,1,1,0, ,0,1,0,1,1, ,3,2,1,1, , ,1, ,2,2,-2,2,0,0,0,0,1,0,1, ,0,1,1,0,1, ,-2,1,0,-1,"Trinke Fanta, lebe bunter",0,0,0,0,0,0,0,0,0,0,0,0,0,0,1,1,0,0,1,1,0,0,0,1,0,0,1,0,0, ,2,0,Keine Gespräche über Getränke,"Fanta, die Limo, Sinalco",1,1,0,0,0,0,0,0,0,1,1,0,0,1,1,0,0,1,0,0,1,0,0, ,1, , , , ,6,6,6,2,10,2,4,2,2, , , , ,1,2,1.9,.9,2,-2,1,-2,-1,2,0,-1,0,-1,-1,2,2,-1,-1,-2,0,-2,-2,0,1,1,0,2,0,2,2,-2,2,-1,1,2,2,3,10,8,6,7,6,10,3,2,4,3,5,2,4,5,4,5,4,0,6,4,2,2,2,4,8,9,4,8,6,1,2,3,2,3,2,3,3,5,3,5,3, , , , , , , ,1,-2,1,1, , , , , ,1,-2,-1,-1,-2,2,-2,-1,-2,-1,2,0,-1,2,0,1,0,0,0,0,0,0,2,0,1,-1,-1,0,-1,0,2,1, ,1, , , , ,5,1, ,1, , , , ,-1,1,0,1,1,-2,-1,1994,4, ,3, ,1,0,1,0,-1,-1,1,1,1,1,4, ,2,0, ,0, ,2,2,0,1,48317,4,2,1,1.34057257351314,-.631066289236999,-1.86901888344668,-1.06957876016547,.934488405911996,1.09283748254016,1.73061812782467,.315923938417335,-.169097900645468,1,1
36,1,0,0, , , , , , , ,2,1, , , , , , ,2,-1,1,-1,0,0,0,0,0,0,1, ,0,0,1,0,1, ,-2,-1,1,1,Fanta,1,0,0,0,0,0,0,0,0,0,0,0,0,0,0,0,0,0,0,0,1,0,0,1,0,0,0,0,0, ,1,2,Geschmack,"Fanta, River lemonade , Fritzz-kola, JA- Orangenlimonade",1,0,1,0,0,0,0,1,0,1,1,0,1,1,1,0,1,1,0,0,1,0,0, , , ,1,1,1, , , ,1,5,1,3,1,1,1,1.5,1.2,.4, , , , ,1,-2,1,-2,0,2,1,-1,1,0,0,1,0,-1,-1,-1,0,-1,-2,1,1,1,-1,1,1,1,1,1,1,-2,1,0,0,3,7,7,4,7,1,9,2,3,9,1,2,3,6,6,5,3,3,3,9,5,5,5,5,7,10,4,2,6,6,0,3,6,1,7,5,3,6,8,6,3,6,2,0,-1,1,-2,0,1, , , , ,1,-1,1,-1,1, , , , , ,2,-2,1,-2,-2,0,-1,-2,1,0,2,-1,-1,1,-2,1,-2,1, , , , , , , ,6,1, , , , , ,1,1,1, , , , , ,1,2,-2,1,0,1,-1,0,1993,4, ,3, ,0,1,0,1,1,0,0,0,0,0,1, ,1,0, ,0, ,&, ,2,1,49536,7,1,1,.162396906972235,.447587521798628,-1.47469734086895,.391587952729309,-.358703766516615,.383256862238104,-2.22703164303989,.68927858393002,.965179335947606,2,2
37,1,1,0, ,1,1,0,1,0, ,4,2, , , , ,8, ,5,-1,-2,0,1,1,0,0,1,0,1, ,1,0,1,0,1, ,0,1,0,-1,Fanta,1,0,0,0,0,0,0,0,0,0,0,0,0,0,0,1,0,0,1,0,1,0,0,0,1,0,1,0,0, ,2,5,"fanta ist bekannt und schmeckt, es gibt aber noch viele weitere Orangenlimonaden","Sinalco, Freeway, Fritz, EDEKA Eigenmarke",0,1,1,0,0,0,0,1,0,1,0,1,1,1,0,0,0,1,0,1,0,0,0, ,1, , , , ,4,6,6,2,9,2,9,2,8, , , , ,1,1.5,1.2,.5,0,-1,0,0,0,1,1,0,2,1,1,1,1,1,0,0,0,-2,-2,-1,-2,1,-1,2,-2,0,1,-2,1,0,-1,2,1,5,7,9,2,9,3,10,4,1,5,3,7,4,4,9,5,10,4,5,7,3,3,5,5,2,6,10,3,8,3,2,3,5,5,5,3,1,2,8,8,9,2, , , , , , , ,0,1,1,1, , , , , ,2,2,-1,-2,-2,1,0,0,0,-1,1,1,-1,0,0,0,1,-1,-2,-2,-2,0,2,2,2,-2,0,2,-1,0,4,2, , , ,2, , ,1,2, , , , , ,2,1,0,-1,0,0,-1,0,1990,4, ,3, ,0,-1,1,1,1,1,0,0,0,1,4, ,3,0, ,0, ,6,6,0,2,49090,5,1,1,.573649304040731,1.09118952644847,-1.28757009165189,.837421564924542,1.71988019957144,-.936570283697327,-.169396214968807,-.123504650904607,-2.08466390122927,2,2
44,1,1,0, ,1,1,0,1,0,Homeshopping zuhause bei Mutter,4,2, , ,3, , ,2,5,2,-1,1,0,0,0,0,0,0,0,gar nicht,0,1,0,0,0, ,1,0,1,-1,"kinder, die sich am straßenrand geld dazu verdienen wollen ...",0,0,0,0,0,0,0,0,0,0,0,0,0,0,1,0,1,0,1,0,1,1,1,0,0,0,0,0,0, ,2,5,"es ist mir vollkommen egal, wenn er sie trinkt dann ist das so ...","vilsa, fanta, fritz cola, sinalco",1,1,1,0,0,0,0,0,0,1,1,0,1,0,1,0,0,1,0,0,1,0,1, ,1, , , , ,2,3,2,2,5,2,5,2,5, , , , ,.7,1.2,1,.5,0,-2,1,0,1,0,-2,-1,1,0,1,1,0,-1,0,0,1,-2,-2,1,0,2,1,2,0,2,2,-2,1,0,-1,1,0,2,5,5,5,4,5,9,5,3,5,3,7,4,5,8,7,7,4,3,7,7,5,5,6,0,8,9,3,3,3,8,3,5,3,5,3,5,5,9,5,5,5, , , , , , , ,2,-2,0,0, , , , , ,2,-1,-2,-1,-1,1,-1,0,1,-2,-2,-1,0,0,1,1,-1,0,0,-2,0,-2,2,1,0,0,0,-1,2,0,5,1, , , , ,1, ,3,1, , , ,1, , ,-1,1,0,-2,-1,-1,1,1991,4, ,3, ,-1,-1,0,1,0,2,-1,1,-1,2,4, ,3,0, ,0, ,3,3,0,2,49090,3,1,1,.29296850107885,.635689670697046,.0185563788645385,.418516661932229,-.955819483364173,.631500134427448,-.284918001038449,1.13056160511697,-.30705551885073,3,2
45,1,1,0, ,1,1,0,1,1, ,1,1, , , , , , ,5,1,-2,0,1,1,0,0,1,0,1, ,0,1,0,0,0, ,1,-1,2,2,"Fanta, Bier mit Limo (Radler)",1,1,0,0,0,0,0,0,0,0,0,0,0,0,0,1,0,1,0,0,1,0,1,0,0,0,0,1,0, ,1,6,Fritz Limo ist modern und schmeckt anders als Fanta,"Fanta, Orangina, Sinalco, Fritz Limo",1,1,1,0,1,0,0,0,0,1,0,1,1,1,1,0,1,1,0,0,0,0,1,Orangina,5, ,1.5,1.65,1.75, , , ,1,9,1,9,1,3,1.5,2.5,2,.45, , , , ,2,-2,2,-1,1,1,2,2,0,-1,1,1,0,0,1,1,2,0,-2,1,0,2,0,1,2,2,2,2,2,0,1,2,2,5,10,10,7,9,10,10,7,5,9,10,8,4,8,10,7,9,10,5,10,10,5,8,9,5,9,10,5,5,10,7,7,9,7,8,8,5,8,9,7,9,9,0,2,-2,2,0,2,2, , , , ,-1,-1,1,-1,1, , , , , ,1,0,1,-1,1,1,-2,0,0,0,0,0,0,0,0,0,0,1, , , , , , , ,5,3, , , , ,3, ,1,2, , , , , ,2,-2,1,1,1,0,0,-1,1997,4, ,3, ,0,-1,1,2,0,1,1,0,1,1,1, ,1,0, ,0, ,4,4,0,2,49090,0,2,1,1.08283840213591,-.0702620460626544,.990840637127479,.678152032431525,-.426822270064069,1.47950661086268,.421585365470017,1.06699417319199,.892622949225901,3,2
46,1,1,0, ,1,1,0,1,0, ,3,1, , ,1, ,1, ,5,2,-2,1,1,0,0,0,0,0,1, ,0,1,1,0,0, ,-2,0,2,0,sinalcofantagerryfreeway,1,0,0,0,0,0,0,0,0,0,0,0,0,0,1,1,0,0,1,0,1,1,1,0,0,0,0,0,0, ,1,1,ich habe noch nie fritz ... getrunken,gerrysinalcofantafritz ...freeway,0,1,1,0,0,0,0,1,0,1,1,0,0,0,1,0,0,1,0,0,1,0,0,"freeway, gerry",2, ,.8,.8,.8, , , ,1,10,1,6,1,1,.8,1.2,1.2,.4, , , , ,2,-2,1,-1,0,2,-1,0,1,-1,1,1,-1,1,0,0,1,-2,-2,0,1,2,1,1,0,1,1,0,2,0,1,0,1,1,3,6,6,6,3,10,2,2,2,1,2,1,2,5,5,10,2,2,2,3,3,2,2,0,4,5,5,3,2,2,2,3,3,7,3,1,4,5,5,9,3,-2,1,0,1,0,1,2, , , , ,-2,-1,1,-2,-1, , , , , ,1,1,-1,0,-1,0,-1,0,1,0,-1,0,0,1,1,-1,-2,1, , , , , , , ,5,1, , , , ,1, ,2,1, , , , ,1, ,0,-1,1,1,2,-1,-2,1993,3, , , ,0,0,2,1,0, ,-1,0,0,0,1, ,1,0, ,0, ,5,5,0,1,45721,0,1,1, , , , , , , , , , , 
47,1,1,0, ,1,1,0,0,0, ,6,2, , ,2, , ,6,5,0,-2,2,1,0,0,0,0,0,0, ,1,0,1,0,1, ,1,-1,-1,1,Fanta,1,0,0,0,0,0,0,0,0,0,0,0,0,0,0,1,0,1,0,0,1,1,0,0,0,0,1,0,0, ,2,10,Der Preis ist sehr günstig für das Markenprodukt,"Fanta, Sinalco, Vio, DieLimo",1,1,0,0,0,0,1,0,1,1,1,1,1,1,1,0,0,1,0,0,0,0,1,DieLimo,1, , , , ,6,5,5,2,10,2,9,2,9, , , , ,.7,1.5,1.1,.5,-1,1,-2,-1,-1,2,-2,1,0,-1,0,1,0,1,0,0,0,-1,-1,-1,-1,1,0,2,-1,1,1,-1,1,-1,0,1,1,7,10,4,3,2,7,10,5,5,8,4,6,2,3,7,3,8,3,3,7,6,1,5,1,0,7,5,0,4,2,2,3,7,2,7,3,4,3,7,9,7,5, , , , , , , ,2,-2,-2,-1, , , , , ,1,1,-1,-2,-1,1,1,-1,-1,0,0,1,0,0,1,0,1,0,0,-1,-2,0,2,-1,-1,0,-2,-2,-2,-2,2,1, ,1, , , , ,4,1, , ,1, , , ,-1,0,0,1,0,-1,1,1993,4, , , ,-1,-1,1,2,2,1,-1,-1,-1,-1,5, ,2,0, ,0, ,3,3,0,2,49088,0,2,1,-1.19255411020381,-.921703987420718,-.85741630137928,1.43905803500231,2.5685523437238,-2.26546580827764,.0828531648404546,.0344165147940376,-.883025585414132,4,3
48,1,1,0, ,0,1,0,1,0, ,2,2, , , , ,4, ,5,1,-1,2,1,0,0,0,1,0,0, ,0,1,0,0,0, ,0,0,0,1,Gelb und Süß,0,0,0,0,1,0,0,0,0,1,0,0,0,0,0,0,0,0,1,0,1,0,1,1,0,0,0,0,0, ,2,9,Marke und Geschmack,"Fritz, Fanta, Vio,",1,0,1,0,0,0,1,0,0,1,1,1,1,1,1,0,1,1,0,0,1,0,1, ,1, , , , ,5,2,1,2,9,2,2,2,2, , , , ,.4,.7,.6,.3,1,-2,2,-1,0,1,0,1,1,0,1,1,1,1,1,0,0,-1,-2,-1,0,1,1,2,1,2,2,-1,0,0,0,1,1,3,7,7,1,8,9,9,5,5,8,4,5,2,5,5,2,9,9,2,7,7,3,7,5,1,7,7,4,3,10,1,4,4,4,8,8,1,9,9,1,10,9, , , , , , , ,1,1,0,2, , , , , ,1,-1, ,1,-2,1,0,0,0,-1,0,-1,1,1,0,1,1,1,1, ,0,1,2,-1,-1,-1,-1,-1,0,-1,1,2,2, , , , , ,5,1, ,1, , , , ,0,-1,1,-1,0,1,1,1998,4, , , ,0,-1,0,1,1,1,-1,0,0,1,1, ,1,0, ,0, ,5,5,0,1,49577,0,1,1,.150884785590026,.490338043678917,-.342455394486728,.664466714988633,-.156896010764035,1.07578623662658,-.146520181210561,-.407603078342466,.148069995700376,3,2
49,1,0,0, , , , , , , ,2,2, , , , , , ,5,1,-1,2,1,0,0,0,0,0,1, ,0,1,0,0,0, ,1,0,-1,0,Fanta Korn,0,0,0,0,0,0,0,0,0,0,0,1,0,0,0,0,0,1,1,0,0,0,1,0,0,0,0,0,0, ,2,4,Ich würde wenn eher eine Liter-Flasche kaufen.,"Fritz, Fanta, Vio, River",1,0,1,0,0,0,1,1,0,1,0,1,0,0,1,0,1,1,0,0,1,0,1, , , , , , ,5,6,6,2,4,2,4,2,2, , , , ,.6,1.5,1.2,.8,1,-2,0,-1,0,1,-1,1,0,-1,0,1,0,-1,0,0,1,-1,-2,1,0,2,1,2,-1,1,1,-2,1,0,1,0,0,0,1,3,3,2,2,10,5,3,3,0,3,0,1,5,4,7,5,0,3,3,3,2,1,0,5,8,6,2,8,0,3,7,7,9,3,0,2,5,5,7,5, , , , , , , ,1,-1,-1,0, , , , , ,1,1,-1,-1,-1,1,-1,0,-1,-1,-1,-2,-1,0,1,0,1,0,-1,-1,-1,-2,2,0,0,0,0,1,1,-1,1,1,1, , , , , ,3,1, , , ,1, , ,-2,1,1,1,0,-1,-2,1992,4, , , ,0,-1,-1,1,0,-1,1,1,1,1,1, ,1,0, ,0, ,4,4,0,2,49090,1,2,1,1.35148012740673,-.433609689860786,-.193632582693996,-.490008351766528,-.998401637408776,.065277048929383,-.0514001090266843,1.63949972685339,.109220199654769,3,2
50,1,1,0, ,0,1,0,1,0, ,1,1, , , , , , ,5,1,-2,1,1,1,0,0,0,0,0, ,0,1,0,0,0, ,2,-2,1,-1,Sommer,0,0,1,0,0,0,0,0,0,0,0,0,0,0,0,0,0,0,1,0,1,0,1,0,0,0,0,1,0, ,1,7,weniger Kalorien als Fanta. Ernährungsbewusster,"Fanta, Sinalco, Kastell-Limo, Orangina, frizz, Star",1,1,1,0,1,0,0,0,1,1,0,1,1,0,1,0,1,1,0,0,1,0,1, ,1, ,1.2,1.2,1.2, , , ,1,1,1,7,1,9,2,2.5,2,.5, , , , ,1,-2,-2,-2,1,1,-2,0,1,0,1,1,0,-2,2,2,0,0,0,0,-2,1,1,1,1,1,1,1,1,-1,0,1,1,1,8,9,5,10,9,10,5,5,5,6,7,1,3,9,5,9,7,1,8,6,5,6,3,1,7,7,5,7,7,1,1,5,5,9,5,1,5,10,5,10,6,0,0,0,0,2, ,2, , , , ,1,1,1,-2,1, , , , , ,1,-2,-2,-2,-1,0,-2,2,2,2,2,2,2,2,-2,-2,-2,1, , , , , , , ,1,1,1, , , , , ,3,1, , , ,1, , ,-2,1,-1,2,-1,-2,-2,1993, ,Abgeschlossene Berufsausbildung, , ,0,-2,0,-1,1,-1,-2,1,0,0,1, ,1,0, ,0, ,4,4,0,1,49090,3,2,1,-.0706062793064942,.628571919733785,.534499272697435,-1.13710582424334,-.225743486105624,-1.52037049567103,.609795272177897,.672617583325092,-.100457803006265,1,1
51,1,1,0, ,0,1,0,1,0, ,3,1, , , , ,1, ,5,1,-2,0,1,0,0,0,1,0,1, ,0,1,1,0,0, ,-1,-1,1,1,süß,0,0,0,0,1,0,0,0,0,0,0,0,0,0,0,0,1,1,0,0,1,0,0,0,0,0,0,0,0, ,1,5,"Ich kenne das Produkt noch nicht, das Design sagt mir aber zu","Fanta, Pepsi, Sinalco, Deit, Gerry, Fritzz,",1,1,1,0,0,0,0,0,1,1,0,1,0,1,1,0,1,1,0,0,1,1,0, ,9, ,.5,.6,.7, , , ,1,6,1,4,1,7,.5,.75,.65,.4, , , , ,0,-2,0,-1,1,1,-1,0,0,0,0,1,1, ,1,1,1,-1,0,0,0,0,0,1,0,1,1,1,1,-2,1,0,1,4,5,6,7,7,8,8,5,3,3,2,4,2,4,7,6,7,6,2,6,3,3,5,2,0,2,5,5,5,6,0,0,2,2,4,2,2,4,4,3,6,4,0,2,0,0,1,1,2, , , , ,-1,1,1,-1,1, , , , , ,-1,-1,0,0,-1,-2,-2,1,0,0,1,1,0,0,-1,-1,0,1, , , , , , , ,4,1, , , ,1, , ,5,1, ,1, , , , ,-2,1,0,0,1,-1,1,1992,4, , , ,0,-1,-1,0, ,0,1,0,0,0,4, ,3,0, ,0, ,2,2,0,1,46569,3,2,1, , , , , , , , , , , 
52,1,0,0, , , , , , , ,1,2, , , , , , ,3,2,-2,1,0,0,0,0,0,0,0,gar nicht,0,1,0,0,0, ,2,-2,0,-2,Fanta Korn,0,0,0,0,0,0,0,0,0,0,0,1,0,0,0,0,0,0,0,0,0,0,0,0,1,0,0,0,0, ,2,0,"Ich kann mir keine Situation vorstellen in der ich einem Freund eine Limo empfehlen sollte, demnach finde ich die Fragestellung hinfällig und würde auch keine empfehlen.","Fanta, Fritz, Vion(eben gesehen), Vilsa",1,0,1,0,0,0,1,0,1,1,1,1,1,1,1,0,1,1,0,1,1,0,0, , , , , , ,1,1,1,2,1,2,1,2,1, , , , ,.8,1,.9,1.2,1,-2,-1,-2,0,-2,-2,-2,-1,0,0,1,0,0,2,1,1,-2,-1,0,-2,1,2,2,-1,1,-1,-2,-2,0,1,1,0, ,6,8, , , ,10,1,0, , , , , ,4, , , ,10, , , , , ,0, ,5, , , ,0, ,0, , , ,0, ,5, , , , , , , , , , ,2,-2,-1,0, , , , , ,-1,1, ,-1, ,-2,-2,1,0,-1,-2,-2,-2,-2,1,-1,2,-2,0,-1,-2,-2,2,-1, ,-1,-1,-1, ,0,4,2, , , ,2, , ,4,1, , ,1, , , ,2,1,2, ,0,1,-1,1995,4, ,3, ,-1,1,0,1,0,0,1,-1,-2,1,4, ,2, , ,0, ,3,3,0,1,28357,0,1,1,-.226721127665265,-.715855949205132,1.04260730381272,-.493545092844882,-.99046441618272,-.400748341634551,.899677652985012,.979544686658044,-1.65054307962731,3,2
53,1,1,0, ,0,0,0,1,1, ,3,2, , , , ,1, ,2,2,-2,2,1,0,0,0,0,0,0, ,0,1,1,0,0, ,-2,-2,2,-1,"Zitrone, Spritzigkeit, Erfrischung",0,1,0,0,0,0,0,0,0,0,0,0,0,0,1,1,0,0,0,0,1,0,1,0,1,0,1,0,0, ,2,8,Ich mag Fanta einfach sehr gerne.,"Fanta, Cola, Sprite",1,0,0,0,0,0,0,0,0,1,1,0,0,0,1,0,0,0,0,0,0,0,0, ,1, , , , ,5,5,6,2,10,2,1,2,1, , , , ,.8,1,.9,.5,1,-2,2,-1,-2,2,-2,-2,-1,-2,0,1,0,-1,0,1,1,-1,-2,-1,1,2,1,2,1,2,2,0,1,-1,0,1,1, ,9, , , , , ,7, , , , , ,3, , , , , ,8, , , , , ,8, , , , , ,2, , , , , ,5, , , , , , , , , , , ,1,-1,1,-1, , , , , ,1,1,-1,-1,-1,2,-2,0,-1,-1,-1,-2,1,0,-1,-1,-1,1,-2,-1,-2,-2,2,0,0,0,1,1,1,-2,6,1, , , , , ,1,5,1, ,1, , , , ,-2,0,1,0,2,1,1,1988,5, ,3, ,1,0,0,-1,0,-1,0,1,1,2,1, ,1,1,"darf nicht zu viel Salz essen, Bluthochdruck",0, ,5,5,0,1,48607,2,1,1,1.17228589880253,-1.58518491182177,.428024544209959,-1.32958408338435,-1.15757131032325,1.81505206528246,.872749996181239,.507299617534989,.158204456683968,1,1
54,1,1,0, ,0,1,0,1,0, ,2,2, , , , ,2, ,2,2,-2,2,0,0,0,0,0,0,0,ich greife automatisch nach Fanta,0,1,0,0,0, ,1,-1,1,-1,Fanta-Korn Jägermeister-Fanta,0,0,0,0,0,0,0,0,0,0,0,1,0,0,0,0,0,0,0,0,1,0,1,0,0,0,0,1,0, ,2,8,"wenn man Fanta trinkt ohne diese mit Alkohol zu mischen, schmeckt diese aus der Glasflasche am besten",Fanta SinalcoFritz Gerry,1,1,1,0,0,0,0,0,1,1,0,1,1,1,1,0,1,1,0,0,0,0,1, ,1, , , , ,6,6,1,2,10,2,10,2,2, , , , ,1,1.5,1.2,.2,2,-1,2,-1,0,2,2,-1,0,-1,0,1,1,0,-1,-1,0,-1,-2,-1,1,0,0,2,0,2,2,-2,-2,0,1,1,1,2,8,10,6,7,7,10,2,0,2,0,0,0,2,7,5,9,2,1,5,7,2,2,2,1,8,10,3,8,7,1,2,3,3,5,2,1,4,6,4,8,3, , , , , , , ,-1,1,2,1, , , , , ,1,-1,-1,-1,-1,2,-2,1,-2,-1,-1,-1,-1,0,-1,0,0,-1,-1,-1,-1,-2,2,-1,-1,0,-1,1,-1,-1,2,1, ,1, , , , ,5,1, ,1, , , , ,-1,0,0,0,1,-1,-2,1994,4, ,3, ,1,0,-1,0,-1,0,0,1,0,0,4, ,2,0, ,0, ,3,3,0,1,41564,5,1,1,.153394320973248,-.316909996327005,-1.1334830753307,-1.06328308597066,-.114127074132953,1.9165621884378,.929570467207356,-.862593725083931,.494796016878906,1,1
55,1,1,0, ,0,1,0,1,1, ,3,1, ,1, , , , ,1,2,-1,2,0,0,0,0,1,0,1, ,0,1,0,0,1, ,0,1,-1,1,Fanta,1,0,0,0,0,0,0,0,0,0,0,0,0,0,0,0,1,1,0,0,1,0,0,0,0,0,1,0,0, ,1,7,"Ich persönlich trinke die Fritz-Limo sehr gerne, weil sie sehr gut schmeckt","Fanta, Fritz-Limo",1,0,1,0,0,0,0,0,0,1,1,1,0,1,1,0,1,1,0,1,1,0,0, ,3, ,1,1.2,.5, , , ,1,8,1,8,1,3,.8,1.5,1,.5, , , , ,-2,-2,0,0,1,0,-1,-1,-1,-1,0,1,1,0,0,1,1,-1,-2,-2,-2,-1,1,1,0,1,1,2,2,-1,1,1,2,4,9,7,3,3,2,10,4,2,4,1,5,2,3,5,5,8,5,3,7,7,3,3,4,0,8,9,6,0,0,0,3,4,5,5,4,1,4,5,6,8,7,2,-2,0,2,-2,0,2, , , , ,-2,1,-2,-1,-2, , , , , ,-1,-1,0,1,-1,-1,-2,-2,2,0,1,2,-1,-1,-1,-1, ,1, , , , , , , ,5,2, , , , ,2, ,4,2, , ,2, , , ,0,1,1,2,0,-1,2,1992,4, ,3, ,1,-1,-1,1,1,1,0,2,0,1,1, ,1,0, ,0, ,2,2,0,1,33790,1,1,1,1.03794249872589,-.802862743325671,.528445761554177,.845750063690573,-.497986288750069,-1.16793991503446,.0335807396319217,-2.38578719400129,-.0945599942428519,4,3
56,1,1,0, ,0,1,0,0,0, ,3,2, , , , ,1, ,5,1,-1,1,1,0,0,0,0,0,1, ,0,1,0,0,0,im Sommer draußen in einem Cafe,1,0,1,1,Kindheit - ich habe mir immer so einen Limonadebaum von Pippi Langstrumpf gewünscht und mir ähnliches im Garten gebaut,0,0,0,0,0,0,0,0,0,0,0,0,0,1,0,0,0,1,1,1,0,0,0,0,1,0,0,1,0, ,2,6,"das ist die gägnige Fanta, die jeder kennt und aus dem Grund ist es nichts besonderes und ich würde sie nicht weiterempfehlen, auch wenn ich sie gern mag","Fanta von Coca Cola, Fritz-Limo, BioVio, Deit, Limonaid, Schweppes",1,0,1,0,0,0,1,0,1,1,1,1,1,0,1,0,1,1,0,0,1,0,1, ,3, , , , ,2,4,4,2,9,2,9,2,9, , , , ,.8,1,.9,.5,1,-1,1,0,1,0,1,1,1,1,1,1,1,0,2,1,2,0,0,1,1,1,2,2,0,0,1,0,2,0,0,2,1,3,4,6,5,7,8,10,5,4,3,4,3,2,3,5,5,5,6,3,7,8,4,7,4,3,5,6,5,7,7,3,3,4,4,5,5,0,1,9,9,4,8, , , , , , , ,1,1,0,0, , , , , ,1,-1,-1,-1,-1,0,0,0,1,0,1,0,0,1,1,2,1,0,1,-1,1,0,2,1,1,0,1,1,0,0,5,2, , , , ,2, ,5,2, ,2, , , , ,0,1,-1,0,1,-1,1,1996,4, ,3, ,1,0,0,1,1,0,0,0,0,1,5, ,3,1,Sorbit und Fructose,0, ,4,4,0,1,49413,4,2,1,.320820062130833,.860222210749949,1.27078116282319,.0901789777691872,1.16583059676805,.415922557423662,-.179480325096912,.584688587867688,1.448423277713,4,3
57,1,0,0, , , , , , , ,1,1, , , , , , ,4,2,-1,2,0,0,0,0,0,0,1, ,0,1,0,0,0, ,2,-2,0,0,Fanta,1,0,0,0,0,0,0,0,0,0,0,0,0,0,0,1,0,1,0,0,1,0,1,0,0,0,0,0,0, ,1,4,ich weiß nicht wie sie schmeckt,FantaFrizCarolinen,1,0,1,0,0,0,0,0,0,1,1,1,0,1,1,0,0,1,0,0,1,0,0, , , ,1,1.1,1.2, , , ,1,6,1,6,1,8,.65,1.2,.9,.25, , , , ,-1,-2,-2,-2,-1,1,1,-1,0,-2,0,1,0,0,2,2,2,-2,-1,1,1,0,0,1, , , , , , , , , ,4,5,6,4,6,3,7,3,1,4,4,6,1,2,7,2,5,4,2,8,5,4,5,2,4,3,8,2,6,1,0,1,4,3,6,3,1,2,6,3,5,4,0,1,1,1,1,1,1, , , , ,-1,1,1,1,1, , , , , ,0,0,0,1,-1,0,0,-2,1,1,1,2,-2,-2,-1,-1,1,1, , , , , , , ,3,1, , ,1, , , ,6,2,2, , , , , ,-2,0,-1,0,2,-1,0,1993,4, ,3, ,1,0,0,0, ,0,0,0,0,1,1, ,1,0, ,0, ,4,4,0,1,49152,0,2,1, , , , , , , , , , , 
58,1,1,0, ,0,1,0,0,1, ,5,1, ,3, , , , ,5,2,-2,-2,1,0,0,0,0,0,0, ,1,1,0,0,1, ,0,0,2,2,Fanta,1,0,0,0,0,0,0,0,0,0,0,0,0,0,0,0,0,0,0,0,1,0,1,1,1,0,1,0,0, ,1,5,Das Design,"Fanta, Fritz-Limo, Sinalco",1,1,1,0,0,0,0,0,0,1,1,0,1,0,1,0,0,1,0,0,1,0,0, ,1, ,1,.6,.1, , , ,1,10,1,8,1,1,1.2,1.5,1.4,.6, , , , ,2,-1,2,-2,-2,2,-2,-2,-2,-2,0,1,0,2,-1,-1,0,-2,2,-2,2,1,1,1,1,0,1,-1,-1,1,0,1,0,6,6,3,2,1,1,6,5,3,3,3,4,3,0,8,5,5,5,1,2,2,5,3,3,1,7,8,6,7,9,7,0,9,9,10,10,7,0,8,4,10,7,0,2,2,-2,0,2,1, , , , ,-2,1,-2,-2,1, , , , , ,2,0,0,1,-1,1,-1,-1,0,-1,-1,0,-1,1,-2,1,-2,1, , , , , , , ,6,1, , , , , ,1,3,1, , , ,1, , ,-2,0,2,1,0,2,2,1993,4, , , ,1,0,0,1,1,0,-1,-1,0,0,1, ,1,0, ,0, ,5,5,0,1,49479,0,1,1,-.671119817310763,-1.75088527530567,-1.18530440330403,.324452434964139,.504197283537128,2.31820971085205,1.26742251770219,-.711191653800101,.114707397783657,3,2
59,1,1,0, ,0,1,0,1,0, ,2,1, , , , ,.5, ,5,1, ,2,1,0,0,0,0,0,1, ,0,1,0,0,1, ,-2,0,1,2,Früchte,0,0,0,0,0,0,0,0,0,0,0,0,0,0,1,1,0,1,0,0,1,1,0,0,1,0,0,0,0, ,1,5,Ettikett,"Fanta,Sinalco,Freeway,Fritz-Limo,Vio-Limo",1,1,1,0,0,0,1,0,0,1,1,0,1,1,1,0,1,1,0,0,1,0,1, ,1, ,1.5,1.5,1.5, , , ,1,9,1,6,1,8,.8,2,1.5,.4, , , , ,0,-1,2,-1,0,1,0,1,-1,-1,0,1,1,1,-1,0,0,-1,-2,0,0,0,-2,1,0,0,1,1,1,2,1,1,-1,6,7,8,8,9,9,10,4,3,3,4,4,3,4,6,6,8,8,2,2,3,1,3,1,3,5,5,5,6,4,1,1,4,5,6,4,3,3,5,6,6,3,1,0,0,-1,0,1,1, , , , ,1,1,-1,-1,1, , , , , ,1,0,1,0,-2,-2,0,-1,0,0,0,1,-1,0,0,-2,-2,1, , , , , , , ,3,1, , ,1, , , ,6,3,3, , , , , ,0,0,1,-1,1,0,1,1994,4, ,3, ,0,-1,0,0,0,0,-1,0,-1,0,1, ,1,0, ,0, ,7,7,0,2,34439,3,1,1, , , , , , , , , , , 
60,1,1,0, ,1,1,0,1,1, ,3,1, , , , ,3, ,4,1,-1,1,1,1,0,0,0,0,0, ,0,1,1,0,0, ,1,-1,0,-1,Mischgetränke mit Alkohol,0,0,0,0,0,0,0,0,0,0,0,1,0,0,0,0,0,0,1,0,1,0,1,0,0,0,0,0,0, ,1,3,"ich trinke i.d.R. wenig Limo deswegen ist es ziemlich unwarscheinlich das ich im Gespräch auf das Thema kommen würde, geschweige denn Produktempfehlungen mache.",FantaFritzja,1,0,1,0,0,0,0,1,0,1,1,0,1,1,1,0,1,1,0,0,1,0,1, ,5, ,1,1,1.2, , , ,1,7,1,8,1,8,.7,1.2,1.1,.2, , , , ,1,-2,0,-1,0,0,-1,-1,0,0,0,1,0,1,0,0,0,-2,-1,-1,0,-1,0,1,1,2,1,2,2,0,1,1,1,2,3,4,5,7,7,10,3,2,5,1,5,0,0,3,1,7,2,2,4,4,2,6,3,1,3,5,0,6,2,0,0,0,0,1,0,0,0,3,0,2,0,0,1,1,1,0,2,1, , , , ,-1,1,1,1,1, , , , , ,0,0,-2,0,-1,-1,-2,-1,-1,-1,-1,0,-1,-2,-2,-2,0,1, , , , , , , ,6,2, , , , , ,2,2,1, , , , ,1, ,-1,0,0,1,1,-1,1,1994,6, ,3, ,0,-2,1,1,1,0,-2,0,-1,1,1, ,1,0, ,0, ,6,6,0,2,49090,5,1,1,-.573118090473669,-.0399195292442796,-.570634713568974,.202082119667921,-.889332606501292,.368499799478028,-.259691035818754,-1.26329640640562,-.134663013877985,1,1
61,0,0,1,"trinke ich nicht gerne, weil es zu süß und ungesund ist", , , , , , , ,2, , , , , , , , , , , , , , , , , , , , , , , , , , , , ,viel Zucker,0,0,0,0,0,0,0,0,1,0,0,0,0,0,0,0,0,0,1,0,1,0,0,1,0,0,0,0,0,Ungesund,2,4,"weil ich die selbst nicht kaufen würde, würde ich sie auch nicht weiter empfehlen","Fanta, vio Limo, Sinalco",1,1,0,0,0,0,1,0,0,1,0,0,0,0,1,0,0,0,0,0,1,0,0, , , , , , ,5,4,4,2,5,2,5,2,5, , , , ,.8,2,1.5,.6, , , , , , , , , , , , , , , , , , , , , , , ,2,-1,1,1,1,1,0,2,0,0,4,4,4,4,4,4,5,5,5,5,5,5,2,2,2,2,3,2,5,6,5,5,5,5,4,7,5,4,7,5,2,2,2,2,2,2,5,5,5,5,5,5, , , , , , , ,1,-2,0,1, , , , , ,-1,-1,1,-1,-1, , , , , , , , , , , , , , , , , ,2,1,0,1,0,1,1,-1,5,1, , , , ,1, ,1,1, , , , , ,1,-2,0,-1,2,-1,2,2,1993,6, ,3, ,0,-1,0,1,-1,0,0,0,0,0,3, ,1,0, ,4,Kohlenhydratarm,3,3,0,1,41334,0,2,1, , , , , , , , , , , 
62,1,1,0, ,0,1,0,0,0, ,3,1, , , , ,1, ,2,1,-1,1,1,1,0,0,1,0,1, ,0,1,0,0,0, ,0,0,1,1,"An Fanta, Sommer, Feiern, Korn",1,0,1,0,0,0,0,0,0,0,1,1,0,0,0,1,0,0,0,0,0,0,1,1,1,0,1,0,0, ,1,1,"Schmeckt mir nicht, Unpraktische Glasflasche","Fanta, Fritz, Gut und günstig, wella",1,0,1,0,0,0,0,1,1,1,1,1,1,1,1,0,0,1,0,0,1,0,0, ,1, ,1.5,1,.7, , , ,1,10,1,4,1,1,1,2,1.5,.5, , , , ,1,-1,1,-1,-1,2,-1,-1,0,-1,-1,2,1,0,0,-1,0,-1,-2,-2,0,0,0,1,-1,0,1,2,0,-1,0,1,0,6,9,8,5,4,3,10,3,4,8,3,9,3,5,7,3,10,3,5,4,5,5,6,3,3,8,5,3,6,2,0,3,2,2,8,2,3,5,7,2,10,3,2,0,0,2,2,2,2, , , , ,-1,-1,-1,-1,1, , , , , ,2,-1,0,-2,-1,1,0,-1,1,-1,0,0,-1,0,-1,-1,-2,1, , , , , , , ,2,1, ,1, , , , ,5,1, ,1, , , , ,-1,0,-1,0,0,-1,1,1993,4, ,3, ,0,-1,0,1,0,0,-1,0,-1,0,3, ,1,0, ,0, ,5,5,0,1,21720,0,2,1,-.616077520985541,-.946484674290449,-.863764598238819,-.000189984180290017,1.37300773700196,.528558182360518,.312033522702178,-1.42777028426999,.0675292905132058,4,3
63,1,1,0, ,0,0,0,1,0, ,3,1, ,.5, , , , ,2,1,-2,1,1,0,0,0,1,0,0, ,0,1,0,0,0, ,-2,-2,1,-2,Fanta,1,0,0,0,0,0,0,0,0,0,0,0,0,0,0,0,0,0,0,0,1,0,1,0,1,0,0,0,0, ,1,2,Ich empfehle nur sehr selten eine Limonade an Freunde,"Fanta, Mirinda, Fritz, River",1,0,1,1,0,0,0,0,0,1,1,0,0,1,1,0,1,1,0,0,0,0,0, ,1, ,1.5,1.5,.5, , , ,1,9,1,9,1,1,1.5,2.5,2,.5, , , , ,1,-2,1,-2,-1,2,-1,-1,1,1,1,1,1,0,-1,-1,0,-1,-2,1,-1,0,-1,1,0,1,1,2,2,1,0,1,0,1,5,8,3,1,1,8,1,2,1,0,2,0,1,4,1,6,2,2,8,7,3,7,0,1,6,9,1,5,6,2,0,6,3,8,4,5,5,5,5,7,6,2,0,1,-2,0,1,1, , , , ,-2,1,-1,-2,1, , , , , ,2,-2,0,-2,-2,-1,-2,-2,1,-1,1,1,-2,-1,-1,-2,-2,1, , , , , , , ,2,1, ,1, , , , ,6,1,1, , , , , ,-1,0,2,1,2,-1,-1,1994,4, ,3, ,0,-1,1,-1,-1,-1,0,0,0,0,1, ,1,0, ,0, ,4,4,0,1,59302,6,1,1,.032504036288295,.923970085184072,-1.64743315985092,-1.90525243951083,-1.02656155427717,.277880353629397,.677583734084511,.451529374548656,-.230980952405381,1,1
64,1,0,0, , , , , , , ,4,1, , , , , , ,2,1,-1,2,1,0,0,0,0,0,1, ,0,1,1,0,0, ,0,0,2,1,"süß, kalorienreich",0,0,0,0,1,0,0,0,0,0,0,0,0,0,1,0,1,0,0,0,1,0,1,0,0,0,0,0,0, ,1,5,"hab ich selbst noch nicht getrunken, spricht mich vom Design eher nicht an","Fanta, Carolinen",1,0,0,0,0,0,0,0,1,1,0,0,0,0,1,0,0,0,0,0,1,0,1,Carolinen Vital Orange, , ,1.5,1.5,1.5, , , ,1,8,1,7,1,7,1,1.5,1.3,.5, , , , ,2,-1,0,0,-1,1,0,-1,0,-1,0,1,-1,1,0,2,0,1,-1,2,0,1,0,1,0,0,1,1,0,-1,0,1,0,8,9,8,6,7,7,9,7,7,4,5,6,2,1,2,2,5,2,5,6,7,5,8,5,7,8,5,4,7,6,3,3,4,3,6,3,3,3,3,3,5,3,-2,2,2,1,2,2,2, , , , ,-1,1,1,-2,1, , , , , ,1,0,0,-1,-1,-1,-2,-1,1,1,1,1,1,0,0,-1,0,1, , , , , , , ,1,1,1, , , , , ,5,1, ,1, , , , ,-1,0,-1,0,0,-1,0,1993,4, ,3, ,0,-1,0,1,0,0,-1,0,-1,0,4, ,2,0, ,0, ,4,4,0,2,49205,0,2,1,-.670134346606902,-.715047986921264,.332533656992085,-.355316373664041,-.590982156375127,.128409866570205,-.532288982873568,1.56619681046111,1.6286489723609,4,3
65,1,0,0, , , , , , , ,2,2, , , , , , ,5,2,-2,0,1,1,0,0,0,0,1, ,0,1,0,0,0, ,2,-1,-2,1,Fanta,1,0,0,0,0,0,0,0,0,0,0,0,0,0,0,0,0,0,1,0,1,0,1,0,0,0,0,0,0,ungesund,2,3,ungesund,"Fanta, ja!, Gerolsteiner",1,0,0,0,0,0,0,1,1,1,1,0,0,0,1,0,0,1,0,0,1,0,0, , , , , , ,2,6,2,2,3,2,8,2,2, , , , ,1,1.6,1.5,.7,0,-2,-2,-1,0,1,1,0,0,-1,1,1,1,1,1,-1,0,-2,-2,0,0,1,2,2,-1,2,2,-2,2,1,1,1,1,3,6,8,7,6,2,9,3,3,2,2,8,1,2,8,7,8,1,2,7,4,3,4,3,1,7,9,5,3,2,0,2,3,5,3,1,2,1,6,8,9,2, , , , , , , ,1,2,0,0, , , , , ,1,1,-1,-1,-1,0,-1,0,-1,0,0,-1,1,0,1,-1,1,-1,0,-1,-1,-1,2,1,1,1,1,1,0,1,4,2, , , ,2, , ,2,1, , , , ,1, ,-1,0,-1,1,0,-1,2,1995,4, ,3, ,0,-1,0,2,1,1,0,0,0,0,4, ,2,0, ,0, ,5,5,0,1,59510,0,2,1,.289872729341232,-.0634319703390552,-1.00673175962038,1.16116952739628,-.0427157563338599,-1.45852111267527,1.21265587395251,.461188284197692,-.365912983655224,3,2
66,0,0,1,Viel Zucker und Kalorienreich, , , , , , , ,1, , , , , , , , , , , , , , , , , , , , , , , , , , , , ,Sommer,0,0,1,0,0,0,0,0,0,0,0,0,0,0,0,1,0,0,1,1,0,0,1,1,0,0,0,0,0, ,1,6,Ansprechendes Design aber auch teuer...,"Fanta, Fritz Limo, Capri Sonne?",1,0,1,0,0,0,0,0,1,1,1,1,0,0,1,0,1,1,0,0,0,0,0, , , ,.6,.75,.8, , , ,1,8,1,6,1,2,1,2,1.5,.5, , , , , , , , , , , , , , , , , , , , , , , , , , , ,1,0,1,0,1,0,-1,1,1,0,3,7,8,5,6,9,9,5,2,5,0,0,3,3,6,5,8,5,5,6,5,5,3,6,1,7,9,5,7,10,1,2,3,5,8,4,5,5,6,5,5,6,2,0,-2,2,2,2,2, , , , ,1,1,1,-2,-1, , , , , , , , , , , , , , , , , , , , , , ,1, , , , , , , ,5,1, , , , ,1, ,4,2, , ,2, , , ,-2,0,-1,-1,2,-1,2,1995,4, ,3, ,1,-2,0,0,-2,-1,0,0,0,1,4, ,2,0, ,0, ,3,3,0,1,32278,5,2,1, , , , , , , , , , , 
67,1,1,0, ,1,1,0,1,1, ,2,1,1, , , , , ,2,2,0,0,1,1,0,0,1,0,0, ,0,1,1,0,1, ,0,0,2,-1,Fanta,1,0,0,0,0,0,0,0,0,0,0,0,0,0,0,1,0,0,1,0,1,0,1,1,0,0,0,0,0, ,1,4,Geschmack ungewiss,"Fanta, Emsland Sonne, Freeway, River,",1,0,0,0,0,0,0,1,1,1,1,1,0,0,1,0,1,0,0,0,1,0,0,Emsland Sonne,1, ,1,.5,.5, , , ,1,7,1,5,1,4,.5,1,.75,.5, , , , ,1,-1,0,-1,-1,1,-1,0,1,-1,0,1,0,-1,0,0,0,-1,-2,-1,0,1,-1,1,1,1,1,0,2,0,1,0,1,0,6,4,3,4,1,9,5,2,5,3,1,2,5,5,5,4,2,3,6,6,6,6,3,4,5,6,5,3,5,1,5,5,5,2,1,0,4,4,4,4,2,2,2,0,2,2,1,1, , , , ,1,1,1,-2,1, , , , , ,1,0,0,0,1,-1,-2,-2,-1,-1,1,0,-2,0,-1,0,-2,1, , , , , , , ,1,1,1, , , , , ,5,1, ,1, , , , ,-1,0,-1,0,1,-1,2,1994,4, ,3, ,0,-1,-1,0,-1,0,1,1,0,1,1, ,1,0, ,0, ,4,4,0,1,48477,0,1,1,.921547052009943,-.210754330838827,-.395570178966354,-1.03543190285202,-.561293117638209,.292989629934322,-.423329066998734,.261329137289078,-.0760099890024224,3,2
68,1,0,0, , , , , , , ,1,2, , , , , , ,2,1,-2,1,1,0,0,0,0,0,0, ,0,1,0,0,0, ,2,-2,-1,0,Orangen,0,0,0,0,0,0,0,0,0,0,0,0,0,0,1,0,0,0,0,0,1,0,0,0,0,0,0,0,0, ,2,3,Ich trinke selbst sehr selten Fanta und empfehle diese daher nicht weiter.,FantaVio BioFritz Mirinda,1,0,0,1,0,0,1,0,0,1,1,1,1,1,1,1,1,1,0,1,1,0,1, , , , , , ,4,6,6,2,1,2,10,2,5, , , , ,.75,1.1,.99,.5,0,-2,-2,0,0,1,1,-1,1,-1,2,2,2,-1,0,2,2,-2,-2,-2,2,-2,0,2,-2,0,0,-2,0,1,0,0,-2,3,3,6,5,6,5,1,5,7,5,7,5,0,1,7,5,7,5,3,5,10,5,5,5,1,1,10,5,7,5,0,0,5,5,9,5,0,5,5,5,5,5, , , , , , , ,1,2,-2,0, , , , , ,1,1, ,-1,1,0,-1,0,-1,1,-2,-2,0,-2,-1,2,-1,0,2,-2,0,-2,2,0,0,-1,1,0,2,-1,5,2, , , , ,2, ,5,2, ,2, , , , ,-2,1,2,0,2,-1,0,1994,4, ,3, ,1,-1,1,1,1,2,0,0,-1,1,1, ,1,0, ,0, ,3,3,0,1,49453,0,1,1,.0173012126685242,.49376419377791,.616560706549182,1.04599623517897,-1.73495507417476,-.278067393209183,-.186567574074684,-2.295872059568,.557738025543317,4,3
69,1,1,0, ,1,1,0,0,1, ,2,2, ,1, , ,1, ,4,0,-1,1,1,0,0,0,0,0,0, ,0,1,0,0,0, ,-1,1,0,-1,Sommer,0,0,1,0,0,0,0,0,0,0,0,0,0,0,0,1,0,1,1,0,0,0,0,1,0,0,0,0,0, ,2,6,Schmeckt gut aus Glasflaschen,Fanta Emsland Sonne Orangina,1,0,0,0,1,0,0,0,1,1,0,0,0,0,1,0,1,0,0,1,0,0,0, ,1, , , , ,4,4,4,2,8,2,5,2,3, , , , ,.7,1,.9,.5,0,-2,1,-2,-1,1,-1,-1,-1,-2,0,1,0,0,0,0,1,0,-1,-2,0,-1,-1,2,1,1,2,-2,0,-1,0,1,0,2,4,8,5,8,9,10,3,1,2,1,1,1,4,7,5,7,4,1,7,6,4,3,4,1,8,9,6,7,7,1,2,3,3,3,2,3,5,6,4,8,4, , , , , , , ,-1,0,1,0, , , , , ,1,2, ,-1,-1,0,-1,0,0,-1,1,0,0,1,-1,1,0,-1,0,1,-1,-1,2,0,1,1,1,0,0,-2,3,1, , ,1, , , ,4,1, , ,1, , , ,-1,-1,-1,-1,1,1,1,1995,4, ,3, ,0,-1,0,0,-1,0,1,1,1,1,1, ,1,0, ,0, ,6,6,0,1,49832,5,1,1,1.32808051832262,-1.26815415847471,-.141596578305787,-.49452172057219,.698485627611656,.0338919880750144,-.371006976507071,-2.24877300958136,.882990895092487,4,3
70,1,1,0, ,1,1,0,1,1, ,3,1, , ,1, ,1, ,5,2,-1,0,1,0,0,0,1,0,1, ,0,1,1,0,0, ,2,0,1,1,Fanta,1,0,0,0,0,0,0,0,0,0,0,0,0,0,0,0,0,1,1,0,0,0,1,1,0,0,0,1,0, ,1,7,Nicht so süß,"Fanta, Gut und Günstig, Fritz Limo, Sinalco",1,1,1,0,0,0,0,1,0,1,1,0,0,1,1,0,0,1,0,0,0,0,0, ,1, ,1,1.2,1.2, , , ,1,9,1,9,1,7,1,2.5,1.8,.6, , , , ,1,-2,0,-1,1,1,-1,1,0,0,1,1,1,0,1,0,0,0,-1,1,1,1,1,1,1,2,2,2,2,0,1,1,1,2,7,8,7,7,5,9,5,4,5,4,6,3,3,6,6,5,3,5,8,8,7,6,5,4,6,7,7,7,6,2,3,5,5,6,3,2,5,8,7,5,5,0,1,0,0,-1,2,1, , , , ,-1,-1,-1,-2,1, , , , , ,1,-2,1,0,-1,1,0,1,1,1,0,0,0,-1,-2,-1,0,1, , , , , , , ,4,1, , , ,1, , ,1,2, , , , , ,2,0,1,1,1,1,-1,-2,1997,3, ,3, ,1,-1,0,1,1,0,0,2,0,1,1, ,1,0, ,0, ,5,5,0,1,48346,0,1,1,1.07429650489933,.389088456456898,-.340210774697009,.396207076466992,.699004480433422,-.297735765251794,.546068648456191,.468111939869605,1.71861512062294,4,3
71,1,1,0, ,1,0,0,1,0, ,1,2, , , , ,1, ,2,1,-2,1,1,0,0,0,0,0,1, ,0,1,0,0,0, ,2,-2,1,-2,Zucker,0,0,0,0,0,0,0,0,1,0,0,0,0,0,0,0,0,0,0,0,1,0,1,0,0,0,0,0,0, ,2,6,Bekannt und bewährt,"Fanta, Vilsa",1,0,0,0,0,0,0,0,0,1,0,1,1,0,1,0,0,1,0,0,0,0,0, ,12,Vilsa, , , ,3,3,3,2,5,2,3,2,6, , , , ,.7,.9,.88,.6,1,-2,1,-1,1,1,-2,-2,0,-2,-1,0,1,-1,2,2,2,-1,-2,0,-1,1,0,2,1,1,1,-2,-1,1,1,1,0,2,5,7,2,6,5,9,2,2,8,2,4,0,0,1,0,7,3,2,2,3,1,3,2,1,3,3,1,5,3,0,0,0,0,2,0,3,3,4,4,5,4, , , , , , , ,1,1,1,0, , , , , ,1,1,1,-1,-1,0,-1, ,1,-1,-1,-2,1,1,2,1,2,2,-1,-1,0,-2,2,0,0,0,0,-1,1,-1,4,1, , , ,1, , ,4,1, , ,1, , , ,-1,1,-2,2,1,-1,0,1995,4, ,3, ,-1,-1,1,2,2,1,-1,0,-1,-1,1, ,1,0, ,0, ,2,2,0,1,26506,0,2,1,-.780103962300837,-1.28999171643655,1.91954636030597,1.32772684526034,-.61478492918443,.63172707431081,.371841410094103,-.0322830723248681,.0259592858421232,3,2
72,1,0,0, , , , , , , ,1,1, , , , , , ,5,2,-2,0,1,0,0,0,0,0,0, ,0,0,0,0,1, ,2,-1,-1,0,Grillabend mit Freunden,0,0,0,0,0,0,0,0,0,0,1,0,0,0,0,0,0,1,0,0,1,0,0,0,0,0,0,0,0, ,1,3,ich finde Zuckerhaltige getränke nicht gut,Fanta Riva(LIDL) FritzFanta,1,0,1,0,0,0,0,1,0,1,1,0,0,0,1,0,0,1,0,0,1,0,0, , , ,1, , , , , ,1,5,1,4,1,1,.5,1,.8,.1, , , , ,-1,-2,1,-1,0,1,1,1,1,0,1,0,0,0,0,2,1,0,-2,0,0,0,1,1,1,2,1,0,-1,0,2,1,2,4,6,6,5,5,6,10,4,2,9,2,10,0,0,0,0,0,0,4,4,4,4,4,4,3,6,8,4,3,0,0,0,0,0,0,0,2,2,2,2,2,2,0,-1,0,2,0,0,1, , , , ,1,1,1,-1,1, , , , , ,1,0,-2,1,-1,0,-2,-1,-1,-1,-1,-1,-1,-1,-1,-1,-1,1, , , , , , , ,4,1, , , ,1, , ,6,1,1, , , , , ,-1,0,1,1,2,2,2,1994,4, ,3, ,1,-1,2,-1,-1,0,1,1,1,1,1, ,1,0, ,0, ,5,5,0,1,49509,4,1,1,1.20434078784368,.581128286711814,.500488476455936,-1.38607398631398,-.71470636423756,-.152128253507643,.565019720667899,-.546359033569721,1.12991129127961,1,1
73,1,0,0, , , , , , , ,3,2, , , , , , ,5,1,-1,0,1,0,0,0,0,0,1, ,0,1,1,0,0, ,2,-1,1,1,FantaSommerStrohhalm,1,0,1,0,0,0,0,0,0,0,0,0,0,0,0,0,0,0,1,1,1,0,0,1,1,0,0,0,0, ,2,9,Preisman kennt das Produkt,FantaSinalcosonne,1,1,0,0,0,0,0,0,0,1,1,0,1,0,1,0,0,1,0,0,0,0,0, , , , , , ,3,4,2,2,10,2,10,2,10, , , , ,.6,.8,.75,.6,0,-2,-2,-2,0,1,0,0,0,1,1,1,1,1,0,0,0,0,-2,0,0,0,0,2,1,1,1,1,1,0,0,1,0,2,8,9, , , ,10,6,3, , , ,0,5,8, , , ,0,7,10, , , ,0,8,10, , , ,0,0,0, , , ,2,2,2, , , , , , , , , , ,1,-1,0,0, , , , , ,1,-1,1,-2,-1,0,0,1,0,0,1,-1,-1,2,0,0,0,0,1,0,-1,-2,2,-1,-1,-1,0,-1,0,-2,2,1, ,1, , , , ,6,1,1, , , , , ,0,1,0,0,1,0,0,1994,4, , , ,0,1,-1,2,2,0,0,0,0,0,1, ,1,1,Fruchtzuckerunverträglichkeit ( schwach),0, ,7,7,0,1,49401,0,2,1,.304701691917003,.538673120958417,-1.13233254872197,1.33726859258219,.397581500393905,-2.0116676139757,.272297816793186,-.197957445081995,1.18096898592488,4,3
74,1,0,0, , , , , , , ,5,2, , , , , , ,5,2,-1,1,1,1,0,0,0,0,0, ,1,1,1,1,1, ,-1,0,1,0,süß,0,0,0,0,1,0,0,0,0,0,0,0,0,0,0,1,0,1,0,0,0,1,1,0,0,0,0,0,0, ,2,7,schmeckt gut,emslandsonnemerindafanta,1,0,0,1,0,0,0,0,1,1,0,0,0,1,1,0,0,0,0,0,1,0,0,emslandsonne, , , , , ,4,1,1,2,10,2,2,2,1, , , , ,.2,.35,.3,.15,2,0,1,-1,-1,1,1,0,-1,-2,-1,1,1,0,0,1,1,0,-2,1,0,0,-1,2,1,1,1,0,1,0,1,1,1,5,8,8,4,8,2,7,7,1,9,3,1,4,6,3,7,9,4,4,7,3,4,9,5,2,8,4,6,6,7,3,5,3,3,10,1,1,5,8,8,10,1, , , , , , , ,0,-1,1,1, , , , , ,1,1,-1,1,-1,1,-1,0,1,-1,1,1,-2,1,-2,-1,-2,-2,1,0,-2,-2,2,0,0,1,0,-1,-1,-1,2,1, ,1, , , , ,6,1,1, , , , , ,1,0,0,0,1,1,1,1992,5, ,3, ,1,0,0,0,-1,-1,1,1,1,1,1, ,1,0, ,0, ,6,6,0,1,49134,5,1,1,1.09722005447879,-1.68182639782457,.65613744696036,-1.37543483870028,2.20840251863297,.693266124012586,.358189632876403,.328327816126357,.814476818671734,4,3
75,1,1,0, ,0,1,0,0,0, ,3,1, , , , ,2, ,5,2,0,-2,1,0,0,0,0,0,0, ,0,1,0,0,0, ,1,-2,2,0,Fanta,1,0,0,0,0,0,0,0,0,0,0,0,0,0,0,1,0,0,1,0,1,0,0,1,0,0,1,0,0, ,1,1,Mir schmeckt das Produkt nicht.,"Fanta, Biolimonade,",1,0,0,0,0,0,0,0,0,1,0,1,1,1,1,0,0,1,0,0,0,0,1, ,1, ,1.99,.99,.99, , , ,1,9,1,3,1,1,1.65,2,1.99,.75, , , , ,2,-1,0,-1,-1,2,1,0,-1,0,-1,1,0,1,0,0,1,1,-2,-1,1,1,1,1,1,1,2,-1,1,-1,1,-2,-1,7,9,4,3,7,5,9,6,7,10,5,10,3,3,3,3,7,3,3,5,3,3,6,3,3,8,6,1,7,4,3,6,6,3,8,5,7,7,7,5,8,5,2,-1,-1,2,1,1,1, , , , ,-1,2,-2,-2,1, , , , , ,2,-1,0,-2,-2,2,-2,-2,1,-2,1,-2,-2,1,-2,-2,-2,1, , , , , , , ,4,1, , , ,1, , ,4,1, , ,1, , , ,-1,0,-2,1,1,0,1,1997,6, ,3, ,0,-2,0,2,2,0,0,0,0,1,1, ,1,0, ,0, ,6,6,0,1,49451,0,2,1,.457912849075691,-1.10404756777079,.0256350832179992,1.27343783155864,.749401741045471,.328210247872349,.132887444074596,-.115506696612565,2.04807562563699,4,3
76,1,1,0, ,0,1,0,1,0, ,4,1, , , , ,3, ,5,1,-2,0,1,0,0,0,0,0,1, ,0,1,0,0,0, ,2,-1,0,2,Sommer,0,0,1,0,0,0,0,0,0,0,0,0,0,0,0,1,0,0,1,0,1,0,0,1,1,0,0,0,0, ,1,6,Verpackung und ansprechende Farbe,"Fanta, Orangina, die limo, Sinalco, deit",1,1,0,0,1,0,0,0,1,1,1,1,1,1,1,0,1,1,0,0,1,0,1, ,5, ,.75,.75,.75, , , ,1,8,1,8,1,8,.5,1,.75,.3, , , , ,1,-2,1,1,2,1,0,0,0,-1,2,2,1,1,1,0,1,-2,-1,-2,-2,0,-1,1,1,2,2,2,1,-1,2,0,1,2,6,8,5,6,10,10,8,2,5,2,4,2,2,6,6,4,2,3,8,8,2,4,2,0,2,6,4,6,6,0,0,2,2,2,0,2,2,4,4,2,2,-2,2,0,2,2,2,2, , , , ,-2,2,2, ,2, , , , , ,1,0,-1,1,-2,-1,-2,2,-2,0,0,2,2,2,-2,-2,-2,1, , , , , , , ,1,3,3, , , , , ,4,1, , ,1, , , ,0,1,-1,1,1,-1,1,1996,4, ,3, ,1,0,1,1,0,1,0,1,-1,-1,1, ,1,0, ,0, ,6,6,0,1,27404,0,2,1,-.177039270573515,.459540539995109,.165410878516854,.143447820224132,-.775529304403275,.762455562621685,.548270754267232,-1.56442569863676,-1.30516744181911,4,3
77,1,0,0, , , , , , , ,1,1, , , , , , ,5,0,0,0,1,0,0,0,0,0,0, ,0,1,0,0,0, ,-2,-2,-2,-2,"an eine frisch gepresse Oragne, die mit etwas sprudelwasser verdünnt wird",0,1,0,0,0,0,0,0,0,0,0,0,0,0,0,0,0,0,1,0,1,0,1,1,0,0,0,0,0, ,1,2,kenne den Geschmack der Limo nicht,"Fanta, Orangina, fritz,",1,0,1,0,1,0,0,0,0,1,1,1,0,1,1,0,1,1,0,0,1,0,0, , , ,.2,.15,.15, , , ,1,1,1,1,1,1,.5,.7,0,0, , , , ,-2,-1,-2,-1,-2,1,-2,-1,0,-2,-2,2,-1,0,2,2,2,-1,-2,-2,-2,0,0,1,1,0,0,-2,-1,-1,1,0,0, , , , , , , , , , , , , , , , , , , , , , , , , , , , , , , , , , , , , , , , , , ,0,1,0,1,1,1,0, , , , ,-1,-1,-1,-2,1, , , , , ,-2,-2,-2,-2,-2,-2,-2,1,0,0,1,1,1,1,-2,-2,-2,1, , , , , , , ,3,1, , ,1, , , ,4,1, , ,1, , , ,-2,1,-1,1,-1,0,0,1993,4, ,3, ,-1,0,0,1,-1,0,-1,0,0,0,1, ,1,0, ,0, ,2,2,0,2,48282,0,2,1,-.254885755527039,-2.0993438194676,2.03089769906128,-.49434604588043,-.336983865406497,-2.15051066327949,-1.61732265091516,-.865965513390685,-.886491429107275,2,2
78,1,1,0, ,0,1,0,1,1, ,3,2,1,1, , ,1, ,5,-2,-2,-2,1,0,0,0,0,0,0, ,0,1,1,0,0, ,0,-1,0,1,Zucker,0,0,0,0,0,0,0,0,1,0,0,0,0,0,0,1,0,0,0,0,1,0,1,1,0,0,0,0,0, ,2,3,Nichts besonderes,Fanta,1,0,0,0,0,0,0,0,0,0,0,1,1,0,1,0,0,0,0,0,1,0,1, ,1, , , , ,6,3,1,2,7,2,2,2,1, , , , ,.6,1,.7,.45,0,-2,0,-1,-1,1,-2,-1,-1,-1, ,1,1,0,-2,-2,-2,-2,-2,-2,0,1,-2,2,0,1,1,-2,1,0,1,0,1,0,7,8,0,2,1,10,2,2,8,5,7,0,2,4,1,5,1,1,6,3,2,3,3,0,7,9,1,3,3,0,1,2,0,5,2,0,2,5,0,5,0, , , , , , , ,0,0,0,0, , , , , ,2,-2,-2,-2,-2,1,-1,0,-2,-2,1,-1,0,0,-1,-1,-1,-1,-1,-1,-1,-1,2,1,1,2,0,1,2,-1,3,1, , ,1, , , ,3,1, , , ,1, , ,0,-1,0,0,1,-1,0,1993,4, ,3, ,0,0,0,0,0,0,0,0,0,0,1, ,1,0, ,0, ,2,2,0,2, ,0,1,1, , , , , , , , , , , 
79,1,0,0, , , , , , , ,2,2, , , , , , ,5,2,-2,2,1,0,0,0,0,0,1, ,0,1,1,0,0, ,0,0,1,1,Bionade,0,0,0,0,0,0,0,0,0,0,0,0,0,0,1,1,0,0,1,0,0,1,0,1,0,0,1,0,0, ,2,7,Geschmack,"Fanta, Bionade, Fassbrausen",1,0,0,0,0,1,0,0,1,1,1,1,1,0,1,0,1,0,0,0,1,0,1, , , , , , ,5,5,3,2,7,2,7,2,6, , , , ,1,2,1.8,.7,2,-1,2,0,1,1,0,-1,0,-1,1,1,1,0,1,-1,1,0,1,1,2,0,1,2,0,1,1,-2,-2,-2,0,1,0,1,4,8,9,7,1,9,2,1,2,3,8,1,3,5,8,5,1,1,6,7,6,6,2,1,9,8,8,5,1,1,3,5,8,6,1,1,4,6,6,3,1, , , , , , , ,1,2,1,0, , , , , ,-1,-2,-2,1,-1,1,-1,0,0,0,1,1,2,1,1,1,2,2,-1,-1,-1,1,2,0,0,0,-1,-1,0,-1,5,1, , , , ,1, ,5,2, ,2, , , , ,-1,1,1,0,2,1,2,1994,4, ,3, ,1,0,0,-1,-1,0,1,1,1,1,1, ,1,0, ,0, ,4,4,0,3,49084,0,1,1,1.12511216015282,.209579209062023,-.0597047785438036,-1.50856174884848,1.44420836817349,1.52399794072701,.989667309371647,-.182391763793642,1.92944694410732,4,3
80,1,1,0, ,1,1,0,1,0, ,2,2, , ,2, ,5, ,5,1,-1,1,1,0,0,0,1,0,0, ,0,1,1,0,0, ,-1,0,1,1,"Orange, süß",0,0,0,0,1,0,0,0,0,1,0,0,0,0,0,1,0,1,1,1,1,0,0,0,0,0,0,0,0, ,2,8,Fanta ist ein Kindergeschmack,"Fanta, Fritz, Bluna",1,0,1,0,0,0,0,0,1,1,1,0,1,1,1,0,1,1,0,1,1,0,1, ,6, , , , ,3,5,6,2,6,2,8,2,10, , , , ,.7,1,.85,.45,1,-1,0,0,1,0,1,0,1,1,0,1,0,0,1,0,1,0,0,-1,1,-1,0,2,-1,0,1,-1,1,0,1,1,0,4,6,8,7,9,7,9,4,5,5,6,6,1,2,7,7,8,5,2,10,4,5,5,5,1,7,8,1,3,2,2,2,6,7,8,5,2,3,8,8,8,5, , , , , , , ,0,1,0,1, , , , , ,2,1,-1,-1,-1,1,-1,0,-1,-1,-1,-1,-1,-1,1,1,1,-1,0,-1,0,0,2,1,1,1,1,1,0,-1,2,3, ,3, , , , ,2,3, , , , ,3, ,-1,0,-1,-1,1,0,1,1994,4, ,3, ,0,-2,0,1,1,0,-1,0,-1,0,2, ,1,0, ,0, ,1,1,0,2,49088,0,1,1,-.673462874484413,.642287187421132,.166475414879059,.0754627457545836,.191190907483434,.0684018754781712,-.208595455676655,-1.38375694618031,1.50864139467053,4,3
81,1,0,0, , , , , , , ,1,1, , , , , , ,2,2,-1,2,1,0,0,0,1,0,1, ,1,0,1,0,0, ,-2,1,-1,1,Ballermasse,0,0,0,0,0,0,0,0,0,0,1,0,0,0,0,1,0,0,0,0,1,0,0,1,1,0,0,0,1, ,1,7,Die beiden Männerz,"fanta,fritz,bio,vio,jeden tag, schweppes,granini,gutundgünstig,orangina,bionade,",1,0,1,0,1,1,1,1,1,1,1,1,1,1,1,0,1,1,0,0,1,0,1, , , ,1,1.3,1.5, , , ,1,7,1,5,1,6,.9,1.3,1,.8, , , , ,-1,0,1,0,0,1,1,1,-1,0,1,1,0,2,1,1,1,-2,0,1,1,0,1,1,0,2,2,1,2,0,2,1,1,2,6,4,2,6,7,9,8,1,3,2,7,1,1,8,4,10,6,5,5,4,2,6,7,1,3,8,1,9,3,1,2,8,5,10,2,1,4,9,6,10,7,-2,2,0,2,2,-1,0, , , , ,-2,-1, ,-1,1, , , , , ,0,1,1,-1,0,2,0,2,2,2,0,2,2,1,-1,-1,2,1, , , , , , , ,2,2, ,2, , , , ,6,2,2, , , , , ,-1,2,-1,2,-1,-2,0,1997,4, ,3, ,0,-1,0,1,1,1,0,0,0,1,2, ,1,0, ,4,Ballermasse,4,4,0,2,49545,5,1,1,.221452872709116,-.182041590665532,.82984053593918,.49755749502777,1.85788971048684,.0301839843154798,-.153798313967414,-.254656428967598,.568471291921275,3,2
82,1,0,0, , , , , , , ,1,2, , , , , , ,5,1,-1,0,0,1,0,0,0,0,0, ,0,1,0,1,0, ,2,-1,1,-2,orange,0,0,0,0,0,0,0,0,0,1,0,0,0,0,0,0,0,0,1,0,0,0,1,0,0,0,0,0,0, ,2,6,erfahrungswerte,fritz limofantadie limo,0,0,1,0,0,0,0,0,0,1,1,0,1,1,1,0,1,1,0,0,1,0,0, , , , , , ,2,2,1,2,4,2,2,2,1, , , , ,.5,.75,.65,.35,0,-2,1,-2,-2,-1,-2,-1,0,0,0,1,0,1,1,1,2,-2,-1,-1,-1,1,2,2,0,1,0,-2,0,1,1,0,0,3,6,5,4,4,6,8,3,3,0,0,4,1,3,4,0,0,3,0,3,2,0,0,1,1,3,2,0,0,2,2,2,2,0,0,3,0,0,0,0,0,0, , , , , , , ,1,0,-1,0, , , , , ,-1,-1,-1,-1,1,-1,0,0,-1,-2,-1,-2,0,1,1,1,1,0,0,-1,-1,0,2,0,0,0,1,1,0,-1,3,2, , ,2, , , ,1,2, , , , , ,2,0,1,-2,1,-1,-1,1,1995,4, ,3, ,-1,-1,0,1,1,0,-1,0,1,-1,2, ,1,0, ,0, ,3,3,0,1,49549,0,1,1,-.0880539883053302,-.733303585923356,.837874602043251,.324751196056678,-.73813855375825,.360430664614202,-.0338705250237842,-.0715447904274643,-1.02884249730034,3,2
83,1,1,0, ,0,1,0,0,0, ,1,1, ,1, , , , ,3,2,-2,2,1,0,0,0,0,1,1, ,0,1,0,0,0, ,0,0,-2,-2,"Sommer, spritzig",0,0,1,0,0,0,0,0,0,0,0,0,0,0,1,1,0,1,1,0,0,0,0,1,1,0,0,0,0, ,1,8,"Weil von allen limos die ich bisher getrunken habe, relativ lecker",FantaMiranda Fritz ColaNOWVoelkelVio,1,0,1,1,0,0,1,0,1,1,0,1,0,1,1,0,1,1,1,1,0,0,1, ,12,NOW,1,1.5,1.5, , , ,1,9,1,9,1,9,.75,2,1.5,.5, , , , ,-2,-2,-2,-2,1,-2,-2,-1,1,0,2,1,1,0,2,1,2, ,2,1,0,2,2,1,0,1,1,1,2,1,1,1,1,3,3,5,0,5,7,10,4,3,0,4,5,0,0,6,0,6,4,0,5,2,0,0,0,0,5,8,0,6,5,0,0,4,0,7,7,0,0,3,0,8,3,2,2,0,2,2,2,2, , , , ,-1,2,2,1,2, , , , , ,-2,-2,0,0,1,-2,-2,-2,1,1,1,1,-2,-1,-2,-2,2,1, , , , , , , ,5,2, , , , ,2, ,1,2, , , , , ,2,-2,1,-1,1,0,-2,1,1986,4, ,3, ,0,-2,0,1,2,1,-1,-1,0,0,5, ,2,0, ,1, ,2,2,0,3,32423,3,2,1, , , , , , , , , , , 
84,1,0,0, , , , , , , ,5,2, , , , , , ,2,2,-2,0,1,0,0,0,1,0,1, ,0,1,1,0,0,Restaurant,-1,1,1,0,erfrischendleckerzucker,0,1,0,0,0,0,0,0,1,0,0,0,0,0,0,1,1,0,1,0,1,0,0,1,0,0,0,0,0, ,2,3,sehr viel Zucker,Fanta Vio Fritz Discout-Marken Freeway,1,0,1,0,0,0,1,1,0,1,1,1,1,1,1,0,1,1,0,0,1,0,1, , , , , , ,4,5,6,2,1,2,4,2,8, , , , ,.8,1.2,.9,.6,1,-1,2,1,2,-1,0,-1,1,1,2,1,0,0,2,2,2,-2,2,1,1,2,2,2,-2,-1,1,-2,1,1,0,1,0,3,3,6,7,6,7,10,5,2,4,2,2,1,4,6,6,9,6,7,7,6,6,8,4,0,5,8,3,7,9,1,2,5,5,6,6,2,5,8,8,9,5, , , , , , , ,2,2,-1,0, , , , , ,2,-1,1,-2, ,-1,-1,-1,1,0,1,-1,1,0,2,2,1,1,0,-2,-1,2,2,1,1,2,-1,1,-1,-1,1,2,2, , , , , ,5,2, ,2, , , , ,-2,1,1,2,-1,-2,-1,1997,4, ,3, ,-1,-1,1,1,0,1,-1,-1,-2,-1,5, ,2,0, ,0, ,3,3,0,1,49088,0,2,1,-1.70796349744817,1.40048988184388,1.78597012831,-.343597452251123,.522557621530662,1.78822768440197,.563731524129821,.971728034907316,.228146813849783,1,1
85,1,1,0, ,1,0,0,1,0, ,2,2, , , , ,4, ,5,2,-1,1,1,1,0,0,0,0,1, ,0,1,0,0,0, ,2,-1,1,0,Fanta,1,0,0,0,0,0,0,0,0,0,0,0,0,0,0,0,0,1,0,0,1,0,1,0,1,0,0,0,0, ,2,6,Mehrwegflasche,"Sinalco, Coca Cola (Fanta), Vio, Fritz ,",1,1,1,0,0,0,1,0,0,1,1,0,1,0,1,0,0,1,0,0,1,0,1, ,1, , , , ,3,4,5,2,7,2,5,2,9, , , , ,.6,1,.85,.45,2,-2,1,-1,-1,1,-1,-2,2,1,1,1,1,-1,2,1,2,-2,0,-1,1,0,0,2,-1,2,2,-2,2,1,0,1,1,6,8,6,5,7,5,10,6,3,2,5,5,4,5,7,5,7,5,0,10,7,5,9,5,1,6,7,5,8,5,2,3,5,5,5,5,0,6,7,5,7,5, , , , , , , ,1,-2,1,0, , , , , ,1,1,-1,-2,-1,1,-1,0,2,-1,-2,-2,1,1,1,1,1,0,0,0,-2,1,2,2,0,0,0,-1,-1,0,3,1, , ,1, , , ,1,3, , , , , ,3,-2,2,0,1,0,-1,2,1997,4, ,3, ,1,-1,1,1,-1,-2,-1,-1,-1,0,5, ,2,0, ,1, ,4,4,0,2,48282,6,2,1,-1.0739231847438,.965436916150865,1.19854674041587,-1.70155130451483,-1.34962830468241,1.66319468437573,.448613876658287,-.17634288560986,-.165026465090995,1,1
86,1,1,0, ,1,1,0,0,0, ,5,2, ,1,1, ,3,3,4,0,0,2,1,1,0,0,0,0,0, ,1,1,1,0,0, ,1,-2,2,1,"Fanta,Sprite",1,0,0,0,0,0,0,0,0,0,0,0,0,0,1,0,1,0,1,1,0,1,1,0,0,0,0,0,0, ,2,8,Weil es schmeckt,"Fanta, Fritz, Mirinda",1,0,1,1,0,0,0,0,0,1,1,1,1,1,1,0,1,1,0,1,1,0,1, ,4, , , , ,3,3,3,2,10,2,10,2,10, , , , ,.75,1,.85,.39,2,0,1,1,1,-2,-1,-2,2,2,2,2,0,2,0,1,1,-2,-1,0,-1,1,-1,2,-1,1,1,-2,0,0,2,1,0,3,4,4,3,4,6,9,3,3,6,2,3,3,3,4,3,7,3,5,10,8,3,7,6,3,4,8,4,7,8,2,2,2,2,2,2,5,5,5,5,5,5, , , , , , , ,1,-1,1,-1, , , , , ,2,1,-1,1,-2,0,-2,1,-1,-1,-1,-2,1,1,1,2,1,1,1,0,-2,0,2,2,1,1,1,2,-1,0,6,1, , , , , ,1,6,3,3, , , , , ,0,0,-1,1,1,-2,0,1988,3, ,3, ,0,-1,0,1,1,2,-1,-2,-2,-2,2, ,1,0, ,0, ,2,2,0,3,49080,0,1,1,-2.15904652876039,1.93514404243167,.110742554845306,.392220072041502,-.103267025637459,1.23172576901887,-1.75820071686963,.653697329948146,-1.10321770168495,1,1
87,0,0,1,ist mir zu süß, , , , , , , ,2, , , , , , , , , , , , , , , , , , , , , , , , , , , , ,"süß, fruchtig",0,0,0,0,1,0,1,0,0,0,0,0,0,0,0,1,1,0,0,0,1,0,0,0,0,0,0,0,0, ,2,6,"bekannte Marke, ansprechendes Outfit",vio,0,0,0,0,0,0,1,0,0,1,0,0,0,0,0,0,0,0,0,0,0,0,1, , , , , , ,5,4,5,2,3,2,3,2,2, , , , ,.6,1.2,.9,.4, , , , , , , , , , , , , , , , , , , , , , , ,2,-1,1,1,0,1,-1,1,1,1,6,9,5,5,6,5,9,5,5,5,4,6,0,2,2,2,2,1,2,5,5,6,5,5,1,8,5,5,8,5,5,6,3,3,5,4,3,7,3,4,9,6, , , , , , , ,0,-2,2,1, , , , , ,2,1,1,-2,-1, , , , , , , , , , , , , , , , , ,2,0,0,1,-1,0,-1,0,6, , , , , , , ,3,1, , , ,1, , ,-2,0,-1,1,0,-1,1,1996,4, ,3, ,0,-2,-1,0,0,-1,0,0,0,0,5, ,2,0, ,0, ,4,4,0,1,48432,0,2,1, , , , , , , , , , , 
88,0,0,1,Weil ich fast ausschließlich Wasser trinke., , , , , , , ,2, , , , , , , , , , , , , , , , , , , , , , , , , , , , ,"Fanta, süß",1,0,0,0,1,0,0,0,0,0,0,0,0,0,0,0,0,0,0,0,1,0,0,0,0,0,0,0,0,zu süß,2,2,"Mir schmeckt es nicht gut/zu süß, daher würde ich es auch keinem Freund empfehlen.","Fanta, Vio, Fritz Cola, Bionade, Sinalco",1,1,1,0,0,1,1,0,0,1,1,0,1,1,1,0,1,1,0,0,1,0,1, , , , , , ,1,2,2,2,1,2,1,2,3, , , , ,.7,.75,.75,.25, , , , , , , , , , , , , , , , , , , , , , , ,2,-2,0,0,-2,-1,1,1,1,0,5,4,5,2,5,7,9,3,2,2,2,2,1,1,1,1,2,3,3,1,1,1,1,2,1,4,7,2,6,8,0,0,1,1,3,2,0,0,1,1,2,2, , , , , , , ,1,1,1,0, , , , , ,1,1,-1,-1,-1, , , , , , , , , , , , , , , , , ,2,1,0,0,1,0,1,0,1,1,1, , , , , ,2,2, , , , ,2, ,0,0,-1,1,1,-1,1,1995,4, ,3, ,1,-1,1,2,2,2,1,0,0,1,2, ,1,0, ,0, ,4,4,0,2,48167,0,1,1, , , , , , , , , , , 
89,1,1,0, ,1,0,0,0,1, ,3,2, ,2, , , , ,3,1,-1,1,1,0,0,0,1,1,0, ,0,0,1,0,0, ,-1,0,0,1,Erfrischung,0,1,0,0,0,0,0,0,0,0,0,0,0,0,0,1,0,0,1,0,0,1,0,1,1,0,0,0,0, ,2,6,Schmeckt gut.,"Fanta, Fritz, Vio, Bluna",1,0,1,0,0,0,1,0,1,1,1,1,1,1,1,0,1,0,0,1,0,0,1, ,5, , , , ,5,6,4,2,7,2,7,2,6, , , , ,.5,2,1,.3,-1,-1,-1,1,2,0,-1,1,1,0,2,1,1,1,1,1,0,0,0,0,1,0,1,2,-1,0,1,-2,0,1,0,0,-1,8,6,6,2,7,8,6,5,1,8,3,2,7,3,7,1,8,7,4,3,7,4,8,3,8,7,9,4,5,7,0,2,4,3,3,2,0,2,6,2,8,3, , , , , , , ,-1,1,0,-2, , , , , ,-1,-2,-1,-1,-1,1,0,1,0,1,0,-1,1,-1,1,1,1,1,1,-1,0,0,2,0,1,1,-1,0,-1,-1,1,2,2, , , , , ,4,2, , ,2, , , ,-2,1,1,0,0,-2,1,1988,4, ,3,3,0,-1,-1,1,1,-1,1,1,0,1,2, ,1,0, ,0, ,1,1,0,3,49074,0,1,1,.888332929024976,1.26784458686763,-.0651208664956383,-.187633294285315,.291941963577471,-1.48739497164179,-.326930073256189,-.409769309900557,1.66508659053523,4,3
90,1,1,0, ,0,1,0,0,0, ,4,1, , ,2, , , ,2,0,-1,0,1,0,0,0,0,0,0, ,0,0,1,0,0, ,-1,1,-1,0,hohen Zuckergehalt,0,0,0,0,0,0,0,0,1,0,0,0,0,0,0,1,0,0,1,0,1,0,0,1,1,0,0,0,0, ,1,5,der Preis,Fritz-LimoFanta,1,0,1,0,0,0,0,0,0,1,1,1,1,1,1,0,0,1,0,0,1,0,1, ,3, ,.75,.75, , , , ,1,5,1,5,1,5,.3,1,.75,.2, , , , ,-1,-1,1,1,1,0,-1,-1,0,0,0,1,1,0,1,2,1,0,-1,-1,-1,-1,-1,1,1,1,1,2,1,-1,0,0,0,1,6,6,7,3,1,9,3,3,3,2,9,5,5,6,8,8,3,2,7,7,4,5,3,0,6,9,5,5,5,3,3,7,5,5,5,5,4,6,7,8,6,1,1,0,0,1,1,1, , , , ,-1,1,-1,-1,1, , , , , ,0,-1,0,1,0,1,0,1,0,1,1,1,1,0,-1,-1,-1,1, , , , , , , ,6,2, , , , , ,2,5,2, ,2, , , , ,-1,1,1,1,0,-1,-1,1994,5, ,3, ,1,-1,0,0,1,1,1,1,1,1,2, ,1,0, ,0, ,3,3,0,2,49685,1,1,1,1.35379694170674,-.135919581667618,.992301963533752,.387666055258688,1.38473627410189,-.6767534915399,-.952469829956812,-1.85947526612773,.629374678083503,4,3
91,1,1,0, ,0,1,0,1,0, ,1,2, , , , , , ,2,0,-2,0,1,0,0,0,1,0,1, ,0,1,1,0,0, ,2,-2,0,-1,künstlicher Geschmack,0,0,0,0,0,1,0,0,0,0,0,0,0,0,0,0,0,1,0,0,1,0,1,0,0,0,0,0,0, ,2,4,"künstlicher Geschmack, zu süß","Fanta, Vio Bio,",1,0,0,0,0,0,1,0,1,1,1,1,1,0,1,0,1,1,0,0,0,0,1, ,12,Vilsa, , , ,2,1,3,2,5,2,1,2,6, , , , ,.5,1,.7,.3,0,-2,-1,-2,-2,1,2,-1,1,0,1,2,1,0,2,1,2,-1,0,0,1,0,1,2,-2,-2,-2,-2,-2,1,0,2,0,0,4,2,0,6,0,10,5,3,3,4,1,0,3,4,0,7,2,1,5,2,0,2,1,0,2,3,0,9,0,0,0,0,0,0,0,1,0,4,1,4,1, , , , , , , ,2,-2,0,-1, , , , , ,1,-1,-1,1,-2,0,-2,0,1,-2,0,-2,1,1,1,1,2,0,0,0,-1,1,2,0,0,0,-1,1,-2,-1,1,3,3, , , , , ,2,3, , , , ,3, ,-2,0,0,1,0,-1,0,1993,4, ,3, ,0,-2,1,1,1,2,0,0,0,1,2, ,1,0, ,0, ,2,2,0,3,49088,0,2,1,.592294529873544,.0399255341384926,.806833860225884,1.22011869909265,-.955475004641341,-.677421705215599,-.197449795399659,-.240305459455394,.570620559893235,3,2
92,1,0,0, , , , , , , ,1,2, , , , , , ,2,-1,0,1,1,0,0,0,0,0,0, ,0,1,0,0,0, ,-1,-2,0,-2,"Orangen,Zucker/Süße",0,0,0,0,1,0,0,0,1,0,0,0,0,0,1,0,0,0,0,0,1,1,0,0,0,0,0,0,0, ,2,3,günstiger Preis,"Sinalco, Fanta, Ja",1,1,0,0,0,0,0,1,0,1,0,0,0,0,1,0,0,1,0,0,1,0,0, , , , , , ,3,5,6,2,3,2,3,2,4, , , , ,1.3,2,1.7,.5,-1,-2,1,-2,-2,1,-1,-1,-1,-2,-2,1,0,1,1,0,1,-1,-1,0,-1,0,-1,2,-1,-1,-1,-2,1,1,-1,-1,0,4,4,5,5,7,7,7,8,2,2,1,5,2,2,4,5,7,7,5,5,2,3,3,5,2,3,5,4,5,2,2,2,5,5,6,5,1,2,6,9,9,6, , , , , , , ,1,-1,-1,1, , , , , ,1,1,1,-1,-1,1,1,0,-1,-2,-1,-2,-1,-1,-1,0,0,0,0,1,-1,1,2,0,1,1,0,0,-1,-1,5,1, , , , ,1, ,2,1, , , , ,1, ,-1,-1,-2,-2,1,1,-1,1996,4, ,3, ,1,0,0,1,0,1,0,1,0,1,4, ,2,0, ,0, ,5,5,0,2,33619,0,1,1,.80118140870449,-2.22572155671506,.544906164683538,.567533252565461,-.900133215004216,-.433274283243693,-1.96555633992857,-.618610456519821,.0463933222380163,2,2
93,1,0,0, , , , , , , ,1,1, , , , , , ,4,1,-2,2,1,0,0,0,0,0,1, ,0,1,1,0,0, ,-2,-1,-1,-1,An die Farbe Orange,0,0,0,0,0,0,0,0,0,1,0,0,0,0,0,1,0,0,0,0,1,0,1,0,0,0,0,0,0, ,1,6,"Fritz Limonaden schmecken den meisten sehr gut. Ist jedoch kein muss zum Trinken, da zu zuckerhaltig und relativ teuer.",FantaSchwepsFritz Limonaden,1,0,1,0,0,0,0,0,0,1,0,1,0,0,1,0,1,1,0,0,1,0,1, , , ,.65,.9,1.1, , , ,1,9,1,10,1,10,.75,1.5,1.1,.3, , , , ,-2,-2,-1,-1,2,1,-1,-2,2,2,2,2,0,0,1,2,-1,-2,0,2,0,0,0,1,-1,0,1,0,1,-1,-1,1,1,9,7,7,3,3,10,10,7,6,8,4,8,0,0,6,3,10,3,9,3,9,3,10,1,2,8,8,2,10,5,0,0,3,3,7,2,0,3,10,7,10,5,0,1,2,2,2,2,2, , , , ,1,1,2,-1,1, , , , , ,2,-1,1,0,-1,0,-2,2,1,1,1,1,2,2,0,-1,1,1, , , , , , , ,3,1, , ,1, , , ,1,2, , , , , ,2,-1,0,-1,2,-1,2,2,1996,6, ,3, ,0,-2,0,1,1,0,0,-2,-2,-2,2, ,1,0, ,2, ,Drei,3,0,3,33098,5,2,1,-1.81694581775016,2.43776305414488,-.504622642271516,-.185716947951335,-.653023247502564,-1.9154836963128,.100568318449866,.632107943494302,.37678160076398,3,2
94,1,1,0, ,0,1,0,0,0, ,3,1, , ,1, , , ,2,2,-2,-2,1,1,0,0,0,0,0, ,0,1,1,0,0, ,0,-1,0,1,"Gelbe Brause, die recht süß ist",0,0,0,0,1,0,0,0,0,1,0,0,0,0,0,0,1,0,1,1,1,0,0,1,0,0,0,0,0, ,1,3,Sie ist nicht vergleichbar mit Fanta und schmeckt künstlicher,"Fanta, Vio, Vilsa, Fitz",1,0,0,0,0,0,1,0,1,1,1,1,1,1,1,0,1,1,0,0,0,0,1, ,1, ,.65,.6,.6, , , ,1,10,1,3,1,3,.5,.9,.75,.4, , , , ,1,-2,1,-2,-2,2,2,1,0,0,0,2,1,1,1,1,0,0,0,1,1,1,1,1,-2,1,1,1,1,-1,0,0,1,4,9,5,5,3,4,9,4,3,2,3,3,2,5,5,3,4,3,2,4,5,5,4,4,2,7,7,1,6,1,1,3,3,2,3,2,1,5,9,3,4,2,2,2,-2,2,2,2,-2, , , , ,1,-2,-2,2,2, , , , , ,2,0,1,-1,0,1,0,1,2,1,1,1,1,1,0,1,1,1, , , , , , , ,1,1,1, , , , , ,4,1, , ,1, , , ,-1,1,1,1,0,0,1,1994,4, ,3, ,0,-1,0,1,1,1,0,0,1,1,2, ,1,0, ,0, ,4,4,0,1,27449,0,2,1,.837435614341243,-.579098292028472,-.138620316832043,.845037344455052,.595312205063133,.208533652995815,1.01467444484754,.738537629130508,1.28496114602945,4,3
95,1,1,0, ,1,1,0,0,1,Dönerladen,2,2, ,2, , , , ,2,-1,-1,1,1,0,0,0,0,0,0, ,1,1,0,0,1, ,-2,0,-2,1,erfrischend,0,1,0,0,0,0,0,0,0,0,0,0,0,0,0,1,0,0,1,0,0,1,0,1,1,0,0,0,0, ,2,7,Ist zwar lecker aber nichts besonderes,"Fanta,Freeway (von Lidl)",1,0,0,0,0,0,0,1,0,1,1,0,0,0,1,0,0,1,0,0,1,0,0, ,1, , , , ,6,4,4,2,10,2,4,2,2, , , , ,.8,2,1.5,.49,-2,0,-2,-2,-1,1,-1,0,0,-1,0,1,-2,0,1,1,1,-1,0,-2,0,0,0,2,-1,1,1,-1,-2,0,1,0,0,2,8,4,6,5,4,10,8,6,9,3,7,0,3,4,4,7,4,1,5,4,3,3,4,1,5,5,3,5,3,0,1,3,1,3,2,2,3,4,3,4,4, , , , , , , ,0,-1,1,-1, , , , , ,-1,1,-2,-2,-1,1,-1,0,1,-1,-1,0,1,0,1,0,1,1,1,-1,-1,0,2,2,1,1,2,1,-2,0,2,1, ,1, , , , ,2,1, , , , ,1, ,1,0,0,1,0,2,-1,1992,6, ,3, ,0,-1,0,1,1,0,0,-1,0,0,2, ,1,0, ,0, ,2,2,0,3,49078,1,1,1,-.304430579633178,-.860906801335868,.357906440560801,.298175959166995,1.12002055331235,-2.21491589022364,-1.31537829002369,-.949317849285183,-.320536767498417,4,3
96,0,0,1,zu künstlich im Geschmack., , , , , , , ,1, , , , , , , , , , , , , , , , , , , , , , , , , , , , ,gelb,0,0,0,0,0,0,0,0,0,1,0,0,0,0,0,1,0,0,1,0,0,0,0,0,0,0,0,1,0, ,1,4,selbst nicht von diesen Produkten überzeugt,"orangene-gelbene Farbe, Kohlensäure, Kindheit, Sommer, muss kalt genossen werden", , , , , , , , , ,1,1,0,0,0,1,0,1,1,0,0,1,0,0, , , ,2.2,2.5,2.6, , , ,1,4,1,3,1,2,1.8,2.8,2.2,.5, , , , , , , , , , , , , , , , , , , , , , , , , , , ,1,0,1,1,2,2,0,1,1,1,4,5,6,5,4,5,10,4,5,5,3,10,1,6,9,6,10,4,5,5,3,1,2,3,2,4,8,5,5,4,1,2,4,4,8,6,2,4,9,9,9,4,2,2,0,0,2,0,2, , , , ,-1,2,1,-2,1, , , , , , , , , , , , , , , , , , , , , , ,1, , , , , , , ,6,2, , , , , ,2,6,2,2, , , , , ,-2,0,-2,1,0,-1,0,1994,4, ,3, ,0,-1,0,0,-1,-1,-1,-1,-1,-1,2, ,1,0, ,0, ,4,4,0,2,48282,0,2,1, , , , , , , , , , , 
97,1,0,0, , , , , , , ,2,1, , , , , , ,5,-2,-2,0,1,0,0,0,1,0,1, ,0,1,1,0,0, ,0,-1,1,-1,Fanta,1,0,0,0,0,0,0,0,0,0,0,0,0,0,0,0,0,0,1,0,1,0,1,0,0,0,1,1,0, ,1,0,Zu teuer,"Fanta, Fritz Cola, Sinalco, BioVio, River",1,1,1,0,0,0,1,0,0,1,1,0,1,1,1,0,0,1,0,0,1,0,1, , , ,.6,.7,.7, , , ,1,8,1,7,1,7,.5,1,.8,.4, , , , ,1,-2,1,-2,-2,2,-1,1,0,-1,1,1,0,2,0,2,1,-2,-2,1,1,1,-1,1,1,2,2,-2,2,1,2,1,1,7,8,8,3,9,6,10,7,0,5,0,3,3,2,1,2,10,4,5,5,6,5,5,2,3,7,10,0,10,8,1,2,2,3,7,3,1,3,4,3,10,2,2,2,-2,0,0,0,2, , , , ,-1,-1,1,-1,1, , , , , ,1,2,-1,0,-2,1,-2,-1,1,0,2,1,-1,1,-2,0,2,1, , , , , , , ,1,1,1, , , , , ,3,2, , , ,2, , ,0,-1,-1,2,1,-1,-1,1998,4, ,2, ,0,0,1,1,1,1,-1,0,1,1,2, ,1,0, ,0, ,3,3,0,1,49577,2,2,1,.541403539090663,-.46942676152485,.0944873900896939,.927290417324323,-.956857838301933,.937903534020418,-1.2846823630239,.682287811339633,-.187377434573839,3,2
98,1,1,0, ,0,1,0,0,1, ,3,2, ,2, , , , ,5,-1,-1,0,1,0,0,0,1,0,0, ,0,0,0,0,1, ,-1,1,0,1,Fanta,1,0,0,0,0,0,0,0,0,0,0,0,0,0,0,0,0,1,1,0,1,0,0,1,1,0,0,0,0, ,2,5,Weder gesund noch was besonderes,FantaFritz VioSchweppes Capri Sonne,1,0,1,0,0,0,1,0,1,1,1,1,1,1,1,0,1,1,0,0,1,0,1, ,3, , , , ,2,4,3,2,4,2,8,2,5, , , , ,.7,1.5,1.1,.5,0,-2,0,-1,0,0,-2,-1,1,0,1,1,0,-1,0,1,1,-1,-2,-2,1,-2,0,2,-1,0,0,-2,-1,-1,0,0,0,4,4,6,2,2,5,10,4,2,3,1,1,1,2,6,4,6,3,4,6,4,0,3,0,0,3,7,0,1,0,0,0,2,1,7,3,0,3,6,5,8,6, , , , , , , ,0,1,0,2, , , , , ,-1,-1,-2,-1,-1,1,-1,0,1,1,1,-1,0,2,1,-1,1,0,1,-1,-1,-1,2,0,0,1,-1,1,0,0,6,2, , , , , ,2,1,2, , , , , ,2,0,0,0,1,-1,0,1,1995,6, ,3, ,1,-1,0,0,-2,-1,-1,0,0,1,2, ,1,0, ,1, ,4,4,0,2,49078,0,1,1,-.0861239195112168,.793055952903901,-.079262955474654,-1.55662860892037,-.0384764291807408,.0284295159470115,-1.15545588663401,-2.58980097693667,.828907969480603,4,3
99,1,0,0, , , , , , , ,1,2, , , , , , ,2,2,-2,2,1,0,0,1,0,0,1, ,0,1,0,0,0, ,2,-2,0,-1,"süß, künstlich, ungesund",0,0,0,0,1,1,0,1,0,0,0,0,0,0,0,0,0,0,0,0,1,0,1,0,0,0,0,0,0, ,2,6,"hoher bekannteheitsgrad, kindheitserinnerung","Fanta, die Limo, Sinalco , sämtliche noname produkte",1,0,0,0,0,0,0,0,1,1,1,1,1,1,1,0,1,1,0,0,1,0,0, , , , , , ,3,4,4,2,1,2,1,2,2, , , , ,.6,.9,.8,.5,1,-2,-1,-2,0,-2,1,0,0,1,2,1,0,1,2,2,2,-2,-1,-1,1,1,1,2,0,0,1,-1,-1,1,1,1,-1,7,7,8,7,6,8,8,3,2,5,3,6,2,2,3,4,5,5,2,2,6,3,4,2,2,5,8,8,6,5,2,2,4,4,4,4,3,3,5,5,5,4, , , , , , , ,1,-2,-1, , , , , , ,1,-1, ,-2,-1,-1,1,-1,0,-1,-2,-2,1,0,1,-1,1,1,-2,-2,-2,-1,2,1,1,1,-1,0,0,-1,2,1, ,1, , , , ,5,1, ,1, , , , ,-2,0,-1,2,-1,-1,1,1996,4, ,3, ,-1,-2,2,2,2,2,-1,-1,-1,-1,2, ,1,0, ,0, ,6,6,0,1,59597,0,2,1,-1.06113500242399,.496604229254906,1.36094875889577,1.57900768549247,-1.33712102132828,.31521930625353,.567455130401908,.154997670229572,-.201948228280021,3,2
100,1,1,0, ,0,1,0,1,0, ,1,2, , , , ,1, ,2,-1,0,2,1,0,0,0,1,0,1, ,0,1,0,0,0, ,-2,-2,2,-1,Fanta,1,0,0,0,0,0,0,0,0,0,0,0,0,0,0,0,0,0,0,0,1,0,1,0,0,0,0,0,0, ,2,5,Ich trinke selten Fanta und sonst nur als Mischgetränk,FantaVIOFrittz OrangeSinziger Orange,1,0,1,0,0,0,1,0,1,1,0,0,1,1,1,0,1,1,0,0,1,0,1, ,1, , , , ,4,4,3,2,9,2,6,2,2, , , , ,.55,1.2,1,.45,2,-2,0,-1,-1,2,1,-1,1,0,0,0,0,0,-2,-1,-1,-2,-2,2,1,2,0,2,0,1,2,1,2,0,2,1,0,3,5,6,5,2,4,9,2,5,7,6,9,4,2,6,7,5,6,3,7,3,4,8,6,8,7,7,5,4,3,1,1,4,5,7,7,6,5,6,5,6,3, , , , , , , ,1,-1,1,0, , , , , ,1,1,-1,1,1,2,-1,-2,0,0,-2,-2,-2,0,-2,1,-1,-2,-1,-1,-2,-2,2,0,-2,-2,-1,-1,2,-1,2,1, ,1, , , , ,4,1, , ,1, , , ,0,0,1,2,0,-2,-2,1995,6, ,3, ,1,-2,0,1,1,1,0,0,1,0,1, ,1,0, ,4,keine Schweinefleisch,1,1, ,2,49090,0,2,1,.587935836501447,.328905071211119,-2.50683510064805,.701473411655447,-1.79278962268256,.494920570931627,-1.98376146496614,2.41345128186181,-.239377652952895,2,2
101,1,0,0, , , , , , , ,1,2, , , , , , ,2,2, ,2,1,0,0,0,1,0,1, ,0,1,1,0,0, ,2,-2,0,1,Erfrischungsgetränk im Sommer,0,1,0,0,0,0,0,0,0,0,0,0,0,0,0,0,0,0,1,0,0,1,1,0,1,0,1,0,0, ,2,7,Aussehen,BionadeFantaFassbrauseSinalcogut&günstig,1,1,0,0,0,1,0,1,0,1,1,1,1,0,1,0,0,0,0,0,1,0,1, , , , , , ,4,4,4,2,10,2,8,2,1, , , , ,.8,2,1.1,.5,0,-2,0,0,-1,2,-2,0,1,0,1,2,1,0,2,2,2,0,-2,2,0,2,2,2,2,2,2,1,2,0,0,2,2,8,10,8,6,0,5,9,8,7,3,0,6,6,9,6,4,10,8,8,10,7,7,3,8,7,8,8,8,0,6,5,10,8,9,0,8,8,9,9,7,8,7, , , , , , , ,2,-1,0,1, , , , , ,2,2,2,2,-1,2,0,1,0,1,0,-2,2,2,2,2,2,2,0,0,-2,-2,2,1,-2,1,1,2,2,-1,2,1, ,1, , , , ,5,1, ,1, , , , ,0,0,1,2,1,2,1,1996,4, ,3, ,0,-1,1,2,2,2,1,1,1,1,1, ,1,0, ,0, ,4,4,0,1,26683,0,2,1, , , , , , , , , , , 
102,1,0,0, , , , , , , ,4,2, , , , , , ,5,1,-1,0,1,0,0,0,0,0,1, ,0,1,0,0,0, ,1,0,0,1,ein fruchtiges Erfrischungs- oder Mixgetränk,0,1,0,0,0,0,1,0,0,0,0,0,0,0,0,1,0,1,1,0,0,0,1,1,0,0,0,0,0, ,2,5,Fanta ist ein Mainstream Produkt und nicht besonders,Bionade Fritz limoFanta VioSinalco,1,1,1,0,0,1,1,0,0,1,1,1,1,0,1,0,0,1,0,0,0,0,1, , , , , , ,3,1,4,2,6,2,2,2,7, , , , ,.5,1,.8,.4,0,-1,1,0,1,0,1,0,0,0,0,2,1,0,1,0,2,0,-2,-2,-2,-2,1,2,0,-1,0,-2,-2,0,-1,1,0,3,2,7,4,8,3,9,6,3,3,5,8,2,2,5,3,5,6,1,2,5,5,6,3,1,5,8,5,8,2,10,10,10,10,10,10,2,2,9,8,9,5, , , , , , , ,1,-2,2,1, , , , , ,-2,2,-2,-2,-2,1,-2,0,0,0,1,0,-1,1,0,1,0,-1,2,-2,-2,-2,2,1,0,1,-2,1,0,-2,4,3, , , ,3, , ,4,1, , ,1, , , ,-2,0,-2,0,1,-2,-2,1998,4, ,3, ,0,-1,1,1,-1,0,-1,1,-1,-1,1, ,1,0, ,0, ,3,3,0,1,24594,3,2,1,-.654030840984675,-.106484934027654,.843135540506658,-.473389300512421,1.75157294224944,-.277757522091449,.190074938901693,-3.08629509355503,.464506219232345,4,3
103,1,0,0, , , , , , , ,4,1, , , , , , ,5,1,-1,1,1,0,0,0,0,0,0, ,0,1,0,0,0, ,2,-1,-2,-2,Fanta,1,0,0,0,0,0,0,0,0,0,0,0,0,0,0,1,0,0,0,0,0,1,0,0,1,0,0,0,0, ,1,3,Noch nie getrunken,Fanta Fritz Miranda,1,0,1,1,0,0,0,0,0,1,1,1,1,1,1,0,1,1,0,0,0,0,0, , , ,.8,.9,.8, , , ,1,5,1,5,1,5,.5,1,.8,.4, , , , ,-2,-2,0,-2,0,1,-2,-2,-1,-1,0,1,-1,0,-1,-1,1,-1,-2,-2,0,0,0,1,1,1,1,1,1,2,1,1,1,3,5,8,8,2,8,8,2,2,2,2,2,2,5,7,8,9,5,4,7,4,3,3,2,3,3,7,7,7,6,3,3,5,3,8,3,2,2,8,8,6,3,1,1,0,1,0,0,1, , , , ,-1,1,1,1,-1, , , , , ,1,-1,0,1,-2,-2,-1,-2,-2,-2,-1,0,-1,-1,-1,-1,-1,1, , , , , , , ,5,1, , , , ,1, ,5,1, ,1, , , , ,2,0,1,-2,1,-1,1,1994,4, ,3, ,1,-1,1,0,-1,-1,-1,0,0,-1,1, ,1,0, ,0, ,5,5,0,1,49692,0,1,1,-.741028586324453,-.734043340789752,-.774149214107251,-1.30900922770341,-.484987393494041,-.828326476500203,-.096996862491834,-1.50160824057237,.393557421848459,4,3
104,1,0,0, , , , , , , ,1,1, , , , , , ,3,1,-2,2,1,0,0,0,0,0,0, ,0,1,0,0,0, ,2,-2,0,1,zucker zu süss bauchschmerzen,0,0,0,0,1,0,0,0,1,0,0,0,0,0,1,0,0,0,0,0,0,0,1,0,0,0,0,0,0, ,1,8,"die marke, die gestaltung","sinalco, fritz, coca-cola,vio",0,1,1,0,0,0,1,0,0,1,1,0,0,0,1,0,1,1,0,0,1,0,1, , , ,.15,.16,.17, , , ,1,1,1,1,1,1,.2,.6,.5,.15, , , , ,1,-2,1,-2,1,-1,1,-2,1,1,2,2,1,0,1,2,2,0,0,-1,0,-1,0,1,1,1,1,-1,0,-1,1,-2,1,2,3,4,7,6,2,10,2,1,2,1,10,2,2,2,6,3,2,1,6,4,3,4,1,1,7,7,6,6,2,4,2,1,2,5,4,2,2,2,3,3,2,0,2,0,-2,0,-2,2, , , , ,1,1,1,1,1, , , , , ,-2,-2,-2,0,-2,-2,-2,0,0,0,2,0,0,0,2,2,0,1, , , , , , , ,1,3,3, , , , , ,6,3,3, , , , , ,-1,1,0,1,1,2,2,1995,4, ,3, ,-1,-1,1,2,1,1,-1,1,-1,1,4, ,2,0, ,4,"abwechslungsreich, alles",4,4,0,2,32825,0,1,1,.000834982215466018,1.04471265091778,1.20240808941233,.999589677848578,-1.34568952006248,.754927391703284,.0622325523652393,-1.63461428342347,1.0490246016706,4,3
105,1,0,0, , , , , , , ,2,1, , , , , , ,3,2,-2,1,1,0,0,0,1,0,0, ,0,1,1,0,0, ,2,-2,-1,0,"An Fanta, bekanntestes Produkt für Orangenlimonade",1,0,0,0,0,0,0,0,0,0,0,0,0,0,0,0,0,0,0,0,1,0,1,0,0,0,0,1,0, ,1,5,"Nicht so bekannt, noch keine Erfahrung","Fanta, Sinalco, Vio, Fritz",1,1,1,0,0,0,0,0,0,1,0,1,1,1,1,0,0,1,0,0,1,0,1, , , ,1,1.1,1.5, , , ,1,3,1,5,1,8,.8,1.2,1.1,.6, , , , ,1,-2,-2,-2,-2,-2,1,0,1,0,2,1,2,-1,2,2,2,-2,1,0,-2,1,1,1,0,1,1,1,2,-1,0,1,2,3,5,7,5,8,6,10,7,3,3,3,4,2,3,6,5,9,4,2,3,5,2,6,5,0,1,9,1,6,1,2,0,4,4,9,2,1,3,6,5,9,5,0,-1,0,0,0,0,2, , , , ,-1,2,1,-2,1, , , , , ,-2,-2,0,1,-2,1,-2,1,-1,0,0,1,1,0,-1,-2,1,1, , , , , , , ,4,1, , , ,1, , ,1,1, , , , , ,1,-2,1,1,1,0,-1,1,1995,4, ,3, ,1,1,0,1,0,-1,0,0,0,1,4, ,2,0, ,1, ,3,3,0,1,49176,0,2,1,.581097121888103,.327748463295429,1.16907595082701,-.512220292793243,-.204169454036419,-1.09258205442972,1.41204424534402,1.02428382886993,-1.65854610939974,3,2
106,0,0,1,Ich bevorzuge andere Süßgetränke., , , , , , , ,1, , , , , , , , , , , , , , , , , , , , , , , , , , , , ,An ein kaltes Erfrischungsgetränk.,0,1,0,0,0,0,0,0,0,0,0,0,0,0,0,1,0,0,1,0,0,0,1,1,1,0,0,0,0, ,1,5,Standartgetränke wie Fanta gefallen mir besser.,"Fanta, Fritz-Limo",1,0,1,0,0,0,0,0,0,1,1,0,1,1,1,0,0,1,0,0,0,0,0, , , ,1.2,1,.7, , , ,1,10,1,5,1,2,1,1.8,1.7,.8, , , , , , , , , , , , , , , , , , , , , , , , , , , ,1,1,2,2,2,2,0,2,1,0,6,8,6,6,3,7,10,3,1,9,2,8,4,4,2,3,10,8,8,7,7,5,9,5,4,8,7,1,2,3,0,0,0,0,3,2,5,5,5,5,9,5,-2,2,0,2,2,2,2, , , , ,-1,1,-1,-2,2, , , , , , , , , , , , , , , , , , , , , , ,1, , , , , , , ,6,1, , , , , ,1,1,2, , , , , ,2,0,1,-1,-1,1,-1,1,1996,4, ,3, ,1,-1,0,2,2,1,2,1,1,2,1, ,1,0, ,0, ,4,4,0,1,49828,0,2,1, , , , , , , , , , , 
107,1,1,0, ,0,1,0,1,0, ,2,1, , , , ,.25, ,5,1,-1,0,1,0,0,0,0,0,0, ,0,1,1,0,0, ,-1,-2,2,-2,fantagelbe brause,0,0,0,0,0,0,0,0,0,1,0,0,0,0,0,0,0,1,0,0,1,0,1,0,1,0,1,0,0, ,1,5,Geschmack,FantaFritz LimoSinalcoVio,1,1,1,0,0,0,1,0,0,1,1,0,0,0,1,0,0,1,0,0,1,0,1, ,1, ,.6,.9,.75, , , ,1,9,1,10,1,10,.75, , , , , , , ,1,-2,0,-1,0,1,0,0,0,-1,0,1,1,0,1,0,0,0,-1,0,0,1,1,1,1,2,2,2,2,1,2,2,1,1,5,7,8,8,3,10,5,0,3,3,7,0,2,7,7,8,2,1,9,5,3,5,4,0,5,8,6,7,2,0,4,5,4,6,2,0,3,7,8,6,2,1,2,0,0,2,2,2, , , , ,-1,1,-1,1,-1, , , , , ,1,0,0,-2,-1,-2,-1,0,-1,1,1,1,0,0,1,-2,0,1, , , , , , , ,6,2, , , , , ,2,2,2, , , , ,2, ,0,-1,-2,0,1,-1,1,1994,4, ,3, ,0, ,0,1,0,0,1,1,0,1,1, ,1,0, ,0, ,5,5,0,1,27478,3,1,1,1.03491690149414,-.537699548730859,-.214337648253203,-.0985972582929803,-.765595973664865,-.221979215784737,-.176558871578885,.513209357481371,.671470303250229,3,2
108,1,0,0, , , , , , , ,1,2, , , , , , ,3,2,0,2,1,0,0,0,0,0,0, ,0,0,0,0,1, ,-1,-2,-2,-2,Zucker,0,0,0,0,0,0,0,0,1,0,0,0,0,0,0,1,0,1,1,0,1,1,0,0,0,0,0,0,0, ,2,1,Nicht mein Geschmack,Vio,0,0,0,0,0,0,1,0,0,0,0,0,0,0,1,0,0,0,0,0,1,0,0, , , , , , ,2,4,5,2,1,2,1,2,1, , , , ,.15,1.8,.9,.4,-2,-2,-2,-2,-1,0,-2,-1,0,1,2,2,2,-1,2,2,2,-2,0,0,0,1,2,2,-2,0,0,0,1,1,0,1,1,0,5,4,1,4,0,10,5,4,2,4,1,0,0,5,2,3,3,2,0,4,0,2,1,4,4,3,1,2,2,0,0,1,1,4,1,0,4,1,2,1,2, , , , , , , ,0,0,0,0, , , , , ,2,-1,2,2,-1,0,-2,1,-2,-2,0,0,1,-1,0,0,1,1,1,-2,-2,-2,2,-1,-1,0,-2,-2,-1,-2,3,3, , ,3, , , ,4,2, , ,2, , , ,-2,1,0,2,1,0,-2,1994,6, ,3, ,1,0,0,1,0,1,0,0,0,0,1, ,1,0, ,0, ,5,5,0,1,59514,0,2,1,.18439520472594,.461416830594733,1.44898610411369,.26106611437879,.421015413519738,-1.98611525303778,-.554373068178259,.460812345409105,-.242816767479193,3,2
109,1,1,0, ,1,1,0,1,1, ,4,1, , , , , ,6,4,1,-1,0,1,0,0,0,0,0,1, ,0,1,1,0,0, ,-1,-2,-1,1,Fanta,1,0,0,0,0,0,0,0,0,0,0,0,0,0,0,1,1,1,0,0,0,0,1,0,0,0,0,1,0, ,1,7,Preis,"Fritz,Fanta JA",1,0,1,0,0,0,0,1,0,1,1,0,0,1,1,0,0,1,0,0,1,0,0, ,2, ,1.2,1.2,1, , , ,1,10,1,9,1,7,1.2,1.5,1.4,.75, , , , ,0,-2,0,0,1,0,0,0,0,-1,0,0,0,0,1,1,0,0,0,1,0,0,1,1,0,1,1,0,2,0,0,2,0,5,9,8,3,6,3,9,8,8,9,5,9,2,5,6,3,8,2,4,7,7,4,5,5,2,8,9,1,7,2,1,1,1,1,2,1,0,3,4,0,5,0,1,2,2,2,2,2,2, , , , ,1,2,2,-1,1, , , , , ,1,0,0,0,-1,-1,-1,1,1,1,1,1,1,1,0,0,0,1, , , , , , , ,3,2, , ,2, , , ,4,2, , ,2, , , ,-1,0,0,2,2,-1,-2,1993,4, ,3, ,0,-1,0,0,0,0,0,2,-1,0,4, ,3,0, ,0, ,5,5,0,1,48734,6,1,1,.325246753685756,-.274811279613633,.30041174874641,-.585367950409739,-.408299801605136,-.639398117113616,-.378506501877874,-.134114984575623,1.41261055566555,4,3
110,1,1,0, ,1,1,0,1,1, ,5,1, , , , , , ,5,0,-2,-1,0,0,0,0,0,0,0,gar nicht,0,1,1,0,0, ,-1,-1,0,-2,Erfrischung,0,1,0,0,0,0,0,0,0,0,0,0,0,0,0,1,0,0,0,0,0,0,1,0,0,0,0,0,0,Korn,1,3,Noch nie jemandem ein Getränk empfohlen.,"Emsland Sonne, River, Fanta",1,0,0,0,0,0,0,1,1,1,1,0,1,1,1,0,0,0,0,0,1,0,0, , ,Graf Metternich,.95,.3,.01, , , ,1,10,1,1,1,1,1,1.01,1,.49, , , , ,1,0,1,-1,0,1,-2,-2,1,0,1,1,-1,0,0,-1,1,-1,-2,-1,-1,1,0,1,0,0,1,1,-1,0,0,1,0,5,3,2,2,3,3,1,1,4,3,4,4,3,5,5,3,5,6,2,5,5,3,6,4,7,5,3,4,6,4,2,1,4,4,9,4,2,1,9,7,5,7,2,1, ,0,0,-1,0, , , , ,1,-1,1,-1,1, , , , , ,1,-1,-1,1,1,-2,-1,-2,0,0,-1,0,0,-2,-1,-2,-2,1, , , , , , , ,3,1, , ,1, , , ,4,1, , ,1, , , ,1,0,-1,1,1,-2,2,1994,4, ,3, ,0,0,1,0,-2,-2,0,1,0,2,1, ,1,0, ,0, ,6,6,0, ,49835,0,1,1,.664131261640393,.475132989960332,-.497031489131864,-2.37228499487845,.101108487598773,.649000814720622,.0118314808218988,.215085066711396,-1.14693564860408,1,1
111,1,1,0, ,0,1,0,1,0, ,3,2, , , , ,2, ,4,2,-2,2,0,0,0,0,1,0,0, ,1,1,1,0,1, ,0,-1,0,-2,Fanta,1,0,0,0,0,0,0,0,0,0,0,0,0,0,0,0,0,0,0,0,1,0,0,1,1,0,1,0,0, ,2,5,"Orangenlimonaden werden nicht weiterempfohlen, da sie jeder kennt und darüber wird für gewöhnlich nicht geredet.","Fanta, Fritz, Emsland- Sonne, River",1,0,1,0,0,0,0,1,1,1,1,0,1,1,1,0,0,1,0,0,1,0,1, ,1, , , , ,6,5,1,2,8,2,8,2,1, , , , ,.6,1.2,1,.4,0,1,0,-1,-1,1,-1,0,-1,-1,-1,1,1,1,0,0,1,1,-2,-1,2,1,1,2,-1,1,1,-2,1,0,1,2,1,6,7,7,6,8,9,9,6,9,9,0,8,7,6,6,6,8,9,10,10,7,8,4,4,6,9,6,3,5,6,3,0,3,3,6,7,2,2,2,2,2,5, , , , , , , ,1,-2,1,0, , , , , ,2,1,-2,-2,1,0,0,-1,1,-1,1,1,-1,-1,0,-1,1,-1,1,1,-1,-2,2,0,1,-2,1,1,0,0,4,1, , , ,1, , ,1,2, , , , , ,2,1,-1,0,0,1,0,-1,1995,4, ,3, ,0,-1,0,1,0,0,-2,-1,-2,-1,1, ,1,0, ,0, ,4,4,0,2,49090,0,1,1,-2.23065231253041,-1.5287762736516,.190874924033767,-.351907826822135,2.83759041113336,-.176960706746194,1.0113320196516,-.454132887723784,2.17936337475206,4,3
112,1,1,0, ,0,1,0,1,0, ,2,1, ,1, , , , ,5,0,1,1,1,0,0,0,0,0,1, ,0,1,1,0,0, ,2,1,-1,1,"Fritz Kola,Mischgetränke (Spezi)trink ich nicht pur",0,0,0,0,0,0,0,0,0,0,0,1,0,0,1,0,1,0,1,0,1,0,0,1,0,0,0,0,0, ,1,9,"fritz- Produkte schmecken mir gut und ich trinke sie gerne. Am häufigsten trinke ich mit Freunden Fritz- Kola und probiere ab und zu die anderen Sorten (auch Die Orangenlimo). z.T. auch durch ""Abfärbung"" des guten Geschmacks der anderen Produkte besser beurteil (Image und Ruf eilt voraus)","Fanta, Fritz, Freeway (Discount-Artikel), Auburg, Vilsa",1,0,1,0,0,0,0,1,1,1,1,1,1,1,1,0,0,1,0,0,1,0,0, ,1, ,1,1.3,1.5, , , ,1,9,1,8,1,4,.8,1,.9,.5, , , , ,0,-2,1,1,1,0,0,-1,0,-1,0,1,1,0,1,0,0,-1,-2,-1,0,1,0,1,0,1,2,1,2,-1,1,1,2,3,7,7,7,6,5,10,6,5,5,3,8,5,5,7,7,8,8,7,8,9,5,5,4,3,7,9,8,7,6,5,4,6,6,8,8,7,6,8,8,9,8,1,0,0,-1,0,2,2, , , , ,2,1,-1,-1,1, , , , , ,1,-1,0,-1,0,-1,-2,0,0,0,0,0,0,0,0,0,-1,1, , , , , , , ,4,2, , , ,2, , ,3,1, , , ,1, , ,0,-1,-1,1,1,0,1,1996,4, ,3, ,0,-1,1,1,1,0,1,1,1,-1,1, ,1,0, ,0, ,2,2,0,1,49090,0,1,1,.842194717499677,-.231840776298817,-.100987560908965,.356066056401829,-.831509547604057,.0878792133435595,-1.91730478203995,-.332149437068544,.478668570775607,3,2
113,1,0,0, , , , , , , ,1,2, , , , , , ,5,1,-1,1,0,0,0,0,0,0,1, ,0,1,0,0,0, ,-1,-1,1,-1,Fanta,1,0,0,0,0,0,0,0,0,0,0,0,0,0,0,0,0,1,1,0,0,0,1,0,0,0,0,0,0, ,2,6,Erfrischendes Getränk im Sommer,"Fanta, VIO, Graf Metternich, Emsland-Sonne, River",1,0,0,0,0,0,1,1,1,1,1,1,1,1,1,0,0,1,0,0,1,0,0, , , , , , ,2,3,4,2,7,2,4,2,4, , , , ,.7,.9,.85,.4,1,-1,1,-1,0,1,-1,-1,0,-1,0,1,0,0,-1,-1,1,-1,-2,0,0,0,1,2,0,1,1,-1,1,0,0,1,1,5,7,5,4,4,4,8,6,3,4,4,4,4,3,3,4,6,4,4,6,4,4,4,4,4,6,4,4,5,4,3,4,4,4,4,4,3,4,6,4,4,4, , , , , , , ,1,-1,0,-1, , , , , ,-1,-1,-1,-1,-1,1,-1,-1,0,-1,0,-1,-2,1,0,0,0,-1,0,0,0,-2,2,-1,-1,-1,-1,1,0,-1,5,1, , , , ,1, ,6,1,1, , , , , ,0,1,1,0,1,1,1,1995,6, ,3, ,1,0,0,0,0,0,1,1,0,0,1, ,1,0, ,0, ,3,3,0,1,49740,0,1,1,.616004641368341,-.353243015639589,-.78945266799525,-.538058314196386,.313054672590284,.591584314483978,.00710571867167949,-.449729257077512,.338556723137805,1,1
114,0,1,0, ,0,0,0,1,0, ,2,1,1, , , , , ,2,2,-2,2,0,0,0,0,0,0,0, ,0,1,0,0,0, ,1,-2,1,1,Fanta,1,0,0,0,0,0,0,0,0,0,0,0,0,0,0,1,0,1,0,0,1,1,1,0,0,0,0,0,0, ,1,7,"ansprechendes design, angenehmer Geschmack","Fanta,",1,0,0,0,0,0,0,0,0,1,0,0,0,1,1,0,1,1,0,1,0,0,0, , , , , , , , , ,1,5,1,5,1,8, , , , , , , , ,2,-2,0,-2,-2,2,-2,0,1,-2,1,1,1,0,0,-1,-1,-1,-2,0,0,1,0,1,0,1,1,1,1,-1,1,1,1,5,6,8,5,7,6,10,4,2,6,0,3,2,3,8,7,7,3,2,0,8,3,7,3,2,7,8,2,7,7,2,0,6,3,7,2,1,0,8,3,9,2,2,2,2,2,2,2,2, , , , ,-2,2,2,-2,1, , , , , ,2,-2,-1,-1,-1,-2,-2,-2,2,0,-1,1,-2,1,1,-2,-2,1, , , , , , , ,3,1, , ,1, , , ,3,1, , , ,1, , ,-2,0,1,-1,2,-2,2,1993,4, ,3, ,0,-2,-1,1,1,-2,0,1,0,-1,4, ,3,0, ,0, ,2,2,0,1, ,0,2,1,.142198816701895,-.376174170562271,-1.81712003265646,-.459028792616824,-1.34148449252264,.153634321384297,1.64790755734946,.815905562054595,-.0361259036884021,1,1
115,1,1,0, ,0,1,0,1,1, ,3,1, , , , ,1, ,5,2,-2,1,1,0,0,0,0,0,0, ,0,1,0,0,0, ,0,-1,0,0,"Süß, Zucker",0,0,0,0,1,0,0,0,1,0,0,0,0,0,0,0,0,0,0,0,1,0,1,0,0,0,0,0,0, ,1,3,Das Produkt sieht sehr künstlich aus wegen der Farbe. Schmeckt nicht und zu viel ZUcker,"Fanta, Mirinda, Vio Limo, Fritz, Krumbacher",1,0,0,1,0,0,1,0,0,1,0,0,0,1,1,0,1,0,0,1,1,0,1, ,1, ,.9,1,1, , , ,1,7,1,6,1,8,1,1.3,1.2,.5, , , , ,0,-2,0,-1,-1,1,0,-1,0,0,0,1,1,1,1,1,1,0,0,0,0,0,1,1,0,0,0,1,-1,-1,0,-1,0,2,5,1,2,2,2,10,1,4,2,2,3,1,1,3,2,6,3,1,6,4,3,6,3,2,3,6,1,4,6,1,0,1,1,3,2,2,1,2,1,4,3,0,1,0,0,1,0,0, , , , ,-2,-1,1,1,1, , , , , ,1,-1,0,0,-1,-2,-2,1,1,2,2,2,2,-1,-2,-2,0,1, , , , , , , ,4,1, , , ,1, , ,4,1, , ,1, , , ,-1,1,0,1,1,-2,1,1994,4, ,3, ,1,-2,1,0,0,0,1,1,-1,0,3, ,2,0, ,4,"Natürliche, unverarbeitete Produkte",2,2,0,2,49090,1,2,1,.323181735811467,-.47968801330138,.540888911582155,-.621871827173218,-1.22149911606793,-.39188290796938,.854124126280436,-.206582198683322,.917187559879178,4,3
116,1,1,0, ,0,1,0,1,0, ,2,2, , , , ,1, ,2,0,0,1,1,0,0,0,0,0,1, ,0,1,0,0,0, ,1,-2,1,0,FantaZucker,1,0,0,0,0,0,0,0,1,0,0,0,0,0,0,0,0,0,0,0,1,0,1,0,1,0,0,0,0, ,2,5,Geschmack,FantaFritz,1,0,1,0,0,0,0,0,0,1,1,0,0,1,1,0,0,1,0,0,1,0,0, ,1, , , , ,3,2,3,2,5,2,5,2,5, , , , ,.7,1,.75,.3,2,-2,0,-1,0,1,-1,-1,-1,-1,-1,0,0,0,1,-1,1,-1,-1,-2,-2,1,0,2,-1,0,0,-2,2,0,1,0,1,3,6,5,5,7,5,9,2, ,5,3,5,4,4, ,7,6,5,3,8, ,4,4,5,3,5, ,4,6,4,3,3, ,6,7,5,3,5, ,8,7,4, , , , , , , ,1,-2,1,-1, , , , , ,1,1,-1,-1,-1,1,-1,0,-1,-1,-1,0,0,1,-1,1,0,-1,-1,0,-1,-1,2,1,1,1,0,0,1,-1,3,1, , ,1, , , ,2,1, , , , ,1, ,-1,-1,-1,1,1,0,0,1995,4, ,3, ,0,0,1,1,-1,0,-1,1,0,1,4, ,2,0, ,0, ,1,1,0,2,49090,5,1,1,.50149838947076,-1.28850774102308,.0674634519771033,-.37184301957312,.467739275899157,.248887894501487,-.866800861094914,-.42562742793019,-1.19791591119546,4,3
117,1,1,0, ,0,1,0,1,0, ,2,2, ,2, , , , ,3,1,-2,1,1,1,0,0,0,0,1, ,0,1,0,0,1, ,-1,0,1,-1,"orange, süß, zucker",0,0,0,0,1,0,0,0,1,1,0,0,0,0,0,0,0,1,0,0,1,0,1,0,0,0,0,0,0, ,2,2,zu süß,"Fritz, Coca Cola, Vio, Sinalco, Schweppes, San Pelegrino",0,1,1,0,0,0,1,0,1,1,1,1,1,0,1,0,1,1,0,0,1,0,1, ,11, , , , ,4,5,6,2,4,2,6,2,9, , , , ,1,1.2,1.2,.6,-1,-2,1,0,1,0,-1,1,1,-1,1,1,1,0,0,0,0,-1,-1,-1,-1,-1,0,2,0,0,0,-2,-1,0,0,1,0,4,4,6,7,7,6,10,5,3,3,3,5,4,4,5,6,6,4,4,8,8,5,6,4,0,5,8,5,7,4,2,3,3,5,6,3,2,3,6,8,4,3, , , , , , , ,0,1,0,1, , , , , ,1,1,-1,-1,1,-1,-2,0,0,0,-1,-1,-1,-1,-1,-1,1,0,0,0,-1,-1,2,1,0,1,1,0,-1,0,1,3,3, , , , , ,4,3, , ,3, , , ,0,0,0,1,1,-1,2,1995,4, ,3, ,1,-1,-1,1,0,0,1,1,1,1,1, ,1,0, ,0, ,4,4,0,2,49090,0,1,1,1.31375960295688,.46562228076198,-.781827294061954,.020769595519879,-.378974298347427,-.542266540583488,.410044601381394,-1.70239689553892,.017849975250361,1,1
118,1,0,0, , , , , , , ,2,1, , , , , , ,4,1,-1,1,0,0,0,0,0,0,0,garnicht,0,0,0,0,1, ,-2,-2, ,-2,fruchtig,0,0,0,0,0,0,1,0,0,0,0,0,0,0,0,0,1,1,0,0,1,0,0,0,1,0,0,0,0, ,1,0, ,Fanta Vio,1,0,0,0,0,0,1,0,0,1,1,0,0,1,1,0,0,1,0,0,1,0,1, , , ,.5,.3,.1, , , ,1,5,1,1,1,1,.4,.8,.6,.35, , , , ,-2,-2,0,-2,-2,2,-1,-2,0,-1,1,1,1,1,-1,-1,-1,-1,-2,-2,0,0,1,1,1,-1,0,1,-2,-1,-1,0,-1,3,7,3,3,0,2,7,1,5,3,0,2,3,3,3,4,0,4,2,3,2,2,0,4,1,8,2,3,0,4,1,1,2,3,0,3,2,2,1,1,0,2,-2,1,1,0,1,1,1, , , , ,2,1,-1,-2,-1, , , , , ,2,-2,0,1,-2,-2,-2,-2,0,-1,-1,-1,-1,-1,-1,-1,-2,1, , , , , , , ,6,1, , , , , ,1,1,1, , , , , ,1,1,0,1,-2,1,1,-1,1995,4, ,3, ,0,-1,-1,0,0,0,0,1,0,0,4, ,2,0, ,0, ,2,2,0,1,49549,0,1,1,.371164105824421,-.363983758769429,-1.94440789640567,-.30314716606934,-1.35949956187851,-1.10618787908783,-.159280236358369,-1.32644068417091,.179141804032047,1,1
119,1,1,0, ,0,1,0,1,0, ,2,2, , , , ,3, ,5,2,-2,2,0,0,0,0,0,0,1,tradition,0,1,0,0,0, ,-1,-2,2,0,fanta,1,0,0,0,0,0,0,0,0,0,0,0,0,0,0,0,0,1,1,0,1,1,1,0,0,0,0,0,0, ,2,10,fanta gab es immer schon,fanta vio fritz sonniger,1,0,1,0,0,0,1,0,0,1,1,0,0,1,0,0,0,0,0,0,0,0,0, ,1, , , , ,3,2,1,2,8,2,1,2,4, , , , ,.75,.85,.8,.3,2,-2,0,-2,-1,2,-2,-2,-2,-2,-2,0,-2,-1,2,-2,-1,0,-2,-2,2,0,-1,2,1,2,2,-2,-2,-1,0,1,1,3,5,6,2,8,3,6,0,4,4,0,2,0,6,2,4,8,5,2,4,4,2,3,5,2,7,3,4,4,4,0,6,1,2,3,3,3,5,0,4,5,5, , , , , , , ,-1,1,1,-2, , , , , ,1,1,-1,-2,1,2,-2,0,-2,-2,0,-2,-2,-1,1,-1,1,-2,-2,-1,-2,-2,2,1,1,1,0,1,0,-2,5,1, , , , ,1, ,1,1, , , , , ,1,1,-2,1,0,-1,1,-2,1994,4, ,3, ,0,-2,1,-1,-2,-1,1,2,1,-2,4, ,2,0, ,0, ,6,6,0,1,48282,3,1,1,.734314039364694,-2.01052576915504,-.885823861276371,-1.97170167000126,-.464776620312764,.636293502853557,1.52428578921569,-1.17545321450358,1.62387347595642,1,1
120,1,1,0, ,0,0,0,1,0, ,2,2, , ,1, ,1, ,3,2,-2,2,1,0,0,0,0,0,1, ,0,1,0,0,1, ,1,1,1,1,Kiosk,0,0,0,0,0,0,0,0,0,0,0,0,0,0,1,0,0,0,1,0,1,0,1,1,0,0,0,0,0, ,2,7,"Ich kenne Fanta, sie schmeckt, aber es gibt bessere Orangen-Limonaden.","Orangina, Mirinda, Sinalco, Fanta",1,1,0,1,1,0,0,0,0,1,1,1,0,1,1,0,1,1,0,0,1,0,1, ,4, , , , ,6,6,6,2,8,2,8,2,8, , , , ,.5,1,.7,.3,1,-2,2,0,0,1,2,0,1,1,1,2,1,0,2,-1,2,-2,1,-2,1,1,2,2,-2,-1,1,-2,-1,0,0,1,-1,3,5,6,5,6,6,10,6,2,2,4,7,0,0,3,3,6,2,5,9,6,5,5,4,3,4,8,8,6,6,0,0,2,2,4,1,0,1,4,5,6,1, , , , , , , ,2,2,-1,2, , , , , ,-1,-1,-1,-1,-1,1,-2,0,1,-2,-2,-2,-1,-1,1,1,2,-1,-1,-1,-1,1,2,1,0,-1,0,0,0,0,1,1,1, , , , , ,3,2, , , ,2, , ,-2,2,2,1,1,-1,1,1994,4, ,3, ,1,-1,1,-1,-1,-1,-1,2,0,2,2, ,1,1,Garnelen,0, ,2,2,0,1,49170,3,1,1,.809823275183882,.771526587693964,.654063397046955,-1.96507484799387,-1.36080860887804,2.02028574339371,.978663731990171,-.688765232108364,-.439736729956853,1,1
121,1,0,0, , , , , , , ,1,2, , , , , , ,2,0,2,0,1,0,0,0,0,0,1, ,1,0,0,0,0, ,1,0,2,2,"Eher an ein Getränk, das mehr nach Limonade als nach Orange schmeckt. Auch denke ich dabei an ein eher saures Getränk ohne Kohlensäure. Ich denke eher an etwas fruchtfleischhaltiges und nicht an etwas chemisches. Die Realität spiegelt dies jedoch oftmals leider nicht wieder.",0,0,0,0,0,0,1,0,0,0,0,0,0,0,1,0,1,0,0,1,0,0,0,1,1,0,0,0,1, ,2,1,Ich bin aus Prinzip eher gegen zuckerhaltige Getränke und chemische Getränke,"Fritz limo, Fanta, VIO",1,0,1,0,0,0,1,0,0,1,1,0,1,1,1,0,0,1,0,0,0,0,0, , , , , , ,6,6,6,2,6,2,8,2,10, , , , ,1.2,1.5,1.3,1,2,-1,-2,1,0,2,0,2,-2,-2,-2,2,2,-1,2,2,0,-2,2,0,-1,2,2,2,-2,0,1,-2,0,2,0,1,1,5,6,9,7,5,5,10,7,6,5,3,4,4,3,7,8,7,6,8,5,10,3,5,3,4,6,8,5,8,1,0,0,8,7,9,4,1,1,8,7,9,8, , , , , , , ,2,0,0,-2, , , , , ,2,2,-2,1,-1,0,-1,1,1,-1,1,-2,2,1,2,1,2,2,2,-1,-2,1,2,0,-1,1,0,0,1,1,6,3, , , , , ,3,4,3, , ,3, , , ,-2,2,-2,2,2,-2,0,1993, ,Bachelor of Arts,3, ,2,-1,0,0,-2,-2,1,1,1,2,2, ,1,0, ,4,BIO und fleischarm,3,3,0,2,49086,1,1,1,1.65147713635975,-1.99556260358452,1.57318194867764,-2.20194259834974,.330362750687791,-.365235500187017,-2.70881919576189,1.89382477629945,-1.18546196170866,2,2
122,1,1,0, ,0,1,0,1,0, ,3,1, ,2, , ,1, ,5,1,-1,1,1,0,0,0,0,0,0, ,0,1,1,0,0, ,-2,-2,1,-1,An Fanta oder Orangina,1,0,0,0,0,0,0,0,0,0,0,0,0,0,1,1,0,1,1,0,1,0,1,0,0,0,0,0,0, ,1,1,Finde ich nicht ansprechend,"Fanta, Orangina, Fritz, Ja, Pepsi,",1,0,1,0,1,0,0,1,0,1,1,1,1,1,1,1,1,1,0,0,1,0,1, ,1, , , , , , , ,1,6,1,3,1,3,1,2,1.5,.5, , , , ,1,-2,0,-2,-1,1,0,0,-1,-1,0,1,-2,1,0,-1,-1,1,-1,1,0,1,0,1,-1,-1,0,2,-1,-1,0,0,-2,4,7,4,5,7,9,8,5,8,2,2,2,0,3,3,5,8,7, , , , , , ,5,5,0,2,5,5,1,1,1,3,4,1,2,2,2,5,5,2,0,1,2,1,-1,-1,1, , , , ,-1,1,-1,-2,1, , , , , ,1,-1,0,-2,-2,1,-2,0,1,1,1,0,1,0,-1,0,0,1, , , , , , , ,1,1,1, , , , , ,4,1, , ,1, , , ,-2,1,1,0,1,-1,1,1993,4, ,3, ,-1,-2,1,1,1,0,1,1,1,1,3, ,2,0, ,0, ,5,5,0,2,49090,0,1,1,1.53574512676092,-.83698203186401,-1.49788931266815,.592401143348502,-.280082204397932,-.749283093651882,.203755799538035,.742969498274828,1.75313964102254,4,3
123,1,1,0, ,0,1,0,0,0, ,1,1, , , , ,1, ,2,0,-2,1,1,0,0,0,1,0,1, ,0,1,1,0,0, ,-2,0,0,1,Fanta,1,0,0,0,0,0,0,0,0,0,0,0,0,0,0,1,1,1,0,0,1,0,0,0,1,0,0,0,0, ,1,4,Fritz schmeckt nicht so gut,FantaFritz Mirinda Vio,1,0,1,1,1,0,1,0,0,1,1,0,0,1,1,0,0,1,0,1,1,0,1, ,1, ,2,3,2, , , ,1,10,1,2,1,1,.7,1.5,1,.5, , , , ,-1,-2,-2,-2,-1,1,0,1,1,0,0,1,0,2,2,1,0,-1,-1,-1,0,1,0,1,0,1,1,1,2,0,1,1,1,4,10,10,7,5,3,10,5,4,10,10,4,4,4,7,8,7,4,5,9,5,5,5,5,2,5,9,9,9,2,5,5,8,8,8,5,0,4,8,9,9,0,0,2,-1,-1,1,2,1, , , , ,-1,-1,-1,-1,1, , , , , ,1,1,0,-1,-2,0,-1,1,0,1,0,1,2,1,-1,-1,1,1, , , , , , , ,6,1, , , , , ,1,1,1, , , , , ,1,-1,0,1,1,1,-1,0,1995,4, ,3, ,0,-1,1,2,1,1,0,0,0,0,5, ,2,0, ,0, ,3,3,0,1,32130,0,2,1,.33577054076591,-.111135868495746,-.14380670232323,1.34699185672071,-.05639833725733,-2.08970569471718,.118622161691138,-.0063323038411558,-.141963600113206,3,2
124,1,0,0, , , , , , , ,1,2, , , , , , ,3,2,-2,2,1,0,0,0,0,0,1, ,0,1,0,0,0, ,2,-2,0,0,"Party, Fanta, Kindheit",1,0,0,0,0,0,0,0,0,0,1,0,0,1,0,0,0,0,0,0,1,0,1,1,0,0,0,0,0, ,2,2,Kenn doch eh schon jeder und ist irgendwie nichts besonderes mehr. Außerdem viel zu süs,"Fanta, Fritz, Orangina, Vio",1,0,1,0,0,0,1,0,0,1,1,1,1,1,1,0,1,1,0,0,1,0,1, , , , , , ,4,5,3,2,4,2,7,2,3, , , , ,1,1.5,1.2,.7,0,-2,0,0,1,0,-1,1,1,0,1,2,0,1,2,2,2,-1,1,1,-2,0,1,2,0,0,1,-2,-1,1,1,-1,1,3,3,7,7,5,6,10,6,6,7,6,6,2,2,7,7,6,3,6,7,9,7,8,2,1,3,9,6,7,1,1,1,4,5,4,1,1,1,6,7,7,1, , , , , , , ,2,-2,0,-1, , , , , ,1,-1,-1,-2,-1,-1,0,1,1,0,-1,-2,1,0,2,1,2,1,-1,0,0,1,2,-2,-2,1,-1,0,-1,-1,2,2, ,2, , , , ,3,2, , , ,2, , ,-1,1,-2,1,-1,-2,1,1994,4, ,3, ,0,-2,1,1,1,0,0,0,0,1,5, ,2,0, ,2, ,3,3, ,3,49090,0,2,1,.433311839370172,.488910861745379,1.65834399323273,.00693736230631792,-.653486705313882,-.639478501286276,.736360270872251,.247860244420132,-.28791058043916,3,2
125,1,1,0, ,0,1,0,0,0, ,3,2, , , , ,4, ,5,2,-2,2,1,0,0,0,1,0,1, ,0,1,0,0,0, ,1,-2,0,1,"An ein erfrischendes Getränke, welches gut im Sommer verzehrt werden kann.",0,1,1,0,0,0,0,0,0,0,0,0,0,0,0,1,0,1,1,1,0,0,1,0,0,0,0,0,0, ,2,5,"Normalerweise ist die Fanta schon so bekannt, dass man sie nicht weiterempfehlen musss.","Schmeckt leicht künstlich, sehr süß, kein natürlicher Orangengeschmack, erfrischend", , , , , , , , , ,1,1,1,0,1,1,0,1,1,0,0,0,0,0, ,1, , , , ,1,2,2,2,6,2,4,2,7, , , , ,.55,.7,.65,.5,2,-1,0,0,-1,1,-2,-1,0,0,1,1,0,1,1,1,2,0,2,2,1,2,2,2,1,-1,0,-1,0,1,1,0,0,3,3,3,5,2,3,10,1,2,4,3,4,1,5,6,3,7,3,0,7,7,3,7,2,0,5,8,3,5,6,8,3,7,2,5,4,2,3,7,6,4,2, , , , , , , ,2,1,0,2, , , , , ,-1,-1,-1,1,-1,1,-1,-1,0,-1,0,-1,0,0,1,1,1,0,0,-2,-2,2,2,1,1,1,-1,1,-1,1,3,1, , ,1, , , ,2,1, , , , ,1, ,-1,0,1,-1,0,0,-1,1996,4, ,3, ,1,-1,0,2,2,1,-1,-1,-1,-1,2, ,1,0, ,0, ,3,3, ,1,48432,0,2,1,-1.14926072141306,-.278055286712383,.80183747532442,1.22500244984101,.29628097239239,.407471234829912,1.00451449494145,1.9657128296882,1.32606643020303,3,2
126,1,0,0, , , , , , , ,1,1, , , , , , ,5,1,0,2,1,0,0,0,0,0,1,"Kneipe, Bar, Kiosk",0,1,0,0,0, ,2,-2,1,-1,"An einen engen Freundeskreis, der gefühlt nichts anderes trinkt",0,0,0,0,0,0,0,0,0,0,0,0,0,0,1,0,0,0,1,0,1,0,1,0,0,0,0,0,0, ,1,4,"Mag ich nicht, Hipster-Image",FantaSinalcoFritzMiranda,1,1,1,1,0,0,0,0,0,1,0,0,1,1,1,0,0,1,0,0,1,0,0, , , ,1,1,1, , , ,1,10,1,6,1,6,.75,1.5,1.2,.6, , , , ,1,-2,1,-1,0,1,1,0,0,-1,1,1,-1,2,0,1,0,-2,-2,-1,1,1,-1,1,-1,0,1,1,2,-1,2,1,0,4,7,5,3,4,2,10,8,3,3,0,10,2,5,6,4,7,5,2,3,4,2,3,3,0,5,6,2,6,3,1,3,4,1,5,2,2,6,7,2,0,6,1,-1,0,1,-1,2,2, , , , ,-1,1,1,-1,1, , , , , ,2,1,-1,-1,-2,-2,-2,1,-1,0,-2,1,0,-1,-1,-1,-2,1, , , , , , , ,5,1, , , , ,1, ,5,1, ,1, , , , ,-2,0,0,1,2,2,2,1993,4, ,3, ,-1,-2,0,2,2,2,-2,-1,-2,-1,4, ,3,0, ,0, ,7,7,0,1,49356,6,1,1,-1.8012839643091,-.215973333371135,-.0883649438662081,1.65263191043326,-1.45529962076084,1.27595809885881,-1.25874786504338,-.269420971055696,.228351455925325,3,2
127,1,0,0, , , , , , , ,3,1, , , , , , ,2,2,-1,1,1,1,1,0,0,0,1, ,0,1,1,0,1, ,0,-1,0,1,Fanta,1,0,0,0,0,0,0,0,0,0,0,0,0,0,0,0,0,1,0,0,1,0,0,0,0,0,0,0,0, ,1,9,Im Sensorik-Test empfand ich diese Limo als wohlschmeckend,"Fanta, Fritz-Limo, Vio",1,0,1,0,0,0,1,0,0,1,1,1,1,0,1,0,0,1,0,0,1,0,0, , , ,.6,.6,.1, , , ,1,8,1,8,1,2,.6,1.5,1,.3, , , , ,0,-2,-1,-1,-1,1,2,0,0,-1,0,1,1,1,0,2,1,-1,1,1,1,1,1,1,0,0,1,0,0,0,0,1,1,5,7,7,5,7,5,9,3,5,5,5,5,3,2,4,5,6,5,6,9,9,5,6,4,3,5,7,5,7,5,2,2,2,2,2,2,5,5,7,5,8,5,0,2,0,0,2,-2,2, , , , ,-2,1,-1,1,-1, , , , , ,1,0,-1,0,-1,-2,-2,2,1,1,2,1,2,0,-1,-1,1,1, , , , , , , ,1,1,1, , , , , ,6,2,2, , , , , ,0,-1,-1,1,0,-2,2,1994,4, ,3, ,0,-1,-1,0,1,0,-1,-1,-1,-1,5, ,3,0, ,0, ,6,6,0,3,49080,0,2,1,-1.26349210196883,-.686613762745329,.602014122211445,-.454169354483823,-1.30733617861279,-.424667525316766,-.066026794214712,1.11895953020537,.944731170462883,4,3
128,1,1,0, ,1,0,0,1,0, ,3,2,1,1, , ,1, ,4,1,-2,1,1,0,0,0,0,0,0, ,0,1,0,0,0, ,0,-2,2,-1, , , , , , , , , , , , , , , , ,0,0,0,1,0,1,0,1,0,0,0,1,0,0,ungesund,2,2, ,"Fanta, Fritz, Pepsi",1,0,1,0,0,0,0,0,0,1,1,0,0,1,1,0,1,1,0,0,0,0,0, ,1, , , , ,4,6,1,2,5,2,7,2,1, , , , ,1.3,2,1.7,.2,1,-2,-1,-2,0,2,-2,-2,2,1,2,1,0,1,0,2,1,-2,-2,0,1,1,1,2,-2,-2,-1,-2,0,-1,1,0,1,6,5,9, , , ,10,3,1, , , ,0,0,7, , , ,6,8,3, , , ,5,8,10, , , ,0,0,5, , , ,0,0,6, , , , , , , , , , ,-2,-2,2,0, , , , , ,1,1,-1,2,-2,2,-2,-2,0,-1,-2,-2,2,1,-1,0,-1,2,0,-2,-2,-2,2,1,-2,-2,2,-1,0,0,1,2,2, , , , , ,4,2, , ,2, , , ,-2,1,0,2,0,-2,2,1996,4, ,3, ,0,-2,1,2,0,0,-2,-2,-2,-2,3, ,1,0, ,0, ,2,2,0,2,49090,0,1,1,-2.53135684489462,1.50127915923566,-.000945838386883557,-.11213713403998,-1.50234502276747,.175494999009302,.251018533851558,.78607929011947,-.135577224798966,1,1
129,1,1,0, ,0,1,0,0,0, ,1,2, , , , ,1, ,2,1,-1,1,1,0,0,0,1,0,1, ,0,1,0,0,1, ,-2,2,1,1,Fanta,1,0,0,0,0,0,0,0,0,0,0,0,0,0,0,1,1,0,0,0,0,0,1,0,1,0,1,0,0, ,2,5,"Standardprodukt. Erfüllt seinen Zweck,hat aber den Fanta-typischen Geschmack","Fanta,Fritz Limonade,Vio,Sinalco",1,1,1,0,0,0,1,0,0,1,1,1,1,1,1,0,0,1,0,0,1,0,1, ,11, , , , ,3,4,4,2,4,2,4,2,8, , , , ,.79,.99,.89,.59,1,-2,1,1,2,0,-1,1,1,0,0,1,-1,1,1,0,0,-1,-1,1,-1,1,1,2,0,0,1,-2,0,0,-1,1,0,4,6,8,6,9,8,10,8,2,9,4,6,4,6,8,4,9,7,6,8,3,2,4,2,3,6,7,2,8,7,3,4,8,3,9,6,3,4,8,3,8,6, , , , , , , ,1,0,-1,0, , , , , ,1,1,-1,1,-1,0,-1,1,0,-1,0,0,-1,1,1,0,1,-1,1,0,-1,0,2,1,1,1,-1,1,0,-1,1,1,1, , , , , ,3,3, , , ,3, , ,1,0,0,0,1,-1,0,1994,4, , , ,0,-1,0,1,0,0,1,1,1,1,2, ,1,0, ,0, ,3,3,0,1,49191,0,1,1,1.41928782508647,.620663982664801,-.29161594405085,-.147662095475978,.543286468521338,.00969109896227943,-.0785899598256568,.688637729581438,-.0960431205441176,3,2
130,1,1,0, ,0,1,0,1,1, ,3,2, ,5, , , , ,5,2,-2,2,1,0,0,0,0,0,1, ,0,1,1,0,1, ,0,1,2,2,Fanta und Fritz.Fruchtig und saurer Geschmack.Nicht zusüß,1,0,0,0,0,0,0,0,0,0,0,0,0,0,0,1,1,0,0,0,1,0,0,0,1,0,1,0,0, ,2,3,"Kaufe ungern Cola,Fanta,Sprite etc.tendiere eher zu Limo-Alternativen wie Fritz oder Bionade.",Fanta. Fritz. Sinalco. Vilsa,1,1,1,0,0,0,0,0,0,1,1,0,1,1,1,0,1,1,0,1,1,0,0, ,3, , , , ,4,6,4,2,10,2,10,2,10, , , , ,1.5, , , ,2,-1,2,-1,2,2,0,0,1,1,1,2,2,0,1,2,2,-2,-2,-2,1,2,2,2,1,1,1,-1,-1,2,-1,1,0,6,6,7,7,6,6,9,9,3,3,6,6,3,3,5,5,5,5,4,5,10,3,3,3,4,3,7,10,3,3,2,1,2,2,2,2,4,4,5,5,5,5, , , , , , , ,2,2,-1,0, , , , , ,-1,1,-1,-2,-2,-1,-1,-1,-1,1,1,0,-1,-1,1,0,2,-1,0,-1,2,0,2,0,-1,-1,-1,0,-2,0,2,2, ,2, , , , ,6,2,2, , , , , ,-1,1,-2,1,0,-2,1,1990,4, ,3, ,-1,-1,0,1,0,-1,-1,-1,-1,-1,2, ,1,0, ,0, ,5,5,0,1,49681,5,1,1,-1.43462782342465,1.00774354957337,1.3205853138414,-.934583485829966,1.30464360204753,2.34869619024207,1.14629430310693,-.127423747638424,-.474296949999319,1,1
131,1,1,0, ,0,1,0,0,0, ,2,1, ,1,1, , , ,2,1,0,0,1,0,0,0,0,0,0, ,0,1,0,0,1, ,-1,1,1,-1,"orangen, Fanta, orange",1,0,0,0,0,0,0,0,0,1,0,0,0,0,0,0,0,0,0,0,1,0,0,0,1,0,0,0,0, ,1,4,Zu süß,"Fanta, River",1,0,0,0,0,0,0,1,0,1,1,1,1,1,1,0,1,1,0,0,1,0,1, ,5, ,.3,.3,.3, , , ,1,5,1,4,1,3,.45,.8,.65,.2, , , , ,-1,-1,0,-1,1,0,-2,0,1,-1,0,1,1,2,2,1,2,-1,0,0,-1,1,1,1,-1,1,1,-2,1,-1,2,0,1,3,5,7,5,5,8,10,0,0,7,3,5,2,0,2,2,6,2,0,2,2,1,1,0,0,3,7,2,5,5,0,0,2,0,4,2,0,0,2,0,3,1,-2,2,-1,-1,1,-1,0, , , , ,-1,1,-1,-2,1, , , , , ,0,0,0,1,-2,-1,-2,-1,-1,0,-2,1,-1,-1,0,1,1,1, , , , , , , ,5, , , , , , , ,5,1, ,1, , , , ,-1,0,-2,1,0,-1,0,1992,4, ,3, ,0,-1,0,1,1,2,-1,0,0,1,2, ,2,0, ,4,bewusst fleischreich,4,4,0,1,49152,0,1,1,.0948817124668832,-.147332329162636,1.70961366114381,.792226367511332,-.248562579185279,-.639508602521051,-1.45015776074647,.0917561307967529,.109550025968103,3,2
132,1,1,0, ,0,0,0,1,0, ,4,2, , , , ,1, ,5,0,-1,1,1,0,0,0,0,0,1, ,1,1,1,0,1, ,0,1,-1,1,Geschmack,0,0,0,0,0,0,0,0,0,0,0,0,0,0,1,1,0,1,1,0,0,0,0,1,1,0,0,0,0, ,2,0,Kennt jeder,"Fanta, Diet, Vilsa, Sinalco",1,1,0,0,0,0,0,0,0,1,0,1,1,0,1,0,0,0,0,0,0,0,0, ,12,nach Angebot des Marktes, , , ,1,1,1,2,5,2,5,2,5, , , , ,.75,1,.9,.5,1,-1,0,-1,0,1,-2,-1,-1,-2,-1,1,-1,2,0,0,0,0,-1,0,-1,1,0,2,-1,-1,1,-2,-2,0,0,0,0,5,4,7,5,5,5,7,6,4,4,4,4,4,4,5,4,4,4,2,5,5,4,3,4,0,2,4,0,3,4,0,1,2,2,3,3,1,3,2,1,1,2, , , , , , , ,1,-2,-1,1, , , , , ,1,1,-1,-1,-1,1,2,-1,-1,-1,1,1,0,0,0,0,1,0,0,0,0,0,2,0,-1,0,-1,-2,1,-1,3,1, , ,1, , , ,4,1, , ,1, , , ,-1,-1,1,-1,2,0,1,1994,4, ,3, ,0,-2,1,1,2,1,-1,0,-2,-1,4, ,2,0, ,0, ,6,6,0,1,31592,0,1,1,-1.09550891092836,-1.64083988929772,-.474187005700343,1.15769305333668,1.99596960861045,-.601641996166554,-.228512635030435,-.0509124040735229,.449172245779278,4,3
133,1,0,0, , , , , , , ,1,1, , , , , , ,3,1,-1,1,1,0,0,0,1,0,0, ,0,1,0,0,0, ,2,-2,1,-1,Als Mischmittel für Wein oder alkoholische Getränke,0,0,0,0,0,0,0,0,0,0,0,1,0,0,0,0,0,1,1,0,0,0,1,1,0,0,0,0,0, ,1,4,"Selbst noch nie getrunken, dennoch gutes Design",Fantavio bioFassbrause fritz,1,0,1,0,0,0,0,0,0,1,0,0,0,1,1,0,1,1,0,0,1,0,1, , , ,1,1.75,2, , , ,1,9,1,9,1,9,2,3,2.8,.75, , , , ,2,-2,2,-2,1,2,1,-1,2,2,2,1,2,0,1,0,1,-1,-2,0,1,2,-1,1,0,2,2,1,2,0,1,2,2,2,4,5,2,4,6,10,6,2,6,3,4, , , , , , ,1,4,3,5,4,4,0,3,7,4,8,4,0,3,5,5,6,2,0,4,8,4,7,5,-1,2,-1,1,2,0,2, , , , ,-2,-1,-1,-1,2, , , , , ,0,0,-1,1,0,2,-1,0,2,1,1,1,0,-2,-1,-2,-1,1, , , , , , , ,3,1, , ,1, , , ,5,1, ,1, , , , ,-1,0,0,1,2,1,1,1997,4, ,3, ,0,1,1,1,-1,-1,-2,-1,0,0,2, ,1,0, ,0, ,5,5,0,1,49090,0,2,1,-.929838739396773,2.1843889809142,-.152149263598233,-1.13339949652951,.434953219316029,1.69272696003611,.202248353799763,.771138879793752,.650011318216635,1,1
134,1,0,0, , , , , , , ,2,2, , , , , , ,5,1,-2,2,1,0,0,0,0,0,0, ,0,0,0,0,1, ,2,-2,-1,0,Fanta,1,0,0,0,0,0,0,0,0,0,0,0,0,0,0,0,0,0,1,0,1,0,0,1,0,0,0,0,0, ,2,5,Trinke Fanta lebe bunter,FantaRiverFritzVio,1,0,1,0,0,0,1,0,0,1,1,0,1,1,1,0,0,1,0,0,1,0,1, , , , , , ,6,6,6,2,5,2,5,2,5, , , , ,1.2,1.6,1.59,.99,-2,-2,-1,-1,0,-1,1,-1,-1,0,1,1,1, ,-1,-1,0,-2,-2,1,-2,2,-2,2,-1,0,1,-2,-1,0,0,1,0,2,4,5,4,5,3,9,5,4,5,3,5,2,3,5,3,6,2,4,4,10,4,3,0,4,4,4,6,5,5,0,0,2,1,2,0, , , , , , , , , , , , , ,0,-1,1,2, , , , , ,-1,-1,-1,-2,-1,0,0,-1,1,0,0,-1,-1,-1,-1,1,-1,-2,-1,0,0,0,2,0,0,0,1,0,0,-1,3,1, , ,1, , , ,1,2, , , , , ,2,-1,-1,1,-1,0,-1,-1,1995,4, ,3, ,0,-1,0,1,0,0,-2,-1,-2,-1,2, ,1,0, ,0, ,3,3,0,2,48477,6,1,1,-1.80012325556221,-.091643925736355,-1.49508196737717,-.23839728044481,.176168860468022,-1.93574767710791,.709998032506601,1.15441195241186,-1.05452199622096,3,2
135,0,0,1,Ich mag keine Orangen in leglicher Art, , , , , , , ,2, , , , , , , , , , , , , , , , , , , , , , , , , , , , ,Fanta,1,0,0,0,0,0,0,0,0,0,0,0,0,0,0,0,0,0,0,0,1,0,1,0,0,0,0,0,0, ,2,7,"Ich selber mag keine Orangenlimonade, aber für Leute die sowas mögen ist Fanta eine gute Sorte.","Fante, Vio, Fritz",1,0,1,0,0,0,1,0,0,1,1,1,1,1,1,0,1,1,1,0,1,0,1, , , , , , ,5,5,5,2,5,2,6,2,6, , , , ,.8,1.9,1.5,.3, , , , , , , , , , , , , , , , , , , , , , , ,2,-1,1,1,0,1,0,1,2,1,1,6,6,2,3,8,10,3,4,6,4,5,0,0,8,6,7,7,2,9,9,5,9,4,3,8,10,1,7,5,0,2,6,1,6,5,0,3,10,2,6,3, , , , , , , ,0,2,1,-1, , , , , ,1,-1,-2,-2,-2, , , , , , , , , , , , , , , , , ,2,1,0,-1,1,0,0,1,6,1, , , , , ,1,6,2,2, , , , , ,-2,1,1,2,0,2,2,1995,4, ,3, ,1,-1,0,2,-1,0,0,0,0,0,2, ,1,0, ,1, ,3,3,0,3,49074,0,2,1, , , , , , , , , , , 
136,0,0,1,Ist mir zu süß und ungesund auf Dauer, , , , , , , ,1, , , , , , , , , , , , , , , , , , , , , , , , , , , , ,Fanta,1,0,0,0,0,0,0,0,0,0,0,0,0,0,0,0,0,0,1,0,1,0,1,1,0,0,0,0,0, ,1,5,"durch gelbe Farbe des Etiketts und des Inhalts zusammen, sieht es sehr künstlich aus","Fritzkola, Fanta",1,0,1,0,0,0,0,0,0,1,0,1,0,1,1,0,0,1,0,0,1,0,0, , , ,.7,.6,.55, , , ,1,8,1,3,1,2,.6,.8,.75,.4, , , , , , , , , , , , , , , , , , , , , , , , , , , ,1,-1,0,0,-1,2,-1,0,-1,1,4,8,5,2,3,5,7,3,5,7,7,6,1,4,5,5,8,7,5,8,8,4,5,6,0,5,7,3,7,7,1,3,5,5,6,6,2,3,5,6,7,6,2,2,0,0,2,2,2, , , , ,-1,1,-1,1,1, , , , , , , , , , , , , , , , , , , , , , ,1, , , , , , , ,1,1,1, , , , , ,3,1, , , ,1, , ,-1,0,1,0,-1,-2,0,1997,4, ,3, ,-1,0,1,2,1,1,-2,-1,-1,-1,2, ,1,0, ,0, ,3,3,0,3,49080,0,2,1, , , , , , , , , , , 
137,1,0,0, , , , , , , ,2,2, , , , , , ,5,2,-2,0,1,0,0,0,1,0,1, ,0,1,1,0,0, ,1,-2,1,1,Fanta,1,0,0,0,0,0,0,0,0,0,0,0,0,0,0,0,0,1,1,0,1,0,1,0,0,0,0,1,0, ,2,5,"bereits jedem bekannt, nichts besonderes","Fanta, fritz, Sinalco",1,1,1,0,0,0,0,0,0,1,0,1,1,1,1,0,0,1,0,1,1,0,0, , , , , , ,1,3,4,2,5,2,6,2,7, , , , ,.7,2,1.5,.5,1,-2,1,0,0,1,0,0,1,0,1,2,1,0,1,0,1,0,-1,1,1,0,1,2,-1,0,0,-2,0,1,0,1,1,0,2,4,6,8,3,10,5,3,1,1,5,1,1,2,5,9,7,1,4,5,6,6,2,0,3,6,4,6,6,0,1,4,4,6,5,0,1,5,5,9,5, , , , , , , ,-1,0,2,-1, , , , , ,1,1,-1,-1,-1,0,-1,-1,0,-1,0,-2,1,0,1,0,1,1,0,1,-2,0,2,1,1,1,-1,0,0,0,4,1, , , ,1, , ,4,3, , ,3, , , ,-1,0,1,1,0, ,0,1992,4, ,3, ,0,-1,0,1,1,-1,0,0,0,1,4, ,3, , ,0, ,4,4,0,1,49456,0,2,1,.329379937808095,.584421962697824,.00126246135289428,-.212775727061307,-.674724180726116,.417235149578446,1.15021304020488,.0780539758134352,1.76111798852032,4,3
138,1,1,0, ,1,1,0,0,1, ,4,1, , ,1, , ,2,4,2, ,1,1,1,0,0,1,0,1, ,1,1,1,0,1,in der Uni,-1,2,2,1,"an Erfrischung, Sommer, süß, lecker",0,1,1,0,1,0,0,0,0,0,0,0,0,0,1,1,0,1,0,1,1,0,0,0,0,0,1,0,0, ,1,9,"schmeckt schön erfrischend, nicht ganz so süß wie Fanta und ist ein Kult-Getränk","Fanta, fritzlimo, orangina, miranda, rivaner Orange (Aldi)",1,0,1,1,1,0,0,1,0,1,1,1,1,1,1,0,1,1,0,0,1,0,1, ,5, ,.75,1,1, , , ,1,10,1,10,1,9,.75,1,.85,.45, , , , ,2,1,2,1,1,-1,2,1,2,1,2,2,0,1,0,-1,1,-2,-1,0,2,0,0,1,1,2,2,2,2,1,1,2,2,7,8,9,7,7,9,10,7,5,5,3,4,5,5,8,5,9,9,4,9,5,2,5,7,2,8,10,1,9,9,2,2,4,2,7,5,3,3,6,2,8,6,0,2,-2,2,2,-2,2, , , , ,-2,1,-1,-2,2, , , , , ,0,1,1,1,0,2,2,-1,2,2,1,2,-2,0,1,1,0,1, , , , , , , ,2,2, ,2, , , , ,5,2, ,2, , , , ,0,-1,1,-1,1,1,0,1996,4, ,3, ,-1,-2,1,2,2,2,-1,0,-1,-1,2, ,1,0, ,0, ,1,1, ,3,49088,0,2,1, , , , , , , , , , , 
139,1,1,0, ,1,0,0,1,0, ,6,1, , , , ,6, ,4,1,-1,0,1,0,1,0,0,0,0, ,1,1,0,0,0, ,1,-2,0,0,Fanta,1,0,0,0,0,0,0,0,0,0,0,0,0,0,0,1,0,0,0,0,0,1,0,0,0,0,0,0,0, ,1,7,Das Aussehen der Flasche,"Fanta, Schweps, Vio Bio",1,0,0,0,0,0,1,0,0,1,0,0,0,0,1,0,0,0,0,0,0,0,1, ,1, ,.75,.75,.75, , , ,1,8,1,8,1,8,.9,1.2,1.1,.5, , , , ,0,1,1,0,1,2,-1,0,0,-1,-1,1,0,0,1,0,-1,-1,-2,-1,0,0,0,1,0,0,0,1,0,0,0,1,-2,5,6,5,5,3,3,3,5,4,4,6,5,5,4,5,5,6,5,5,5,6,6,5,5,6,5,5,4,5,4,5,5,5,5,5,5,6,4,5,6,3,5,0,0,0,0,0,0,0, , , , ,-1,1,1,1,1, , , , , ,0,0,0,0,0,0,0,0,0,1,-1,0,0,1, ,-1,0,1, , , , , , , ,2,1, ,1, , , , ,1,1, , , , , ,1,0,1,-1,-1,0,0,1,1996,4, ,3, ,0,-1,1,0,0,0,1,-1,0,2,2, ,1,0, ,0, ,1,1,0,3,49070,2,1,1,.38447520580295,-.561708680214329,-.136500797804352,-.942014193378442,1.92289722879118,.117995123188759,-.666596516247636,-.571944179126024,-.121364015015408,4,3
140,1,1,0, ,1,1,1,0,1, ,4,1, , , , ,1, ,2,-2,0,1,1,0,0,0,0,0,1, ,1,0,1,1,0, ,-2,2,-1,-2,an bekannte Marken wie Fanta,1,0,0,0,0,0,0,0,0,0,0,0,0,0,0,1,0,1,0,0,0,1,0,0,0,0,1,0,0, ,1,2,Hoher Preis pro Liter,"Freeway, Fanta, Fritz, Sonne",1,0,1,0,0,0,0,0,0,1,1,1,1,1,1,0,1,1,0,1,1,0,1, ,9, ,1,1,1, , , ,1,9,1,9,1,9,.5,1.5,1,.4, , , , ,1,-1,-2,-2,1,1,-1,1,1,0,1,1,-1,1,-2,2,-1,-2,-2,1,-2,2,-2,1,0,0,1,1,1,-1,1,1,1,6,6,6, ,8, ,10,4,2, ,3, ,0,0,0, ,8, ,2,7,3, ,8, ,0,6,7, ,8, ,0,0,0, ,0,0,0,0,9, ,0, ,0,2,0,0,2,2,2, , , , ,-2,1,2,1,-1, , , , , ,-1,2,-2,-1,-2,-2,-1,2,2,-1,-1,-1,2,-1,1,-1,-2,1, , , , , , , ,2,1, ,1, , , , ,4,1, , ,1, , , ,-1,1,1,1,0,-2,1,1994,6, ,3, ,-1,-2,1,1,0,1,-2,-1,-1,-1,2, ,1,0, ,0, ,7,7,0,1,49632,5,2,1,-1.43801883345954,.776087252259902,-1.26641984026947,-.0277095998297507,-.441223528379763,-1.11861422748148,-2.86567153656021,2.09545798476886,-1.81201207861102,2,2
141,1,0,0, , , , , , , ,1,1, , , , , , ,4,2,0,1,1,0,0,0,0,0,0, ,0,1,0,0,0, ,2,-2,-2,0,"künstlich, zu viel Zucker, zu wenig Orange",0,0,0,0,0,1,0,0,1,0,0,0,0,0,1,0,0,0,1,1,1,0,0,1,0,0,0,0,0,ungesund,1,3,"Da ich selten Orangenlimonade trinke, würde ich sie nicht unbedingt weiter empfehlen.","Fanta, Sinalco, Fritz-Cola,Vio-Limo, Fassbrause, Bionade",1,1,1,0,0,1,1,0,1,1,1,1,0,1,1,1,0,1,0,1,1,0,1, , , ,.5,1,1.5, , , ,1,3,1,10,1,10,.5,1.5,1,.2, , , , ,-2,-2,-2,-2,-2,-2,-2,-2,0,0,1,2,-1,0,2,2,2,-2,0,-1,-2,-1,0,1,0,0,2,0,2,-1,0,2,0,0,0,3,0,5,0,10,5,7,2,8,0,0,0,2,0,1,0,1,0,1,0,3,0,0,1,2,1,6,0,0,0,0,0,0,0,0,0,6,0,0,0,0,1,0,1,1,-1,2, , , , ,-2,-1,1,-2,1, , , , , ,-2,-2,-2,-2,-2,0,-2,2,2,2,2,2,2,0,-1,-1,1,1, , , , , , , ,1,3,3, , , , , ,3,3, , , ,3, , ,-1,1,1,2,0,2,-2,1990,4, ,3, ,1,0,1,0,-2,0,0,0,0,0,2, ,1,0, ,4,"eiweßreich, zuckerarm",1,1,0,2,49090,0,1,1,.128270159576765,-.209142987934588,1.71479298507591,-1.35732284995232,-.365430425147159,-2.08075497555273,-.496616558255309,-1.02026248669933,-.946979297481033,3,2
142,1,1,0, ,1,1,0,1,0, ,4,1, , , , ,1, ,2,1,-1,1,1,0,0,0,1,0,0, ,0,1,1,0,0, ,1,0,-1,0,FantaOrange,1,0,0,0,0,0,0,0,0,1,0,0,0,0,0,1,0,0,0,0,0,0,0,1,0,0,1,0,0, ,1,5, ,"Fanta, Orangina, Freeway",1,0,0,0,1,0,0,1,0,1,0,1,1,1,1,0,1,1,0,0,0,0,0, ,1, ,.99,1.09,1.49, , , ,1,6,1,6,1,3,1,1.19,1,.49, , , , ,0,-1,0,-1,-1,1,-1,-1,0,-1,-1,1,1,1,1,0,0,-1,-1,0,1,1,0,1,0,1,1,1,-1,-1,0,0,0,3,6,5,3,3,2,9,3,2,3,2,9,3,6,6,3,7,3,3,4,4,3,4,2,2,5,7,4,5,2,2,2,3,2,4,2,1,3,5,2,5,1,0,0,-1,1,-1,1,1, , , , ,-1,1,-1,-1,1, , , , , ,1,-1,0,0,-1,1,-1,-1,0,0,0,0,0,0,0,0,0,1, , , , , , , ,5,1, , , , ,1, ,2,1, , , , ,1, ,-1,-1,0,0,0,-1,0,1992,4, ,3, ,0,-1,1,0,0,-1,-1,0,0,0,2, ,1,0, ,0, ,3,3,0,3,49088,0,1,1,-.326599287007978,-.846540666634877,-.15529702249325,-.978216772423292,.747183111409555,-.285757395645516,-.0144694286287204,.315176493086079,.73114890508993,4,3
143,1,1,0, ,1,1,0,0,0, ,4,2, , , , ,4, ,2,0,0,1,1,0,0,0,0,0,1, ,1,1,1,0,1, ,-1,-1,0,1,Fanta,1,0,0,0,0,0,0,0,0,0,0,0,0,0,0,1,0,0,1,0,1,0,1,1,0,0,0,0,0, ,2,5,Glasflasche,"Fanta, River, Fritzlimo",1,0,1,0,0,0,0,0,0,1,1,1,1,1,1,0,1,1,0,0,1,0,1, ,11, , , , ,6,6,6,2,10,2,10,2,10, , , , ,1.1,1.5,1,.6,1,-1,-1,0, ,1,1,-1,1,1,2,1,1,1,1,1,1,-1,0,0,0,0,0,2,-2,-1,0,-2,-1,1,-1,0,0,2,3,7,5,7,2,10,5,3,5,3,4,0,1,4,5,7,3,5,8,6,1,3,3,1,5,6,4,4,3,0,0,4,4,5,0,3,0,5,7,5,4, , , , , , , ,2,-1,-1,-1, , , , , ,1,1,-1,-1,-1,0,-1,1,-1,-1,-1,-2,1,0,1,1,1,1,-1,-2,-2,1,2,1,0,1,-1,-1,-1,-1,5,3, , , , ,3, ,4,3, , ,3, , , ,-1,1,1,0,-1,-2,0,1993,4, ,3, ,0,-2,1,1,1,0,-1,-1,-1,-1,2, ,1,0, ,0, ,2,2,0,3,49074,0,1,1, , , , , , , , , , , 
144,1,1,0, ,1,1,0,1,0, ,2,2, , , , ,1, ,2,0,-2,-1,1,0,0,0,1,1,1, ,0,1,0,0,0, ,2,-2,1,-1,Fanta,1,0,0,0,0,0,0,0,0,0,0,0,0,0,0,0,0,0,0,0,1,0,1,0,1,0,0,0,0, ,2,6,Preis,FantafreewayVioBiofritzSinalco,1,1,0,0,0,0,1,0,0,1,1,1,1,1,1,0,1,0,0,0,0,0,1, ,2, , , , ,3,4,2,2,3,2,3,2,3, , , , ,.5,2,1,.3,2,-2,1,-1,-1,1,0,-1,-1,-2,0,1,1,2,1,0,-1,-2,-1,0,0,1,-1,2,0,1,0,-2,2,1,2,2,1,5,5,8,6,3,6,10,1,0,1,0,0,3,3,5,3,3,3,4,7,4,2,4,1,5,7,7,2,6,6,3,3,3,4,4,3,3,3,5,3,4,3, , , , , , , ,2,-1,-1,-1, , , , , ,2,1,-2,-1,-1,1,1,-1,-2,-2,-1,-2,-1,-1,0,0,1,-1,0,0,-1,-1,2,-1,-1,1,-1,1,-2,-1,5,1, , , , ,1, ,3,1, , , ,1, , ,-1,0,-1,1,1,-1,1,1995,4, ,3, ,-1,-2,2,2,1,2,-1,-1,-2,-2,2, ,1,0, ,0, ,4,4,0,1,49497,4,2,1,-1.64758064904165,-1.30760883512606,-.723769713648262,1.38866397554848,-1.12619445104995,1.10348001565067,-.0550923072895068,.273834288924046,-.512381432037525,3,2
145,1,0,0, , , , , , , ,1,1, , , , , , ,3,0,2,0,1,0,1,0,0,0,1,kalorienarm,1,1,0,0,1, ,-2,2,2,1,an Fanta orangen,1,0,0,0,0,0,0,0,0,1,0,0,0,0,0,1,0,0,1,0,0,0,1,0,0,0,0,1,1, ,1,8,das schmeckt ganz gut daher lohnt sich zu kaufen,fanta,1,0,0,0,0,0,0,0,0,1,0,0,0,1,0,0,0,1,0,0,0,0,1, , , ,.59,.79,.79, , , ,1,4,1,7,1,7, , , , , , , , ,1,0,0,0,1,1,0,0,1,1,2,2,0,2,2,2,2,-1,-2,2,-1,0,-1,1,0,1,1,0,2,0,-1,1,1, ,4,7, ,7, , ,4,6, ,6, , ,0,3, ,5, , ,8,6, ,5, ,1,9,7,1,7,1, ,0,5, ,5, , ,3,4, ,5, ,1,2,2,1,2,2,2, , , , ,-2,1,-2,1,1, , , , , ,0,1,-1,-2,0,1,-2,2,2,0,-1,1,2,2,2,1,-2,1, , , , , , , ,4,2, , , ,2, , ,4,2, , ,2, , , ,-2,2,0,2,0,1,0,1997,2, ,3, ,0,-2,0,2,2,2,-1,2,1,2,2, ,1,0, ,1, ,4,4,0,3,49088,0,2,1,1.47372640711965,1.18979772982803,1.98194819716673,1.73667214672955,.521374598008468,-.226122417712917,-3.34562305297899,.567576286056881,.503777484411532,2,2
146,1,1,0, ,1,1,0,1,0, ,1,1, ,1, , , , ,2,2,-2,2,1,0,0,0,1,0,0, ,0,1,1,0,0, ,2,-2,2,0,"Fanta, Party",1,0,0,0,0,0,0,0,0,0,0,0,0,0,0,0,0,0,0,0,1,0,1,0,0,0,0,1,0, ,1,0,"langweilig, nichts besonderes",Fantafritz limovio,1,0,0,0,0,0,1,0,0,1,0,1,1,0,1,0,0,1,0,0,1,0,1, ,1, ,.55,.75,1, , , ,1,8,1,10,1,10,.65,.95,.85,.45, , , , ,2,-2,2,-2,-2,2,1,-1,-1,-2,-2,1,1,2,-1,-1,0,2,-2,2,2,2,-1,1,-1,1,1,0,-1,-2,1,-1,-1,0,6,9,0,9,0,10,10,2,5,0,10,0,0,2,0,9,0,0,0,2,0,9,0,0,3,4,0,9,0,0,0,5,0,9,0,0,0,10,5,9,0,0,2,2,2,2,2,2, , , , ,-2,1,1,-1,2, , , , , ,2,2,1,0,2,-2,-2,-2,2,2,0,2,-2,-2,-2,-2,-2,1, , , , , , , ,2,1, ,1, , , , ,2,1, , , , ,1, ,-2,-1,2,-1,2,-2,1,1991,4, ,3, ,0,-2,1,2,2,2,-1,-1,-1,-1,4, ,2,0, ,0, ,4,4,2,1,27419,4,2,1,-1.17455200356796,-2.25719193183276,-1.076754279652,1.8489511217126,-1.3256109877369,1.22990369966085,.894555610139483,1.55085582091693,3.31566412973711,3,2
147,1,1,0, ,0,1,0,1,0, ,1,2, , , , ,1, ,2,0,-2,2,1,0,0,0,1,0,1, ,0,1,1,0,0, ,1,-1,1,1,Fanta,1,0,0,0,0,0,0,0,0,0,0,0,0,0,0,1,0,0,1,0,1,0,0,1,1,0,0,0,0, ,2,4,Die grüne Flasche ist nicht ansprechend.,"Süß, fruchtig, erfrischend, orange, Kohlensäure haltig, prickelnd, klebrig", , , , , , , , , ,1,1,1,1,0,1,0,0,1,0,0,1,0,1, ,1, , , , ,5,5,6,2,5,2,4,2,4, , , , ,.6,1.2,1,.45,1,-2,0,-1,-1,2,-1,0,-1,-1,0,1,1,0,0,1,0,-2,-2,-1,1,1,1,2,1,1,2,0,-1,-1,0,2,1,6,8,7,6,7,6,10,4,3,8,2,5,1,6,6,5,9,8,8,1,8,5,6,7,2,5,7,6,8,6,1,3,3,4,4,3,1,4,5,3,6,6, , , , , , , ,2,-1,-1,-2, , , , , ,2,1,-1,-1,-1,2,-1,0,1,-1,0,-2,1,1,2,1,2,1,0,0,0,-1,2,1,1,0,0,1,0,0,1,1,1, , , , , ,4,1, , ,1, , , ,-1,1,1,0,0,-1,2,1992,3, ,3, ,1,-1,-1,1,-1,1,-1,0,1,0,2, ,1,0, ,0, ,4,4,0,1,49393,0,2,1,.13511696768769,-.862466495440221,-.391120025944777,.00263943798811882,-.913615006528156,.714080377752958,-.324455202491511,-.0386024214157393,-.347370412974239,3,2
148,1,0,0, , , , , , , ,1,2, , , , , , ,5,0,-1,1,0,0,0,0,1,0,1, ,0,1,0,0,0, ,-2,-1,0,-1,An Fanta,1,0,0,0,0,0,0,0,0,0,0,0,0,0,0,0,0,0,1,0,1,0,1,0,0,0,0,0,0, ,2,3,Zählt nicht zu den Getrönken die ich häufig trinke,"Fanta, Fritz Orange",1,0,1,0,0,0,0,0,0,1,0,0,0,0,1,0,0,1,0,0,1,0,1, , , , , , ,4,4,1,2,6,2,6,2,1, , , , ,.7,1,.85,.4,-1,-2,0,-1,0,1,0,0,1,0,1,1,2,0,1,1,1,-1,-1,1,-1,1,1,2,-1,1,2,-2,0,-1,1,1,0,0,3,6,2,2,0,10,3,2,9,5,1,0,0,6,1,2,3,2,2,10,0,5,0,0,6,7,0,6,0,0,0,5,4,4,0,0,4,8,6,6,3, , , , , , , ,2,-2,-2,-2, , , , , ,1,-1,-2,-2,-1,0,0,0,1,1,-1,-2,-1,1,1,1,1,-1,0,-1,-1,-1,2,-1,0,2,-1,-2,-2,-2,5,1, , , , ,1, ,1,2, , , , , ,2,0,0,-1,0,-1,0,0,1997,4, ,3, ,0,-1,0,0,-1,-1,0,1,0,1,2, ,1,0, ,0, ,4,4,0,2,49401,0,2,1,.644176972204577,.548529973769968,.448005514164574,-1.40542437537072,-1.01138880441435,-.917798005598597,-.834625020721124,.796495162010033,-.104226106785237,1,1
149,1,1,0, ,1,1,0,1,1, ,4,1, , , , , , ,2,1,0,0,1,1,0,0,0,0,1, ,0,1,1,0,0, ,0,0,2,1,künstlicher Geschmack und Kindheitserinnerungen,0,0,0,0,0,1,0,0,0,0,0,0,0,0,0,0,1,0,0,1,1,0,1,0,0,0,1,0,0, ,1,5,vom visuellen ansprechend aber gleichermaßen keine vorhandenen Erfahrungswerte,"Sinalco, fritz-limo, vio-limo, Fanta, Vilsa Orange",1,1,1,0,0,0,1,0,0,1,1,1,1,1,1,0,1,1,0,0,1,0,1, ,1, ,.75,.75,.8, , , ,1,8,1,7,1,9,.7,1.25,1,.6, , , , ,2,-1,1,0,2,1,1,0,1,0,1,1,1,1,2,0,0,-1,0,1,1,1,1,1,0,1,1,0,-1,-1,1,1,1,5,7,5,3,7,3,7,5,4,4,5,4,4,4,4,4,5,3,3,7,5,4,6,4,3,4,5,3,7,2,4,4,4,3,4,3,2,2,4,3,4,2,0,2,0,1,2,1,2, , , , ,-1,1,-1,-2,-1, , , , , ,1,0,0,0,-1,-1,-2,-1,0,1,1,0,-1,0,-1,-1,1,1, , , , , , , ,4,1, , , ,1, , ,5,1, ,1, , , , ,-2,0,-1,1,0,2,1,1997,4, ,3, ,0,-1,0,1,1,0,-1,0,-1,0,2, ,1,0, ,0, ,4,4,0,1,26219,0,2,1,-.652106902926782,.969664171881858,.363542846524757,-.22319053180025,-.557029262438514,1.11552281358148,-1.11940251911887,.832235497181778,1.0341205065629,1,1
150,1,0,0, , , , , , , ,2,1, , , , , , ,3,2,-2,1,1,0,0,0,0,0,1, ,0,1,0,0,0, ,2,-2,0,-1,"Zucker, ungesund, künstliche Farbstoffe",0,0,0,0,0,1,0,1,1,0,0,0,0,0,0,0,0,1,1,0,1,0,1,0,0,0,0,0,0, ,1,8,"schmeckte beim Sensoriktest am besten, wirkt natürlich","Fanta, Sinalco, Fritz, Sonne-Brause",1,1,1,0,0,0,0,0,0,1,1,1,0,1,1,0,1,1,0,0,1,0,1, , , ,1.5,2,1.75, , , ,1,3,1,7,1,4,1.5,2,1.75,.75, , , , ,-1,-2,1,-1,1,-2,-1,1,1,1,2,2,0,1,2,2,2,-2,0,-1,-1,-1,1,1,1,2,2,1,1,-1,1,-1,0,1,2,8,4,6,7,10,8,6,4,4,8,1,3,7,6,6,4,4,8,8,5,5,1,1,1,7,4,6,6,1,1,4,3,5,4,1,1,6,5,7,5,-2,2,0,1,2,1,0, , , , ,-1,-1,1,-2,2, , , , , ,-2,-2,1,1,1,1,-2,-1,2,1,-1,1,-1,-1,-2,-2,1,1, , , , , , , ,2,2, ,2, , , , ,1,2, , , , , ,2,-2,1,-2,2,-1,2,2,1996,4, ,3, ,-1,-1,1,1,-1,-1,-1,-1,-1,-1,5, ,2,0, ,0, ,2,2,0,3,49082,0,2,1,-1.32211956496896,1.34685573111617,1.57726525581875,-1.20196190290694,-.0496936104477853,.0448785111760999,.972578750432329,-1.70145467784934,-.248145105033575,4,3
151,1,0,0, , , , , , , ,2,1, , , , , , ,2,-1,1,0,1,0,0,0,1,0,1, ,0,1,0,0,0, ,1,1,-1,0,ZuckerFanta,1,0,0,0,0,0,0,0,1,0,0,0,0,0,0,0,0,0,1,0,1,0,1,1,0,0,0,1,0, ,1,2,PreisOptik,FantaFitz Limonade,1,0,1,0,0,0,0,0,0,1,1,1,1,1,1,0,0,1,0,0,0,0,1, , , ,1,1,1, , , ,1,7,1,5,1,7,1,2,1.5,.4, , , , ,-1,-2,0,-1,0,-1,-2,1,-1,0,1,1,-1,2,0,1,-1,1,0,-1,-1,2,-1,1,0,2,0,0,1,0,2,1,0,0,0,5,0,10,0,10,6,0,2,4,9,0,4,6,3,10,4,2,6,3,3,6,2,7,4,5,2,6,0,1,0,3,3,7,1,2,2,3,1,5,2,0,2,-2,0,2,-2,2, , , , ,-2,-2,1,1,2, , , , , ,0,0,0,-2,-2,-1,-2,0,0,0,1,1,0,1,0,0,1,1, , , , , , , ,5, , , , , , , ,5,1, ,1, , , , ,0,-1,-1,0,1,-1,0,1995,4, ,3, ,0,1,-1,0,-1,1,0,0,1,1,4, ,2,0, ,0, ,2,2,0,1,49084,0,1,1,.788908616445155,-.133054141345075,-.506377570350411,-.449048105912581,-.950177425302204,-1.11804130791212,-2.94837082927887,.50362085347573,.83443045053072,2,2
152,1,0,0, , , , , , , ,2,2, , , , , , ,3,2,-2,2,1,0,0,0,0,0,1, ,0,1,0,0,0, ,0,-2,2,-1,Fanta,1,0,0,0,0,0,0,0,0,0,0,0,0,0,0,0,0,1,1,0,0,0,1,1,1,0,0,0,0, ,2,5,"trinkbar, aber nicht mein Lieblingsgetränk",Fanta,1,0,0,0,0,0,0,0,0,1,0,0,0,1,1,0,0,1,0,0,1,1,0, , , , , , ,3,5,6,2,1,2,8,2,1, , , , ,.5,1,.75,.4,1,-2,1,-2,1,1,0,0,-1,-1,0,1,-1,0,2,1,2,0,1,1,0,0,2,2,0,0,0,-2,-2,-1,1,1,0,2,8,9,5,7,5,8,2,2,3,3,9,5,5,5,5,5,5,5,7,9,8,5,2,0,5,10,7,10,0,2,0,5,2,5,5,5,4,5,3,10,5, , , , , , , ,1,-2,0,0, , , , , ,-1,-2,-2,-1,-2,0,-1,0,-1,0,1,-1,2,1,1,0,1,2,0,-1,-2,1,2,2,2,2,1,2,2,0,5,1, , , , ,1, ,2,1, , , , ,1, ,-2,1,0,1,-1,-1,2,1995,4, ,3, ,1,-1,0,0,-1,-1,-1,0,0,1,3, ,1,0, ,1, ,3,3,0,2,49134,0,2,1,-.0868484331554881,-.640751589607738,1.69363040046812,-1.54312700870194,.439128727341224,.572361845059451,.950823431433466,-.137477978302543,1.44946246011344,4,3
153,1,1,0, ,0,1,0,0,0,Getränkewagen,4,2, , , , ,2, ,5,-2,-2,0,1,1,0,0,1,1,1, ,0,1,0,0,0,Nachdurst,-2,-2,2,-2,FaKoBaCo,0,0,0,0,0,0,0,0,0,0,0,0,0,0,1,1,0,1,1,0,0,0,1,0,1,0,0,0,0, ,2,7,Geschmack,Fanta,1,0,0,0,0,0,0,0,0,1,0,1,1,0,0,0,0,0,0,0,0,0,0, ,1, , , , ,2,2,2,2,5,2,2,2,1, , , , ,1,.8,.65,.55,1,-2,2,-2,-2,2,2,-2,-2,2,2,2,2,2,2,2,2,-2,-2,-2,0,1,-2,2,0,2,2,-2,0,1,0,0,0,4,10,5,6,4,6,10,7,0,10,0,10,4,4,0,0,0,0,6,10,7,5,5,3,6,10,2,0,5,0,0,0,0,0,0,0,4,5,5,5,0,5, , , , , , , ,2,2,0,2, , , , , ,-1,-2,-2,-1,-2,2,-2,0,0,-2,1,0,1,1,1,1,1,1,1,1,1,-2,2,2,-2,-2,-2,-2,-2,-2,4,1, , , ,1, , ,4,1, , ,1, , , ,0,-2,0,1,2,0,2,1992,6, ,3, ,0,-2,-2,1, ,0,-2,-2,0,0,4, ,2,0, ,0, ,4,4,.5,1,27245,0,1,1, , , , , , , , , , , 
154,1,1,0, ,0,1,0,1,0, ,3,2, ,1,2, ,2, ,5,2,-2,2,1,0,0,0,0,0,1, ,0,1,1,0,0, ,0,1,2,0,Erfrischungsgetränk,0,1,0,0,0,0,0,0,0,0,0,0,0,0,0,1,0,1,1,0,0,0,1,0,0,0,0,1,0, ,2,5,"Fanta ist eine Marke die ich selten weiter empfehle, weil die fast jeder kennt",Fritz-limoFantaVio bio limo,1,0,1,0,0,0,1,0,0,1,1,1,1,0,1,0,1,1,0,0,1,0,1, ,1, , , , ,3,4,4,2,6,2,8,2,6, , , , ,.6,1,.75,.5,0,-1,1,1,2,0,1,0,1,0,1,1,0,0,2,1,0,0,1,1,0,1,2,2,-1,1,1,-2,-2,1,-1,1,1,1,8,6,3,9,5,9,4,4,8,4,6,2,2,6,7,8,5,1,7,7,3,5,3,2,6,8,3,8,6,2,2,7,4,7,5,1,2,8,4,7,5, , , , , , , ,-1,1,0,2, , , , , ,1,1,-1,-2,-2,1,0,1,0,1,0,-1,1,1,1,2,2,0,0,1,1,1,2,2,2,1,0,1,-1,0,1,2,2, , , , , ,2,2, , , , ,2, ,-1,1,1,0,1,-1,2,1994,6, ,3, ,1,-1,0,0,-1,0,1,0,1,0,3, ,1,0, ,0, ,2,2,0,3,26871,2,2,1,.574415345248336,.95761906501056,.541165403603754,-1.31916663387842,.43219374538778,-.118274413906342,.567431652664066,.680699117740967,1.03104052938065,1,1
155,1,0,0, , , , , , , ,1,1, , , , , , ,3,2,-2,2,1,1,0,0,0,0,0, ,1,0,0,0,0, ,-1,-1,-2,1,Erfrischungsgetränk,0,1,0,0,0,0,0,0,0,0,0,0,0,0,0,0,0,1,1,0,1,0,0,1,1,0,0,0,0, ,1,7,"Gute Aufmachung, trinke aber selten Limonade","CocaCola, FritzCola, VioLimo, Fassbrause Veltins), Bionade",0,0,1,0,0,0,1,0,1,1,0,0,0,0,1,0,0,1,1,1,0,0,1, , , ,.55,.75,.75, , , ,1,6,1,9,1,8,.55,.9,.75,.5, , , , ,-2,-2,-1,-1,1,0,0,1,1,-1,0,1,0,0,1,-1,1,-1,0,1,1,1,1,1,2,2,2,2,2,-1,1,2,1,0,1,10,7,7,3,10,5,2,4,2,10,0,0,10,8,10,5,0,5,10,8,8,5,0,5,10,7,8,2,0,0,4,3,5,1,0,1,9,8,9,1,-2,2,2,1,2,2,2, , , , ,-2,1,1,1,2, , , , , ,0,0,1,1,-1,1,-2,-1,2,1,1,1,-1,-1,-1,-2,1,1, , , , , , , ,6,2, , , , , ,2,5,2, ,2, , , , ,-1,0,0,0,-1,0,-1,1966,4, ,3, ,-1,0,-1,1,1,1,0,0,0,0,3, ,1,0, ,2, ,2,2,0,3,49078,0,2,1,.150946760107869,.235099122344919,-.368619316086862,.667859090924155,-.181699507439284,-1.66441537030125,.993372842739613,.240558701034752,1.42050886318009,4,3
156,1,0,0, , , , , , , ,4,1, , , , , , ,4,0,0,1,1,1,0,0,1,1,1,Plakatwerbung,0,1,1,0,1, ,-1,1,2,1,DDR,0,0,0,0,0,0,0,0,0,0,0,0,0,0,1,1,0,1,0,0,1,1,1,0,0,0,0,0,0, ,1,7,"Mir ist sie meist zu teuer, aber sie  schmeckt echt gut. Freunden ohne Geldsorgen kann ich sie empfehlen.","Sinalco, Fanta, River, Fritz, Now!,",1,1,1,0,0,0,0,1,0,1,1,1,0,1,1,0,1,1,1,0,1,0,0, , , ,1.75,1.75,1, , , ,1,10,1, ,1,5,.75,2,1.75,.3, , , , ,2,-1,0,-1,-1,2,2,0,0,0,2,1,2,2,1,1,1,-1,-2,-1,0,1,0,1,1,2,2,0,2,0,1,2,2,1,10,10,5, ,10,10,6,3,5, ,0,1,4,8,5, ,8,0,3,10,0, ,0,0,6,10, , ,6,1,2,8, , ,8,3,3,10, , ,8,0,2,-2,0,0,2,2, , , , ,1,2,1,-2,1, , , , , ,1,1,1,-1,-1,-1,-1,-1,-1,-1,-1,1,-1,0,0,1,0,1, , , , , , , ,3,1, , ,1, , , ,2,1, , , , ,1, ,-1,0,1,2,0,-1,2,1997,4, ,3, ,-1,-1,1,2,2,2,1,1,0,0, ,Wirtschaftspsychologie B.Sc.,1,0, ,0, ,7,7,1,1,31789,0,2,1,.922923821915719,.0262040748780755,.306002111695741,1.98516358921905,-.23582728676924,.458966719885774,-1.38027237311201,.118095386004331,-.300375869395462,3,2
157,1,1,0, ,1,1,0,0,0, ,2,2, , , , ,2, ,2,1,-1,1,1,0,0,0,0,0,1, ,1,1,1,0,0, ,-1,0,1,1,"Frische, Sommer, Zucker",0,1,1,0,0,0,0,0,1,0,0,0,0,0,0,1,0,0,1,0,1,0,0,1,0,0,1,0,0, ,2,1,Glasflasch und zu Teuer,"Fanta, Fritz, Vio",1,0,1,0,0,0,1,0,0,1,1,1,1,1,1,0,0,1,0,0,1,0,1, ,1, , , , ,2,3,3,2,2,2,3,2,5, , , , ,.5,.7,.6,.3,1,-1,0,-1,-1,1,1,-2,1,1,1,1,1,2,1,2,0,-1,-1,0,0,1,1,2,-1,1,2,-1,-1,1,0,0,0,9,4,3,6,3,9,9,4,3,9,3,9,9,8,4,9,3,9,9,6,6,9,6,9,10,8,4,5,3,9,1,1,1,1,1,1,10,10,10,10,10,10, , , , , , , ,2,-1,0,-1, , , , , ,1,-1,1,-2,-2,2,2,2,-1,1,2,-1,2,2,2,2,2,2,2,2,0,0,2,1,1,2,0,2,-1,-2,3,1, , ,1, , , ,4,1, , ,1, , , ,-1,0,-1,1,1,-1,1,1993,6, ,3, ,-1,-1,0,1,1,1,1,0,0,0,5, ,2,0, ,0, ,2,2,0,3,49074,1,2,1,.544246943845232,.611050080845025,.121089291427375,.706493337964647,.861731824772242,-.171086775401151,-.131220770182032,.509153027255191,-.00366925558752115,3,2
158,0,0,1,Die meisten Orangenlimonaden sind mir zu süß, , , , , , , ,2, , , , , , , , , , , , , , , , , , , , , , , , , , , , ,süß,0,0,0,0,1,0,0,0,0,0,0,0,0,0,0,0,0,0,1,0,1,0,0,0,0,0,0,0,0, ,2,3,Ich selbst mag die Orangenlimonade von Fanta nicht,FantaVioFritz,1,0,1,0,0,0,1,0,0,1,0,0,0,0,1,0,1,1,0,0,1,0,0, , , , , , ,3,3,4,2,5,2,3,2,7, , , , ,.6,.9,.75,.4, , , , , , , , , , , , , , , , , , , , , , , ,2,-1,1,1,-1,0,0,1,1,0,1,6,4,2,8,6,8,5,5,8,3,4,2,5,4,3,6,5,3,8,4,2,8,7,2,6,8,2,8,7,2,6,6,3,8,6,2,5,5,2,7,5, , , , , , , ,2,-1,0,-1, , , , , ,1,1,-1,-1,-1, , , , , , , , , , , , , , , , , ,2,0,-1,-1,-1,-1,-1,-1,6,3, , , , , ,3,6,3,3, , , , , ,-2,1,1,2,0,-2,1,1990,4, ,3, ,1,-1,-1,0,-1,-1,0,0,0,0,3, ,1,1,"Gluten, Milch, Ei, Nüsse",4,aufgrund meiner Lebensmittelunverträglichkeiten verfolge ich eine bestimmte Ernährungsweise,2,2,0,1,49479,0,2,1, , , , , , , , , , , 
159,1,1,0, ,1,0,0,1,1, ,4,1, , , , ,1, ,5,1,0,2,1,0,0,0,0,0,0, ,0,1,0,0,0, ,0,1,1,1,Sommer,0,0,1,0,0,0,0,0,0,0,0,0,0,0,0,1,0,0,1,0,0,1,0,0,1,1,0,0,0, ,1,3,zu teuer,Fanta River,1,0,0,0,0,0,0,1,0,1,1,0,0,1,1,0,1,0,0,0,0,0,0, ,1, ,1.3,1.5,1.5, , , ,1,9,1,5,1,5,.6,1.5,1.3,.4, , , , ,1,-1,-1,0,1,-1,1,-1,2,2,2,1,0, ,1,2,1,-1,-1,0,0,2,1,1,0,1,1,0,2,-1,1,0,2,3,7,6,2,8,3,8,2,2,2,3,8,2,3,8,9,8,3,5,6,4,5,4,5,2,6,5,4,5,5,5,3,4,3,3,3,2,6,7,4,8,4,1,2,1,1,1,1,1, , , , ,-1,1,-1,1,1, , , , , ,0,1,-1,1,-1,1,1,1,1,0,0,0,1,0,-1,-1,0,1, , , , , , , ,5,1, , , , ,1, ,4,1, , ,1, , , ,1,0,1,0,0,0,-1,1997,4, ,3, ,0,-1,0,1,1,1,-1,-1,0,0,1, ,1,0, ,0, ,3,3,0,1,48480,1,1,1,-.457822483633263,1.86552990075178,.498887047656356,.430200001300692,1.72843774052465,-.58929177400742,-.886397033454834,1.25622818761611,-.122665564068176,2,2
160,1,1,0, ,0,1,0,0,0, ,1,1, , , , , , ,2,2,-2,1,1,0,0,0,0,0,0, ,0,1,0,0,0, ,-2,-2,0,-2,"an Freizeit, Urlaub",0,0,0,0,0,0,0,0,0,0,0,0,1,0,0,0,0,1,0,0,1,0,1,0,0,0,1,1,0, ,1,5,"Ich kaufe bzw konsumiere nicht oft Limonade. Deshalb mache ich mir darüber auch kaum Gedanken, oder empfehle sie weiter.","Fanta, Orangina, Fritz Limo",1,0,1,0,1,0,0,0,0,1,0,0,0,1,0,1,0,0,0,0,0,0,0, ,1, ,.8,1,1, , , ,1,7,1,5,1,3,1,1.5,1.1,.5, , , , ,0,-2,-2,-2,-1,1,-2,-2,0,-1,0,1,1,0,1,-1,1,-2,-1,-2,-2,2,1,1,1,2,1,1,1,-1,1,1,1,4,10,10,9,9,10,10,5,0,2,2,8,1,5,10,7,10,5,3,3,10,6,9,6,3,10,10,2,8,8,1,4,8,5,10,2,1,5,8,5,10,5,-2,2,2,1,2,2,1, , , , ,-2,2,1,-2,1, , , , , ,1,0,-1,1,-1,1,-1,0,2,2,2,2,-1,0,-1,-2,1,1, , , , , , , ,3,1, , ,1, , , ,5,1, ,1, , , , ,-2,1,-1,2,0,-1,1,1992,3, ,3, ,-1,-1,1,1,2,0,-1,0,0,0,5, ,2,0, ,1, ,2,2,0,3,49082,0,2,1,.0892920374917374,-.81144250930727,-.59140366564639,.871540381035041,.778312535871802,-1.59757873721411,1.87012005160261,.186615016418596,-1.77101377472171,3,2
161,1,1,0, ,0,1,0,1,0, ,3,1, , , ,1, , ,5,2,-2,1,1,0,0,0,0,0,0, ,0,1,0,0,0, ,2,-2,2,0,Fanta,1,0,0,0,0,0,0,0,0,0,0,0,0,0,0,0,0,0,0,1,1,0,1,0,0,0,0,0,0, ,1,4, ,FantaFritz LimoVio,1,0,1,0,0,0,1,0,0,1,1,0,0,1,1,0,0,1,0,0,0,0,1, ,1, , , , , , , ,1,10,1,8,1,6, , , , , , , , ,1,-2,1,-2,-2,2,-2,-2,0,0,0,1,0,1,0,0,0,-2,-2,0,0,1,1,1,1,1,1,1,0,1,2,1,0,5,8,8,6,5,4,10,4,3,5,4,8,3,4,5,4,5,3,2,5,4,3,5,2,4,6,7,7,7,4,3,3,4,3,4,3,3,4,4,5,5,3,0,2,2,0,2,2,2, , , , ,-2,1,1,1,2, , , , , ,2,-2,0,-2,-2,0,-2,-1,0,0,1,1,-1,-1,0,-1,-1,1, , , , , , , ,4,1, , , ,1, , ,2,1, , , , ,1, ,-1,1,0,1,2,2,-2,1993,4, ,3, ,-1,-1,1,1,1,1,0,0,0,0,4, ,2,0, ,0, ,8,8, ,1,49832, ,2,1,.21728505345294,-.486079655969128,-.819784607803815,.725713398734639,-.710153900499593,.712102197196269,1.07970186308731,.410309746893944,-.538476291338329,1,1
162,1,1,0, ,0,1,0,1,0, ,1,1, , , , , , ,2,2,-2,2,1,0,0,0,0,0,0, ,0,1,0,0,0, ,2,-2,-1,-2,"leckeres, fruchtiges Getränk",0,0,0,0,0,0,1,0,0,0,0,0,0,0,0,0,0,0,1,0,1,0,1,1,1,0,0,0,0, ,1,3,Der Preis ist relativ hoch,Fanta,1,0,0,0,0,0,0,0,0,1,0,1,0,0,1,0,1,1,0,0,0,0,0, ,1, ,.75,.85,.95, , , ,1,8,1,4,1,1,.65,.9,.85,1, , , , ,-2,-2,0,-2,-1,2,2,1,2,1,2,1,1,0,2,2,2,-2,-1,0,-2,0,0,1,2,2,0,-1,-1,-1,2,1,0,5,7,8,2,6,7,10,4,3,7,4,4,0,4,5,4,5,5,2,4,7,3,5,5,0,5,9,3,4,5,0,3,3,1,6,3,2,4,7,5,7,5,2,2,2,0,1,1,1, , , , ,-2,1,-1,-2,1, , , , , ,2,-2,-2,-2,-2,-1,-2,1,1,1,1,1,0,0,-1,-1,0,1, , , , , , , ,4,1, , , ,1, , ,5,1, ,1, , , , ,-2,2,-1,2,0,-2,1,1997,4, ,3, ,2,0,0,2,1,-1,0,0,0,0,2, ,1,0, ,0, ,3,3,0,2,49090,0,2,1,.134647270290244,1.07249521885931,1.21841357550736,.235625513778668,-.710800052819418,-1.43905685771344,1.06179308055278,-.228028616908497,-1.07703003277649,3,2
163,0,0,1,trinke lieber wasser, , , , , , , ,1, , , , , , , , , , , , , , , , , , , , , , , , , , , , ,fanta,1,0,0,0,0,0,0,0,0,0,0,0,0,0,0,1,0,0,1,0,0,1,0,1,0,0,0,0,0, ,1,0,bin kein hipstar,fanta fritz emslandsonne,1,0,1,0,0,0,0,0,0,1,1,0,0,1,1,0,0,1,0,0,1,0,1, , , ,1,.5,.5, , , ,1,10,1,1,1,1,1,3,2,1.1, , , , , , , , , , , , , , , , , , , , , , , , , , , ,1,-1,0,0,-2,2,-1,0,1,-1,5,10,5,5,3,3,10,4,0,6,7,2,0,7,4,3,4,5,1,4,5,6,6,8,5,5,5,3,6,7,5,7,7,7,4,2,4,8,7,4,4,4,1,1,-1,-1,1,0,2, , , , ,-1,2,-2,-1,2, , , , , , , , , , , , , , , , , , , , , , ,1, , , , , , , ,2,1, ,1, , , , ,1,1, , , , , ,1, , , , , , , ,1993,4, ,3, ,1,1,0,2,-2,-1,2,2,1,1,1, ,1,0, ,0, ,7,7,0,1,49832,7,1,1, , , , , , , , , , , 
164,1,0,0, , , , , , , ,2,2, , , , , , ,4,2,-2,1,1,1,0,0,0,1,1, ,0,1,0,0,0, ,0,-2,1,0,Fanta,1,0,0,0,0,0,0,0,0,0,0,0,0,0,0,0,0,1,0,0,1,0,1,1,1,0,0,0,0, ,2,1,"Das Aussehen der Flasche muss verbessert werden (Grün und Orange passt nicht zusammen, Flasche sieht langweilig aus). Mir persönlich schmeckt Fanta nicht.",FantaFrizzWaldecker,1,0,1,0,0,0,0,0,0,1,1,0,0,1,1,0,1,1,0,0,1,0,0,Waldecker Orange, , , , , ,3,4,5,2,1,2,7,2,3, , , , ,.5,1,.75,.4,1,-2,-1, ,1,0,2,-1,1,0,2,1,2,0,1,0,1,-2,-2,-2,-1,-1,2,2,-1,1,2,-2,2,0,-1,1,0,4,8,9,3,4,6,10,5,6,6,4,6,2,4,6,4,7,5,4,8,8,3,6,3,3,8,9,0,7,5,6,5,5,7,6,5,2,6,7,5,8,6, , , , , , , ,1,2,-2,0, , , , , ,2,-1,-1,2,-1,-2,-2,-1,1,1,0,-2,-1,1,0,0,1,1,1,-1,-1,-2,2,-1,1,0,-2,1,-2,-2,4,2, , , ,2, , ,2,1, , , , ,1, ,-2,0,-1,2,2,-2,1,1996,4, ,3, ,1,-1,-1,2,1,0,-1,-1,-1,-1,2, ,1,0, ,0, ,7,7, ,1,34289,0,2,1,-1.07287360339927,1.0571978134423,-.22790710410034,.557201697215004,-.33499790364341,-.34588182363898,1.36111013900846,-1.69432121461398,-.650832082153851,4,3
165,1,0,0, , , , , , , ,1,2, , , , , , ,5,2,-2,2,1,0,0,0,0,0,0, ,0,1,0,0,0, ,-1,-2,-2,-2,Fanta,1,0,0,0,0,0,0,0,0,0,0,0,0,0,0,1,0,0,1,1,1,0,1,0,0,0,0,0,0, ,2,3,trinke ich selber nicht viel,"Fanta, sinalco, fritz,",1,1,1,0,0,0,0,0,0,1,1,0,1,0,1,0,1,1,1,0,1,0,0, , , , , , ,5,5,5,2,8,2,7,2,8, , , , ,.65,1.5,.75,.25,-2,-2,0,-2,0,1,1,-1,1,-2,1,2,1,2,2,-1,2,0,-1,-1,-2,2,1,2,-1,0,0,-2,-2,2,1,1,1,1,2,1,1,4,3,10,4,8,6,4,4,0,0,0,0,3,1,3,7,5,4,4,4,5,7,5,5,8,7,0,0,0,0,0,0,0,0,0,0,1,0, , , , , , , ,1,-2,0,-2, , , , , ,2, ,-1,-2,-2,1,0,-2,0,-2,-1,-2,0,2,2,-1,2,0,-2,-2,-2,0,2,1,2,1,1,-1,0,0,5,1, , , , ,1, ,5,1, ,1, , , , ,-2,1,-1,2,1,-2,0,1997,4, ,3, ,-1,-2,0,2,2,1,-2,-2,-2,-2,2, ,1,0, ,2, ,1,1,0,3, ,0,2,1,-2.32081927083133,-.444911779631804,.508162228264916,1.28183703639664,-.294433513236823,-1.57176448029395,1.4234156500712,-.107711334514063,.29140207717858,3,2
166,1,0,0, , , , , , , ,2,1, , , , , , ,3,1,-2,2,1,0,0,0,0,0,1, ,0,1,1,0,0, ,0,0,-2,1,Vilsa Orangenlimonade aus meiner Kindheit,0,0,0,0,0,0,0,0,0,0,0,0,0,1,0,1,0,0,0,0,1,0,0,0,1,0,0,0,0,ungesund,1,7,optisch ansprechend,"voelkel, fanta, vio, now, vilsa",1,0,0,0,0,0,1,0,0,1,1,0,1,0,1,0,1,1,1,0,0,1,1, , , ,.5,1.2,1.4, , , ,1,1,1,3,1,10,.7,1,.7,.5, , , , ,-2,-2,-2,-2,1,1,-1,0,0,0,1,0,1,0,2,0,2,-2,2,-2,0,0,2,1,1,1,1,0,2,-2,1,1,1,4,2,6,7,5,5,7,7,3,6,1,3,0,0,2,2,5,2,2,1,4,5,4,1,0,1,9,5,3,2,3,2,3,3,3,2,1,1,5,3,7,4,0,2,2,0,2,2,2, , , , ,2,2,2,-2,1, , , , , ,-2,-2,0,-2,0,-1,-1,-2,-2,1,1,1,-2,0,1,0,2,1, , , , , , , ,5,3, , , , ,3, ,2,3, , , , ,3, ,-2,1,-1,2,-1,1,1,1988,6, ,3, ,0,0,0,1,-1,0,1,0,0,1,4, ,2,0, ,1, ,3,3,0,1,49086,0,2,1,.672773491969486,.299655419682204,.722252320018431,-.518482505120113,-.288387414297982,-1.76945056843866,.426296755871096,-1.17441178443485,-.589634312867729,3,2
167,0,0,1,der geschmack gefällt mir allgemein nicht, , , , , , , ,2, , , , , , , , , , , , , , , , , , , , , , , , , , , , ,eigentlich mag ich es nicht und kaufe es nicht,0,0,0,0,0,0,0,0,0,0,0,0,0,0,1,0,0,0,1,0,1,0,0,0,1,0,0,0,0, ,2,2,was ich selber nicht mag empfehle ich eher nicht weiter,"fanta, fritz",1,0,1,0,0,0,0,0,0,1,1,1,0,0,1,0,0,1,0,0,0,0,0, , , , , , ,2,3,1,2,1,2,1,2,1, , , , ,.8,1,.99,.5, , , , , , , , , , , , , , , , , , , , , , , ,2,0,2,2,-2,2,1,0,2,1,0,7,10,0,0,0,8,0,0,10,0,10,0,0,0,0,0,0,1,2,1,2,0,0,0,8,10,0,0,1,0,0,0,0,0,0,1,2,2,2,3,2, , , , , , , ,2,-2,1,0, , , , , ,2,1, ,-1,-2, , , , , , , , , , , , , , , , , ,2,-2,-2,-2,0,-2,2,-2,3,1, , ,1, , , ,1,1, , , , , ,1,2,0,-2,-1,1,2,-2,1992,5, ,3, ,1,0,2,-1,-1,1,1,1,0,1,1, ,1,0, ,0, ,3,3,0,1,48488,5,1,1, , , , , , , , , , , 
168,1,0,0, , , , , , , ,1,2, , , , , , ,2,2,-2,0,1,0,0,0,0,0,0, ,0,1,0,0,0, ,2,-1,-1,-1,Fanta,1,0,0,0,0,0,0,0,0,0,0,0,0,0,0,0,0,0,1,1,1,0,1,0,0,0,0,1,0, ,2,6,"Preis, Aussehen","Fanta, SInalco, Aldi-Fanta",1,0,0,0,0,0,0,1,0,1,1,0,1,0,1,0,0,1,0,0,0,0,1, , , , , , ,3,3,4,2,7,2,6,2,9, , , , ,.45,1,.8,.25,0,-2,0,-1,-1,0,-1,0,-1,0,0,2,2,2,2,2,2,0,-1,-1,-1,1,2,2,1,1,1,-2,1,2,1,1,0,5,8,7,4,9,3,9,7,2,6,2,9,3,4,5,1,9,1,4,9,7,4,8,2,3,6,7,2,9,2,2,5,5,2,9,1,3,4,8,3,10,2, , , , , , , ,2,-1,-1,0, , , , , ,2,-1,-1, ,-1,0,-1,0,-1,0,1,0,1,1,1,1,2,1,-1,0,-1,1,2,0,0,0,0,0,-1,-1,4,1, , , ,1, , ,1,3, , , , , ,3,-2,0,0,1,1,-1,1,1993,4, ,3, ,-1,-1,1,1,1,1,0,1,1,1,4, ,2,0, ,0, ,4,4,0,1,33378,0,2,1,1.20463580812266,-1.09476433252894,1.60896980655288,.92514457861389,1.06555379586986,-.642582611698369,1.11683299109144,-.351562783645617,.213437020207971,3,2
169,1,0,0, , , , , , , ,4,1, , , , , , ,5,1,-2,2,1,0,0,0,0,0,0, ,0,1,0,0,0, ,1,-1,1,1,Fanta,1,0,0,0,0,0,0,0,0,0,0,0,0,0,0,0,0,0,0,0,1,0,1,0,1,0,0,0,0, ,1,3,"Trinken in der Freizeit kaum Orangenlimonade, deshalb brauche ich diese auch nicht weiterempfehlen","Fanta, Carolinen, Vilsa, frittz, bionade",1,0,0,0,0,1,0,0,1,1,1,1,1,1,1,0,0,1,0,0,1,0,1, , , ,1,1,1, , , ,1,8,1,3,1,2,1.2,1.5,1.5,.5, , , , ,1,-2,1,-1,-2,2,1,0,0,-1,0,1,0,1,1,2,2,-2,-2,-1,-1,1,1,1,1,1,1,-1,2,-1,0,1,1,2,7,7,3,5,3,10,5,4,7,3,8,1,3,7,3,6,2,5,8,5,3,5,5,2,5,8,2,3,1,0,0,4,2,3,1,5,5,5,3,3,2,0,1,0,1,1,0,2, , , , ,1,1,-1,-1,1, , , , , ,1,1,0,-1,-1,-1,-1,1,0,0,1,1,0,1,-1,0,-2,1, , , , , , , ,5,1, , , , ,1, ,3,1, , , ,1, , ,-1,0,1,1,1,0,1,1996,4, ,3, ,0,-1,0,2,1,1,0,1,-1,0,1, ,1,0, ,0, ,9,9,0,2,49090,0,1,1,.176948909416999,-1.25576727228777,1.22045399925014,1.25333540582719,-.465442316851257,.805530759172018,.591761406420977,-.198148824736227,-1.30524521477594,3,2
170,1,1,0, ,0,1,0,1,0, ,3,1,1, , , , , ,4,2,-2,2,1,0,1,0,0,0,0, ,0,1,0,0,0, ,2,-1,2,0,"Farbe Gelb, Zitrone, Sprudel",1,0,0,0,0,0,0,0,0,1,0,0,0,0,1,0,0,0,1,0,1,0,1,0,1,0,1,0,0, ,1,0,Unbekanntheit des Produktes,"Fanta, Gerry",1,0,0,0,0,0,0,0,1,1,0,1,0,1,1,0,0,1,0,0,0,0,1,Gerry,1, ,1.8,1.2,2.29, , , ,1,10,1,4,1,6,2,2.2,1.8,.65, , , , ,2,-2,2,0,-2,2,-2,1,2,1,-2,2,1,0,2,2,2,-2,-2,-2,0,2,-1,1,2,2,2,-2,1,-1,2,0,-1,4,10,8,7,7,9,10,8,10,3,2,7,0,9,4,6,8,8,8,8,7,4,4,8,1,7,1,9,8,6,7,3,5,6,6,5,1,5,9,7,4,3,-2,2,2,2,2,2,2, , , , ,-1,-1,1,2,2, , , , , ,2,-2,2,-2,-2,2,0,2,2,2,2,1,2,-1,-1,-2,-2,1, , , , , , , ,2,1, ,1, , , , ,2,1, , , , ,1, ,-1,2,2,2,2,2,-2,1995,4, ,3, ,2,-2,2,2,2,1,2,2,1,2,1, ,1,1,Gluten,4,Glutenfrei,5,5,0,1,48329,6,2,1,2.56649372471099,-.616002472650568,1.31004260814,1.96175167257039,1.12782993434664,1.57134267358715,1.60380685388703,-.0518845149894946,-1.35037920221514,3,2
171,1,1,0, ,0,0,0,1,0, ,0,2, , , , , , ,2,0,-1,0,1,0,0,0,0,0,0, ,0,1,0,0,0, ,2,-2,1,-2,Fanta,1,0,0,0,0,0,0,0,0,0,0,0,0,0,0,0,0,0,1,0,1,0,1,0,1,0,0,0,0, ,2,5,Ichspreche mit Bekannten und Freunden nicht über Fanta,FantaFritz,1,0,1,0,0,0,0,0,0,1,1,0,0,0,1,0,0,1,0,0,1,0,0, ,1, , , , ,4,2,2,2,8,2,4,2,3, , , , ,.67,.9,.85,.55,1,-2,-1,-2,-2,1,-1,-2,0,-1,-1,1,0,0,0,-1,-1,-1,-2,0,0,0,-1,2,-1,1,1,-2,-1,0,1,1,0,3,6,5,4,3,7,10,3,5,6,3,6,0,0,2,3,5,3,6,6,4,3,4,2,3,5,6,5,5,5,0,0,0,0,0,0,4,4,6,6,9,5, , , , , , , ,1,-1,0,0, , , , , ,1,1,-1,-2,-1,1,-1,0,-1,-1,-1,-1,-1,-1,0,1,1,-1,1,1,0,-1,2,0,-1,-1,0,0,0,-2,3,1, , ,1, , , ,6,1,1, , , , , ,0,0,1,-1,0,0,1,1993,4, ,3, ,0,0,1,1,0,-1,0,0,-1,0,1, ,1,0, ,0, ,7,7,0,1,48268,0,1,1,-.167938941789998,-.988918714547893,-1.64217356719281,-.340052416512278,-.457694431848987,-.871605931378697,-.174035903577723,.160710831283759,.0672566437874288,1,1
172,1,1,0, ,0,1,0,0,0, ,1,1, , , , ,1, ,2,2,-2,2,1,1,0,0,1,0,1, ,0,1,0,0,0, ,2,-2,-1,-1,"Fanta, zu süß, zu viel Sprudel",1,0,0,0,0,0,0,0,0,0,0,0,0,0,0,0,0,0,0,0,1,0,0,0,0,0,0,0,0,mag ich nicht,1,6,coole Marke,"Fanta, Sinalco, fritz",1,1,1,0,0,0,0,0,0,1,1,1,0,0,1,0,0,1,0,0,1,0,1, ,10, ,1,1,1, , , ,1,9,1,9,1,5,.65,1.01,.75,.5, , , , ,1,-2,-2,1,1,0,1,1,1,1,2,1,1,1,-1,0,1,0,-2,2,0,2,1,1,1,1,1,1,2,0,1,1,1,2,8,9,5,9,2,10,4,3,5,4,9,1,3,8,5,9,1,3,8,8,5,7,2,1,7,8,4,8,2,1,3,7,5,9,1,1,4,5,4,6,1,0,2,-1,2,2,2,2, , , , ,-1,-1,-1,1,1, , , , , ,-1,-2,1,-1,1,-2,-2,-1,-1,-1,-1,1,-1,-1,-1,-1,-1,1, , , , , , , ,4,1, , , ,1, , ,2,1, , , , ,1, ,0,1,1,1,1,-1,1,1996,4, ,3, ,1,-2,-1,2,0,0,-1,1,1,1,1, ,1,0, ,0, ,5,5,0,1,31275,6,1,1,.736766580520637,1.36885835716931,-.968487046617446,.187510485481158,-1.33142235752189,-1.14457498094613,.778978096922118,2.26918705214038,.852942495937546,1,1
173,1,1,0, ,0,0,0,0,1, ,3,1, ,1,1, , , ,2,1,-1,1,0,0,0,0,0,0,1,persöhnliche Erfahrung,0,0,0,0,0,im auto auf dem heimweg#,-1,1,-2,-1,FANTA,1,0,0,0,0,0,0,0,0,0,0,0,0,0,0,1,0,0,1,0,1,1,0,0,1,0,0,0,0, ,1,5,LECKER,FANTA; FRITZRIVER;,1,1,1,0,0,0,0,1,1,1,1,1,0,0,1,0,0,1,0,0,0,0,0, ,3, ,1.5,1.5,.1, , , ,1,9,1,9,1,1,.75,2,1,.5, , , , ,-2,-2,-1,0,0,0,0,0,0,0,0,0, , ,-1,0,-2,1,-2,-2, ,0, ,1,0,0,0,0,0,0,0,0,0, , , , , , , , , , , , , , , , , , , , , , , , , , , , , , , , , , , , , , , , , , ,0,0,0,0,0,0,0, , , , ,-1,1,-1,1,-1, , , , , ,1,-1,1,1,-1,0,-2,-2,-2,-2,1,2,-2,-2,2,-1,-2,1, , , , , , , ,4,2, , , ,2, , ,6,2,2, , , , , ,-1,0,-2,-2,1,0,2,1995,6, ,3, ,0,0,0,0,0,0,0,0,0,0,3, ,1,0, ,0, ,8,8,0,1,59348,0,1,1, , , , , , , , , , , 
174,1,1,0, ,1,1,0,0,0, ,3,2, , , , ,1, ,5,-1,-1,2,1,0,0,0,0,0,0, ,0,1,1,0,0, ,1,-1,0,-2,Fanta,1,0,0,0,0,0,0,0,0,0,0,0,0,0,0,1,0,0,1,0,1,0,1,0,0,0,1,0,0, ,2,5,"Ich empfehle selten Lebensmittel weiter, auch wenn sie mir gut schmecken.","Fanta, Sinalco, Fritz orange, Discount Marke von Aldi und Lidl, die Limo,",1,0,1,0,0,0,0,1,0,1,0,1,0,0,1,0,1,1,0,0,0,0,0, ,1, , , , ,1,1,1,2,9,2,5,2,4, , , , ,.15,.3,.25,.5,0,-2,1,-2,0,2,1,-1,-1,-2,0,2,0,2,0,0,1,-2,-2,-2,0,0,-2,2,-1,1,1,-2,1,0,0,1,1,3,6,8,8,9,9,10,3,2,5,1,1,0,4,8,6,10,9,0,3,0,0,0,0,1,5,7,7,7,8,0,2,5,4,8,8,0,2,7,6,8,8, , , , , , , ,-1,1,-1,2, , , , , ,-2,2,-1,-1,-1,2,-1,0,-1,-2,0,-1,-1,1,1,1,1,-1,0,-1,-2,-2,2,1,1,-2,2,-1,1,-1,5,1, , , , ,1, ,1,1, , , , , ,1,-2,-1,-2,1,1,1,0,1994,4, ,3, ,0,-1,1,2,1,1,-1,-2,-2,-2,1, ,1,0, ,0, ,6,6,0,1,59348,0,2,1,-2.09103178024219,-1.16595503221985,-.178475401037767,1.13940870116796,-.0593534190257889,.528806201315826,-.92471200318993,-1.69046180478438,-.285682306337807,3,2
175,1,1,0, ,1,0,0,0,0, ,2,2, , , , ,2, ,2,1,0,0,1,0,0,0,0,0,0, ,0,1,0,0,0, ,-1,-2,2,-2,Mit Korn mischen,0,0,0,0,0,0,0,0,0,0,0,1,0,0,0,0,0,1,1,0,0,0,1,1,0,0,1,0,0, ,2,10,eigner Vertrieb,"Frutz, Fanta, Vio-Bio",1,0,1,0,0,0,1,0,0,1,1,0,0,0,0,0,0,1,0,0,0,0,0, ,1, , , , ,3,4,5,2,8,2,5,2,8, , , , ,.7,1,.8,.4,1,-2,2,1,0,2,1,0,1,0,-2,2,0,-1,1,0,1,-2,-2,-2,-2,1,-2,2,0,1,1,-1,0,0,0,1,1,3,5,8,3,7,4,5,8,3,7,1,7,7,6,4,6,7,8,7,7,7,8,5,3,3,3,8,1,6,6,1,7,2,4,5,4,0,0,0,0,0,0, , , , , , , ,2,0,1,-1, , , , , ,2,1,-2,1,-2,1,-1,1,-2,-2,-2,0,2,2,-2,-2,0,-2,0,-1,1,-2,2,1,-2,-2,-2,1,2,-2,1,1,1, , , , , ,3,2, , , ,2, , ,0,-2,1,-1,2,0,2,1992,4, ,3, ,1,-1,1,-2,0,-2,1,0,1,0,1, ,1,0, ,0, ,5,5,0,1,48480,7,1,1,.699485062344146,-.55379035367105,.382586525229742,-2.36460223044004,.290100331751777,.994012139325167,-.354566501156599,-.171537486784309,-1.94264696027638,1,1
176,1,1,0, ,1,1,0,0,0, ,1,1, , , , , , ,5,2,-2,1,1,0,0,0,0,0,1, ,0,1,0,0,0, ,2,-2,0,-1,"gelb, orange",0,0,0,0,0,0,0,0,0,1,0,0,0,0,0,0,1,0,0,0,1,0,1,1,1,0,0,0,0, ,1,8,"flasche aus glas, jung, im Trend, frisches  Design","fanta, fritz limo,",1,1,1,0,0,0,0,0,0,1,1,0,0,0,1,0,0,1,0,0,1,0,0, ,1, ,1,1.1,1, , , ,1,5,1,8,1,4,.7,1.5,1.2,.5, , , , ,1,-2,0,-2,0,1,-2,-1,0,-1,-1,2,2,0,1,1,2,-1,0,1,1,1,1,1,1,1,1,-1,2,-2,1,1,1,4,7,7,5,6,6,8,5,4,7,3,7,3,3,4,4,4, ,5,5,5,5,5,5,2,4,8,3,5,3,1,2,3,2,3,1,5,5,6,5,5,5,-2,2,2,2,-2,2,2, , , , ,2,2,2,-1,1, , , , , ,2,0,-1,-2,0,-2,-2,2,2,2,2,2,2,0,0,-1,0,1, , , , , , , ,5,2, , , , ,2, ,5,2, ,2, , , , ,-2,0,-1,-2,1,-1,-2,1994,4, ,3, ,0,-1,1,1,1,1,-1,1,0,0,1, ,1,0, ,0, ,1,1,0,3,49090,0,2,1,.0683385154245411,-.965259040125758,1.11807829261661,.517159243440649,-1.24630725665978,.507407113774816,.593437388411712,.731945729872542,.882063797589741,4,3
177,1,1,0, ,1,1,0,0,0, ,1,2,1, , , , , ,4,1,-2,1,1,0,0,0,1,0,0, ,0,1,0,0,0, ,2,-1,0,-2,"Leckeres, meist sehr süßes Erfrischungsgetränk",0,1,0,0,0,0,0,0,0,0,0,0,0,0,0,1,0,0,1,0,1,1,1,0,0,0,0,0,0, ,2,3,Grüne und orange Farbe passt nicht zusammen. Aus Glasflaschen lässt sich nicht einafach trinken,"Fanta, Vio, Eigenmarken von Aldi, Edeka, Lidl etc.",1,1,0,0,0,0,1,1,1,1,1,0,1,0,1,0,0,1,0,0,1,0,1, ,7, , , , ,2,1,2,2,7,2,4,2,3, , , , ,.6,.99,.8,.5,2,-2,1,-1,0,1,0,-1,0,1,1,1,0,2,1,0,1,-2,-2,1,0,1,1,2,1,2,2,-1,1,-2,0,1,1,4,9,5,2,6,2,10,4,1,8,0,9,2,6,8,3,9,3,2,8,1,3,3,2,2,9,8,4,5,2,3,6,9,8,9,3,3,6,9,7,10,4, , , , , , , ,1,1,-1,0, , , , , ,2,1,-1,-1,-1,1,1,0,-1,-2,1,0,1,1,1,0,1,1,2,0,-1,-2,2,1,1,1,2,-1,2,-2,5,1, , , , ,1, ,3,1, , , ,1, , ,0,-1,0,-2,2,0,0,1998,4, ,3, ,-1,-2,0,1,1,2,0,0,-1,-1,1, ,1,0, ,0, ,2-4,3,0,1,48351,0,2,1,-.350160689554272,.438681881063684,-.166899872834982,1.00585420385007,.59829034251695,.924857315469184,.692534150729922,.591986813680336,-.427870460997583,3,2
178,1,1,0, ,0,1,0,0,0, ,5,2, , ,10, , , ,4,0,-1,2,1,0,0,0,0,0,1, ,1,1,0,1,0, ,-1,2,0,1,Erfrischung,0,1,0,0,0,0,0,0,0,0,0,0,0,0,0,1,0,0,0,0,0,1,0,0,1,0,1,0,0, ,2,6,"Glasflaschen sind sehr umständlich, da man sie nicht wieder verschließen kann","Fanta, Rewe Eigenmarke, Vio Bio Limo",1,0,0,0,0,0,1,1,1,1,1,0,1,0,1,0,0,1,0,0,1,0,1, ,1, , , , ,3,3,2,2,10,2,5,2,2, , , , ,.7,1,.99,.3,1,1,0,-1,1,2,-1,-1,1,1,0,1,-1,1,0,0,0,-1,-1,1,1,2,0,2,0,2,2,-2,1,1,2,2,2,2,9,7,4,1,2,10,2,3,7,1,5,0,0,2,2,8,2,4,4,4,4,4,4,3,9,9,0,5,3,0,0,4,0,7,0,0,0,6,0,8,0, , , , , , , ,1,-1,0,1, , , , , ,2,2,-1,-1,1,1,1,0,-1,-1,0,1,1,1,1,0,0,0,1,0,-1,-1,2,2,2,2,1,2,2,-1,2,1, ,1, , , , ,6,2,2, , , , , ,1,0,1,2,1,-1,0,1998,4, ,3, ,-1,-1,1,1,1,1,1,1,1,1,1, ,1,0, ,0, ,Nur Ich,1,0,2,49084,1,2,1,1.23341997865777,.618558578467656,-.696587586827311,.492641165831111,2.10093115248368,-.122565590520036,-1.02313304070775,1.61678075379052,-.0234467364099875,2,2
179,1,0,0, , , , , , , ,1,2, , , , , , ,2,1,0,2,1,0,0,0,0,0,1, ,0,1,0,0,0, ,1,-2,-1,0,Fanta,1,0,0,0,0,0,0,0,0,0,0,0,0,0,0,0,0,1,1,0,1,0,1,1,0,0,0,0,0, ,2,5,Glasflasche ist lecker,FantaBio VioFritz,1,0,1,0,0,0,1,0,0,1,1,1,1,1,1,1,1,1,0,0,1,0,1, , , , , , ,3,3,3,2,10,2,1,2,10, , , , ,.6,.75,.7,.3,-1,-2,0,-2,-2,1,-2,-2,1,-1,-1,1,-2,1,0,0,0,-1,-2,-1,0,1,-1,2,0,0,0,0,0,0,0,0,0,5,5,5,5,4,4,9,3,4,3,1,6,1,3,2,4,1,2,2,8,8,1,3,2,0,2,2,2,3,2,0,0,3,0,9,0,0,0,9,7,7,0, , , , , , , ,1,-2,-2,2, , , , , ,1,-1,-1,-2,-1,0,0,-1,-1,-2,-2,-2,-1,0,0,0,0,0,0,0,0,0,2,1,-1,0,1,-1,0,-1,4,1, , , ,1, , ,6,3,3, , , , , ,0,-1,0,-1,0,-2,0,1995,4, ,3, ,-1,-2,1,1,0,0,-1,-1,-1,1,1, ,1,0, ,0, ,3,3,0,2,49088,0,1,1,-.619594243945941,-.7964392865908,-.484904153148298,-.145846285580624,-1.21030559182153,-.610617270633863,-.923437772139466,.0686001809851567,.160649916664528,3,2
180,1,1,0, ,1,1,0,0,0, ,3,1, , , , , , ,2,2,-1,1,1,0,0,0,0,0,1, ,0,1,0,0,0, ,1,1,0,2,Zucker,0,0,0,0,0,0,0,0,0,0,0,0,0,0,0,1,0,0,0,0,1,0,1,0,0,0,0,0,0, ,1,4,Geschmacklich gefällt sie mir nicht.,OranginaFantaFritz LimoVio Bio,1,0,1,0,1,0,1,0,1,1,1,1,1,1,1,0,1,1,0,1,0,0,1, ,5, ,.75,.99,.5, , , ,1,10,1,7,1,4,.5,2,1,.4, , , , ,2,-1,1,0,-1,1,2,-1,0,1,1, ,-1,1,0,0,0,-2,-2,2,1,2,0,1,0,2,2,1,-2,0,1,1,2,2,6,4,2,1,10,10,4,3,5,1,10,1,3,7,6,3,10,0,6,6,8,3,10,1,6,7,4,2,10,0,2,5,3,1,10,2,4,8,3,7,10,-2,2,2,2,2,2,2, , , , ,2,2,-2,-2,2, , , , , ,2,-1,0,0,-1,-2,1,-1,2,2,2,2,0,1,-1,-2,-2,1, , , , , , , ,6,1, , , , , ,1,3,1, , , ,1, , ,0,1,2,2,2,-1,1,1998,4, ,3, ,-1,-2,2,1,0,1,1,0,-1,0,1, ,1,1,Ananas,4,Low Carb,7,7,0,1,49424,7,2,1,-.0242987484292606,.238221606061889,-.663461698629222,-.0477717183189244,.340153707437887,1.08993810507666,.083187876428791,2.31640904120343,-.429494769723355,3,2
181,1,1,0, ,1,1,0,1,1, ,3,2, ,2,2, , , ,2,1,-2,2,1,1,0,0,0,0,0, ,1,1,0,0,0, ,-1,1,1,-2,Fanta,1,0,0,0,0,0,0,0,0,0,0,0,0,0,0,0,0,0,0,0,1,1,1,0,0,0,1,1,0, ,2,7,relativ günstig,"Fanta, Fritz, Mirinda, Vio , River",1,0,1,0,0,0,1,1,0,1,1,1,1,1,1,0,1,1,0,0,1,0,1, ,1, , , , ,6,6,6,2,10,2,5,2,8, , , , ,1,1.5,1.1,.5,2,-1,2,1,1,-1,1,-2,1,2,2,1,1,1,1,2,0,-2,-2,-2,-1,-1,1,2,-2,2,2,-2,0,0,0,0,1,0,9,5,4,3,3,10,4,5,3,5,7,2,3,5,4,4,1,2,8,3,7,4,2,2,5,10,8,7,8,1,2,2,6,0,7,1,1,5,4,10,4, , , , , , , ,1,1,1,0, , , , , ,-2,-2,-2,-2,-2,1,-1,1,1,1,0,0,2,2,2,0,2,2,0,0,0,0,2,-2,-2,-2,0,-1,-2,-2,2,1, ,1, , , , ,4,1, , ,1, , , ,-1,1,1,1,0,0,0,1998,4, ,3, ,1,1,0,0,1,1,1,1,0,0,1, ,1,0, ,0, ,5,5,0,1,49176,0,2,1,.73999487281867,1.51398530060278,.17272809806851,.111428852992066,.798043108851235,1.50190966589489,.329831088848745,-1.78381774753751,-1.33667383933814,4,3
182,1,0,0, , , , , , , ,1,1, , , , , , ,5,1,-2,1,1,0,0,0,0,0,0, ,0,1,1,0,0, ,2,-1,0,0,fruchtigorangen,0,1,0,0,0,0,0,0,0,1,0,0,0,0,0,1,0,0,1,0,1,0,0,0,1,0,0,0,0, ,1,5, ,"Fanta, vio bio limo",1,0,0,0,0,0,1,0,0,1,0,1,1,1,1,0,0,1,0,0,1,0,1, , , ,.5,.7,.5, , , ,1,6,1,7,1,3,.4,1,.7,.4, , , , ,0,-2,0,0,1,1,1,0,0,-1,0,1,1,1,2,1,2,-1,-2,0,0,1,1,1,2,1,2,2,1,0,1,1,1,7,6,8,5,8,7,8,6,3,4,3,6,3,4,6,5,8,7,4,9,6,5,5,5,3,7,8,5,7,5,2,3,5,4,7,4,3,3,8,6,10,6,0,1,1,0,1,2,2, , , , ,-1,1,-1,-1,1, , , , , ,1,-1,1,-1,1,0,-1,0,1,1,1,2,-1,0,0,0,-1,1, , , , , , , ,3,1, , ,1, , , ,1,2, , , , , ,2,-1,1,0,1,0,0,1,1993,4, ,3, ,0,-1,1,1,1,1,1,1,0,1,4, ,3,0, ,0, ,7,7,0,1,49170,0,1,1,1.10275464792447,-.498644222918022,1.30854959077707,.71202523037208,-.0424759577409184,-.273563102720719,.415665340984169,.00654701638843721,.273610359382367,3,2
183,1,1,0, ,1,1,0,0,0, ,4,2, , ,3, ,4,1,5,2,-1,1,1,0,0,0,1,0,1, ,0,1,1,0,0, ,1,0,0,0,Fanta,1,0,0,0,0,0,0,0,0,0,0,0,0,0,0,0,0,0,1,0,1,1,1,0,1,0,0,0,0, ,2,8,lecker,"Fanta, Miranda, VIO,",1,0,0,1,0,0,1,0,0,1,1,1,0,1,1,0,0,1,0,0,0,0,1, ,1, , , , ,3,1,2,2,7,2,3,2,4, , , , ,.65,.8,.75,.5,2,-1,0,-1,-1,1, ,-1,0,-1,0,1,-1,0,1,1,1,0,-1,0,0,1,0,2,0,1,1,-2,1,0,-1,1,1,4,8,7,5,3,4,9,3,3,7,3,9,2,3,4,2,5,2,2,8,5,2,5,2,1,8,6,3,7,1,2,3,4,3,5,2,2,3,4,3,5,2, , , , , , , ,1,1,0,-2, , , , , ,1,2, ,-1,-2,1,-1,0,-1,-1,0,0,0,0,1,1,1,0,0,-1,-1,0,2,1,1,0,1,1,0,0,5,1, , , , ,1, ,2,1, , , , ,1, ,0,-1,-1,1,0,-1,0,1997,4, ,3, ,0,-2,1,1,1,1,-1,-1,-1,-1,2, ,1,0, ,0, ,4,4,0,1,49451,0,2,1,-1.15935823307945,-.861172051284961,.622442877776857,.471149675500502,1.03504732431648,.292080305345622,.434320440219738,.501498208363223,.751284227679475,3,2
184,1,0,0, , , , , , , ,1,2, , , , , , ,3,1,-2,0,1,0,0,0,0,0,0, ,0,1,0,0,0, ,2,-2,-2,0,Unnatürlich und in der Regel zu süß,0,0,0,0,1,1,0,0,0,0,0,0,0,0,0,0,0,0,0,0,1,0,1,0,0,0,0,0,0, ,2,3,"Fanta ist zu süß,unnatürlich im Geschmack für mich gibt es andere Getränke, die wesentlich besser schmecken","Granini, Fanta, Fitz, Sinalco, Vio",1,1,1,0,0,0,1,0,0,1,1,1,1,0,1,1,1,1,0,1,1,0,1, , , , , , ,1,2,2,2,2,2,4,2,5, , , , ,.55,.8,.7,.3,-2,-2,-2,-1,0,-1,-1,-1,0,-1,0,2,0,0,1,2,2,-1,-1,1,-2,2,1,2,-2,-1,0,-2,0,2,-1,0,0,1,2,4,3,4,4,10,7,2,5,2,4,1,1,5,3,6,5,0,5,5,3,5,2,1,4,6,3,4,4,1,1,3,2,3,3,1,1,4,2,5,3, , , , , , , ,0,-1,-1,1, , , , , ,1,1,-1,2,-1,-1,-2,-1,0,-1,-2,-2,-1,1,1,1,1,-1,-1,-1,-2,-1,2,0,1,-1,-1,1,-1,0,4,2, , , ,2, , ,2,2, , , , ,2, ,-2,0,0,1,1,-1,0,1990,4, ,3, ,-1,-1,0,1,0,-1,0,-1,-1,0,4, ,3,0, ,2, ,4,4,0,1,27777,0,2,1,-.601518597352963,-.722897515411136,1.29394749789914,-.757538875148896,-.914985606153214,-2.3405716044959,.336872377894229,1.70529594319294,-.717365647272641,3,2
185,1,0,0, , , , , , , ,1,2, , , , , , ,2,0,-2,2,1,0,0,0,0,0,0, ,0,1,0,0,0, ,2,-2,-1,-1,"Fanta, süßes, künstlich",1,0,0,0,1,1,0,0,0,0,0,0,0,0,0,0,0,0,1,0,1,0,0,0,0,0,0,0,0, ,2,0,"ich trinke selber so gut wie nie Fanta, daher auch keine Empfehlung","Fanta, Vio, Bionade, Fritz, Sinalco",1,1,1,0,0,1,1,0,0,1,1,1,1,0,1,0,0,1,0,0,1,0,1, , , , , , ,1,2,2,2,8,2,9,2,1, , , , ,.9,1,.95,.3,0,-2,0,-2,0,2,-2,-2,-1,-2,-2,2,2,1,0,2,2,-2,-1,0,1,2,1,2,-2,0,0,-2,0,1,2,0,0,0,0,2,0,3,2,10,2,2,10,0,10,0,0,1,0,2,0,0,10,0,0,0,0,0,1,2,1,2,0,0,0,1,0,2,0,0,1,5,0,8,0, , , , , , , ,-1,-2,-1,-1, , , , , ,1,1,1,1,-2,0,0,-2,-2,-2,-2,-2,0,-2,0,-2,1,-2,0,-1,-2,-1,2,-1,-1,0,-2,0,0,-2,1,2,2, , , , , ,2,1, , , , ,1, ,-2,0,0,-1,1,-1,0,1993,4, ,3, ,-1,-1,-1,2,2,1,-1,0,-2,1,4, ,3,0, ,0, ,1,1,0,2,49090,0,2,1,-.647251437219234,-2.1141847085851,1.26542327986346,1.44141968904373,-1.35522843649899,.526569764942827,-.464058974152385,.725782005212689,-.130105690442624,3,2
186,0,0,1,"künstliches Produkt, Geschmacklich nicht ansprechend, z. T. Energiegehalt", , , , , , , ,1, , , , , , , , , , , , , , , , , , , , , , , , , , , , ,Fanta,1,0,0,0,0,0,0,0,0,0,0,0,0,0,0,0,0,0,0,0,1,0,0,0,0,0,0,0,0, ,1,4,"Nettes Start-up, geschmacklich dem Marktführer nahe",Coca-Cola-Company und eben Fritz-Cola und die des LEHs (River...),0,0,1,0,0,0,0,1,0,1,0,0,0,0,0,0,0,0,0,0,0,0,0, , , ,0,0,0, , , ,1,1,1,1,1,1,0,1,.3,0, , , , , , , , , , , , , , , , , , , , , , , , , , , ,1,0,2,2,2,2,-2,-1,1,1,5,5,5,0,0,0,10,5,5,0,0,0,5,5,5,0,0,0,5,5,10,0,0,0,1,6,10,0,0,0,1,1,5,0,0,0,1,1,10,0,0,0,0,2,-2,-2,0,2,2, , , , ,-1,1,-1,1,-1, , , , , , , , , , , , , , , , , , , , , , ,1, , , , , , , ,3,1, , ,1, , , ,1,2, , , , , ,2,0,-2,-1,0,0,-2,1,1992,4, ,3, ,-1,-1,0,0,0,1,-2,0,0,-1,4, ,2,0, ,0, ,2,2,0,2,49090,6,1,1, , , , , , , , , , , 
187,1,0,0, , , , , , , ,2,1, , , , , , ,5,-1,-2,1,1,0,0,0,1,1,1, ,1,1,0,0,0, ,-2,1,2,0,Kindheit,0,0,0,0,0,0,0,0,0,0,0,0,0,1,0,1,0,0,1,0,0,0,0,1,1,0,1,0,0, ,1,7,"Farbe, hochwertige Erscheinung","Fanta, Fritz Cola, ""Lidl Fanta""",1,0,1,0,0,0,0,1,0,1,0,0,0,1,1,0,0,1,0,0,0,0,0, , , ,1,1.2,1.2, , , ,1,10,1,8,1,7,1.5,2,1.5,.7, , , , ,2,-2,0,-2,-1,2,0,-1,0,0,0,2,2,-1,-1,1,2,-1,-1,1,1,1,-1,1,2,2,2,1,2,0,2,1,1,3,7,8,3,5,4,8,7,3,7,2,8,0,0,6,0,6,0,2,4,6,1,7,0,0,7,9,0,8,0,3,4,5,3,5,3,1,2,7,2,5,2,-2,2,0,0,2,0,2, , , , ,-2,2,2,-2,2, , , , , ,1,-1,1,-1,0,2,1,2,2,-1,-1,-1,2,0,0,-1,1,1, , , , , , , ,5,1, , , , ,1, ,3,1, , , ,1, , ,-2,1,1,2,0,0,-1,1996,4, ,3, ,1,-1,1,0,-1,-1,1,1,1,1,2, ,1,0, ,0, ,5,5,0,2,49413,0,2,1,1.35484102022404,-.26890148045331,-.26141248530659,-.963941571722883,1.16942382760003,.452090946920221,-.00803126874530005,.869119870038061,.178585194820979,3,2
188,1,1,0, ,1,1,0,0,1, ,2,1, , , , , , ,4,0,-1,1,1,0,0,0,0,0,1, ,0,1,0,0,0, ,-2,0,1,1,partys und sommer,0,0,1,0,0,0,0,0,0,0,1,0,0,0,0,0,0,1,0,0,1,0,1,0,0,0,0,0,0, ,1,6,schmeckt lecker und ist mal was anderes als fanta,"fanta, fritz limonade, die limo, pepsi, schwepps",1,0,1,0,0,0,0,0,1,1,0,1,0,1,1,0,1,1,0,1,1,0,1, ,3, ,1.5,1.75,1.5, , , ,1,10,1,10,1,8,1.75,3,2.5,1, , , , ,1,-2,1,0,1,0,1,1,0,-2,0,2,1,2,-1,-1,1,-2,-1,1,-1,0,-1,1,1,1,2,0,-1,0,1,1,1,1,3,6,3,7,5,10,2,3,3,1,4,4,2,6,6,9,4,3,2,3,5,5,3,0,3,7,4,7,5,1,1,5,7,7,6,1,3,6,9,9,5,-1,2,0,1,2,2,0, , , , ,-2,1,1,-1,1, , , , , ,-2,0,1,-1,-1,0,-2,0,1,1,0,1,1,-1,-1,-2,1,1, , , , , , , ,5,1, , , , ,1, ,3,2, , , ,2, , ,0,-1,0,0,0,-1,0,1998,4, ,3, ,-1,0,-1,2,1,1,0,0,0,1,2, ,1,0, ,0, ,2,2,0,3,49090,0,2,1,.48217530505155,-.442286073811781,-.808787043626741,1.15578547115365,-.672500589505701,.518630420118922,-.642589899697027,-.139431534475578,-.331800987712708,3,2
189,1,1,0, ,1,0,0,1,0, ,3,2, ,1, , ,6, ,5,2,-1,1,1,1,0,0,1,0,1, ,0,1,1,0,0, ,0,-1,1,-1,erfrischend,0,1,0,0,0,0,0,0,0,0,0,0,0,0,0,1,0,0,1,0,1,0,1,0,0,0,0,1,0, ,2,2,Glasflasche,Fanta,1,0,0,0,0,0,0,0,0,1,1,1,1,1,1,0,1,1,0,0,1,0,1, ,1, , , , ,5,6,6,2,4,2,1,2,1, , , , ,.75,1.3,.99,.6,0,-2,1,-1,-1,2,2,-1,-1,-1,-1,2,2,2,0,0,0,0,-2,-1,0,0,0,2,-1,0,0,0,-1,1,-1,1,1,2,7,4,2,4,2,9,6,4,7,2,2,1,3,5,4,7,7, , , , , , ,1,6,7,3,7,10,1,1,5,1,8,8,1,5,6,2,7,7, , , , , , , ,0,-1,-1,-1, , , , , ,-1,1,-1,-1,-2,2,-1,1,-1,-1,0,-1,-1,0,0,0,1,-1,-1,-2,0,-1,2,1,0,0,0,1,1,-1,5,1, , , , ,1, ,4,1, , ,1, , , ,0,0,0,-1,1,-1,0,1995,4, ,3, ,1,0,0,1,-1,0,-1,-1,-1,-1,2, ,1,0, ,0, ,6,6,0,1,49688,0,2,1,-1.28722769198486,-1.26128781713831,-.317588425562557,-.525091968583452,.17470274811634,.0940767211319717,.471667308756712,-1.00217981452826,1.21456683514307,4,3
190,1,1,0, ,1,0,0,1,0, ,1,1, , , , , , ,5,1,-2,-2,1,1,0,0,1,0,1, ,0,1,1,0,0, ,-1,0,0,1,Fanta. Eigentlich kaufe ich nur Fanta oder Emslandsonne. Ich denke an Süße und Frucht und es darf auch ruhig künstlich sein weil ich sie genau deswegen kaufe.,1,0,0,0,1,1,0,0,0,0,0,0,0,0,0,0,1,0,0,0,1,0,1,1,0,0,1,0,0, ,1,6,"Ich finde sie sieht super aus,deshalb über 5, aber ich mag sie nciht so gerne wie Fanta. hm ich finde es ist eher wie ein ""Hippster""- Getränk bzw. nur ein Trend.",EmslandsonneFantaFritz-OrangeVio-BioOrangina,1,0,1,0,1,0,1,0,0,1,1,0,1,1,1,0,1,1,0,0,0,0,0, ,12,Emslandsonne,.8,.8,.9, , , ,1,10,1,10,1,8,.5,1,.8,.55, , , , ,1,-2,1,0,0,1,0,0,-1,-1,0,2,2,1,0,-1,-1,-1,-2,0,1,1,0,1,1,1,1,1,1,1,1,2,1,2,7,6,0,0,0,7,5,4,6,3,7,1,2,5,6,8,2,2,4,3,0,5,2,4,7,7,3,4,2,1,2,6,7,7,2,3,3,7,7,7,3,0,-2,-2,2,-1,2,2, , , , ,-1,1,1,-1,2, , , , , , , , , , , , , , , , , , , , , , ,1, , , , , , , , , , , , , , , , , , , , , , , , , , , , , , , , , ,3, , , , , , , , , , , , , , , , , , , , , , , , , ,1, , , , , , , , , , , 
191,1,0,0, , , , , , , ,1, , , , , , , ,4,2,-2,2,1,0,0,0,0,0,1, ,0,1,0,0,0, ,2,-2,-2,2,Erfrischung,0,1,0,0,0,0,0,0,0,0,0,0,0,0,0,1,0,0,1,0,1,0,1,0,1,0,0,0,0, , , , ,Sinalco FantaVio bio LimoFritz Limo,1,1,1,0,0,0,1,0,0,1,1,1,1,1,1,0,0,1,0,0,1,0,1, , , , , , , , , , , , , , , , , , , , , , , ,0,-2,0,-2,-2,-2,2,2,0,-1,1,2,-1,1,0,0,1,-1,0,1,1,2,1, , , , , , , , , , ,5,10,5,10,3,5,5,8,4,7,3,5,8,0,8,8,10,2,5,5,5,5,5,5,2,3,8,7,6,3,0,0,7,3,10,3,2,3,8,7,10,4, , , , , , , , , , , , , , , , , , , , , ,-2,-2,-2,2,-2,2,-2,0,-1,1,-1,1,0,1,-1,-2,0, , , , , , , , ,1,1,1, , , , , ,2,1, , , , ,1, ,-2,1,-1,1,0,-2,0,1993,4, ,3, ,-2,-2, ,1,1,0,0,0,1,1,2, ,1,0, ,0, ,3,3,0,2,49124,0,2,1,.822398928397342,-.410505328778457,-.516612676246534,.485991758030447,-.168187120935489,-.262110544974924,1.27668024431159,1.27903403011978,.794038457752179,4,3
192,1,0,0, , , , , , , ,2,1, , , , , , ,3,1,-2,0,1,1,0,0,1,1,1, ,1,1,1,0,0, ,1,-1,-1,0,"An ein erfrischendes Getränk, welches süß und mit viel Kohlensäure ist.",0,1,0,0,1,0,0,0,0,0,0,0,0,0,1,1,1,0,0,0,1,0,1,0,0,0,0,0,0, ,1,7,Weil die Limonade in einer Glasflasche ist und nicht ganz so ungesund und süß aussieht.,"fanta, vio limo, fritz limo, die limo, sinalco",1,1,1,0,0,0,1,0,0,1,0,1,0,1,1,0,0,0,0,0,1,0,1,die limo von granini, , ,.7,.99,1.2, , , ,1,4,1,7,1,10,.99,1.2,1.1,.4, , , , ,0,-1,-2,0,0,-1,2,2,1,2,2,2,1,0,1,2,1,-1,0,0,-1,1,0,1,1,1,1,1,1,-2,0,1,1,1,2,7,5,9,6,9,6,6,5,4,4,0,3,7,5,9,7,1,8,8,2,6,6,0,5,9,3,8,7,0,2,5,5,7,5,2,5,7,4,7,3,0,2,1,1,2,0,2, , , , ,-1,1,1,-1,1, , , , , ,-2,-2,1,0,-1,-1,-1,1,1,1,0,1,1,1,0,-1,2,1, , , , , , , ,6,2, , , , , ,2,3,3, , , ,3, , ,0,1,1,1,0,-1,1,1996,4, ,3, ,0,0,0,1,1,1,0,1,0,1,2, ,1,0, ,0, ,3,3,0,3,49090,0,2,1,.804521387590698,1.21441803208663,.40835205113266,.573605996370794,.0157960820891674,-1.55310620425446,.153807702298082,.769871210479055,-.735850601356769,3,2
193,1,1,0, ,1,1,0,0,0, ,3,2, ,5,1, , , ,2,1,-2,1,1,0,0,0,0,0,1, ,0,1,0,0,0, ,-2,1,1,1,Sommer und nettes zusammen sitzen,0,0,0,0,0,0,0,0,0,0,1,0,0,0,0,1,0,0,0,0,1,0,1,1,1,0,0,0,0, ,2,5,Fanta ist den meisten bekannt,"Fanta, Pepsi",1,0,0,0,0,0,0,0,0,1,0,0,0,1,0,0,1,1,0,0,0,0,0, ,1, , , , ,4,6,5,2,8,2,4,2,3, , , , ,.8,1,.95,.65,2,-2,0,-1,-1,1,1,1,0,-1,0,1,1,0,-1,-1,0,-1,-2,-1,1,1,0,2,-1,1,2,-2,-2,0,-1,2,1,6,7,4,5,5,7,8,7,2,5,7,4,6,2,7,7,7,5,5,10,2,5,5,4,4,7,8,5,6,3,4,1,6,6,5,5,4,4,7,6,5,6, , , , , , , ,2,-2,-2,0, , , , , ,1,1,-1,-1,-1,1,-1,1,1,1,1,-1,0,1,1,1,1,0,1,1,1,-1,2,1,-1,1,1,-1,0,0,1,1,1, , , , , ,1,1, , , , , ,1,0,0,2,0,0,-1,1,1998,4, ,3, ,0,-1,1,0,-1,-1,0,0,0,0,2, ,1,0, ,0, ,5,5,0,1,49090,0,2,1,.0545219008606133,-.389664212294276,-1.61875488026443,-1.18369780062275,.0766230972395911,.68198255530387,1.08575164837745,.0324458660529709,.276120929660702,1,1
194,1,0,0, , , , , , , ,1,1, , , , , , ,2,2,-2,2,1,0,0,0,0,0,0, ,0,1,1,0,0, ,2,-2,0,2,zu süß,0,0,0,0,1,0,0,0,0,0,0,0,0,0,0,0,0,0,1,1,1,0,1,1,0,0,0,0,0, ,1,0,wurde noch nie konsumiert und wird in Zukunft auch nicht konsumiert,Fanta,1,0,0,0,0,0,0,0,0,1,1,0,0,1,1,0,1,1,0,0,0,0,1, , , ,1.5,2,1.8, , , ,1,8,1,1,1,10,.5,1,.8,.4, , , , ,0,-2,-2,-2,1,0,1,0,1,0,1,1,1,0,1,2,2,-1,-1,1,-1,2,1,1,-1,1,0,1,1,1,1,0,1,7,9,7,6,10,9,10,8,5,8,7,7,3,3,5,6,8,6,0,7,7,5,4,1,2,5,2,2,7,2,0,0,0,2,4,3,2,2,4,2,4,3,2,2,2,0,2,2,2, , , , ,-2,2,-2,1,2, , , , , ,-2,-2,0,0,-2,0,-2,1,0,0,1,1,1,0,-1,0,0,1, , , , , , , ,4,1, , , ,1, , ,4,1, , ,1, , , ,-1,0,0,1,0,1,0,1993,4, ,3, ,0,-2,0,1,1,1,-1,0,0,0,2, ,1,0, ,4,Low Carb,7,7,0,1,49179,1,2,1,-.0899744578865962,.536807340372441,1.0745307525572,.474821450671654,-.405615914633882,-1.34700763697096,.778648232471577,1.52835056567498,-.11208524387787,3,2
195,1,0,0, , , , , , , ,1,2, , , , , , ,4,1,-1,1,1,0,0,0,1,1,1, ,0,1,0,0,0, ,1,-1,0,1,Fanta,1,0,0,0,0,0,0,0,0,0,0,0,0,0,0,1,0,0,0,0,1,0,1,0,1,0,0,1,0, ,2,4,"Grünes Glas wirkt nicht so qualitativ hochwertig, Fläsche wirkt älter","fritzlimo, Fanta, vio, orangina",1,0,1,0,1,0,1,0,0,1,0,1,1,0,0,0,1,1,0,0,1,0,0, , , , , , ,3,6,4,2,7,2,9,2,8, , , , ,1,2.5,2,.5,1,-2,0,0,2,-1,1,1,2,1,2,2,1,-1,2,-1,1,-1,0,0,0,-1,0,2,-1,-1,0,-2,0,1,-1,2,0,2,5,9,6,8,8,9,7,3,7,4,4,3,3,9,3,8,5,4,7,9,2,7,3,2,8,9,3,5,6,2,3,6,2,4,3,2,4,7,3,7,3, , , , , , , ,2,-1,-1,-1, , , , , ,1,-1,-1,-1,-1,-1,-1,1,0,1,-1,-2,-1,-1,1,0,0,-1,0,-1,-1,1,2,1,1,1,0,1,-1,-1,4,2, , , ,2, , ,2,2, , , , ,2, ,-1,2,0,2,-2,-1,1,1997,4, ,3, ,1,-1,0,1,-1,-1,1,1,1,2,2, ,1,0, ,2, ,1,1,0,3,49074,0,2,1,1.62341971298536,2.09292984151908,-.0805274285299867,-1.04828463482602,-1.00550712252192,-.0961408177244757,-.143040019960984,-.705820296495809,.509597139958709,1,1
196,0,0,1,"Ich finde, Orangenlimonade schmeckt nicht nach Orange und dieser verfälschten Orangegeschmack trifft nicht meinen Geschmack.", , , , , , , ,2, , , , , , , , , , , , , , , , , , , , , , , , , , , , ,"An die Marke Fanta bunte schrille Werbebilder, Kinder, Partys, künstlichen Orangengeschmack, Süße",1,0,0,0,0,0,0,0,0,0,0,0,0,0,0,0,0,0,0,0,1,0,1,0,0,0,0,1,0, ,2,0,Das der Geschmack nicht überzeugt und der Preis dafür nicht lohnenswert.,FantaFritz-LimoVio Bio-LimoOrangina,1,0,1,0,1,0,1,0,0,1,1,1,1,1,1,0,1,1,0,0,0,0,1, , , , , , ,3,3,4,2,1,2,1,2,6, , , , ,.7,.8,.75,.55, , , , , , , , , , , , , , , , , , , , , , , ,2,-2,-1,1,-2,-1,1,0,2,0,1,2,5,3,8,10,10,6,3,7,3,4,0,3,7,5,9,7,3,6,4,2,4,2,2,4,5,5,8,8,0,0,4,3,6,5,3,3,7,3,7,7, , , , , , , ,-2,-1,-1,0, , , , , ,-1,1,-1,-1,-1, , , , , , , , , , , , , , , , , ,2,1,1,1,2,2,0,-1,3,2, , ,2, , , ,2,3, , , , ,3, ,0,2,2, ,-1,-1,0,1994,5, ,3, ,1,-1,-1,2,-2,-2,-1,1,1,1,2, ,1,0, ,0, ,4,4,0,3,49074,6,2,1, , , , , , , , , , , 
197,1,0,0, , , , , , , ,5,1, , , , , , ,5,2,-1,1,1,0,0,0,0,0,0, ,1,1,0,0,0, ,1,-1,0,1,Erfrischungsgetränk,0,1,0,0,0,0,0,0,0,0,0,0,0,0,0,1,0,0,1,0,1,1,0,0,0,0,0,0,0, ,1,3,Preis,Fanta FritzRiver,1,0,1,0,0,0,0,1,0,1,1,0,0,0,1,0,0,1,0,0,1,0,0, , , ,1,1,1.3, , , ,1,10,1,7,1,5,.5,1.3,1,.4, , , , ,-1,0,1,-1,-1,1,-1,1,-1,-1,0,1,0,0,-1,-1,1,0,-2,-1,1,0,-2,1,0,0,1,1,-2,-1,0,-1,0,5,3,2,1,2,3,8,4,0,6,0,6,2,2,5,5,9,4,2,10,2,0,4,1,0,3,1,5,3,1,0,0,3,2,8,0,0,0,5,0,9,0,-2,1,0,-1,-1,1,1, , , , ,1,1,-1,-2,-1, , , , , ,1,1,0,-1,0,-1,-1,-2,1,0,0,0,-2,-1,-1,-1,-1,1, , , , , , , ,4,1, , , ,1, , ,6,1,1, , , , , ,-2,0,-1,-1,0,0,-1,1992,6, ,3,1,0,-1,-1,-1,0,0,-2,-2,-2,-1,4, ,3,0, ,0, ,5,5,0,1,48329,6,1,1,-2.55427875020856,-.967809389275988,-.372019454507647,-1.42522010472042,.669625946748773,.223094851235377,.0720277062275298,-1.01334595618347,1.559518776673,4,3
198,1,1,0, ,1,1,0,0,1, ,5,1, , ,6, , , ,2,-1,0,1,1,0,0,0,0,0,0, ,1,1,1,0,0, , ,1,1,2,fruchtig,0,0,0,0,0,0,1,0,0,0,0,0,0,0,0,1,0,0,1,0,1,0,0,0,1,0,1,0,0, ,1,5,schmeckt gut ist aber kein Geheimtipp,"Orangina, Fanta, Fritz, schwipschwap, sinalco, freeway",1,1,1,0,0,0,0,1,1,1,1,0,0,0,1,1,1,1,0,0,1,0,1, ,5, ,.75,.65,.7, , , ,1,5,1,5,1,3,.6,.8,.7,.3, , , , ,0,-1,0,0,1,1,-2,-1,-1,-1,0,1,1,1,1,1,1,-2,-1,0,2,0,-1,1,0,1,1,2,0,-2,-1,2,1,5,8,5,4,9,9,8,1,5,9,2,5,2,2,7,6,3,5,3,6,4,1,2,1,1,6,8,1,7,9,1,1,2,4,4,5,3,3,3,4,5,5,0,1,0,0,2,-1,1, , , , ,-1,-1,-1,2,2, , , , , ,-1,-1,0,2,0,-1,-1,1,1,1,2,1,1,0,-1,-1,1,1, , , , , , , ,3,1, , ,1, , , ,6,1,1, , , , , ,1,0,1,1,1,2,0,1998,4, , ,1,1,-1,0,1,1,2,1,1,1,1,2, ,1,0, ,0, ,1,1,0,3,40890,0,1,1,1.3368685947729,-.62345188009887,.746398062566048,1.08307401459757,-.377697728128239,.280393741003384,-2.62215708113639,-.435665679795534,.584387350918136,3,2
199,1,1,0, ,0,1,0,0,1, ,2,1, , , , ,.25, ,2,1,0,1,1,0,0,0,1,0,0, ,0,1,0,0,1, ,-1,1,-2,-1,Zucker,0,0,0,0,0,0,0,0,1,0,0,0,0,0,0,0,0,0,0,0,1,1,1,0,0,0,1,0,0, ,1,3,Orangenlimo ist eher selten thema,"fanta, mirinda, fritz,",1,0,1,1,0,0,0,0,0,1,0,1,0,1,1,0,1,1,0,1,1,0,1, ,3, , ,.7, , , , ,1,5,1,7,1,1,.8,1.5,1.2,.9, , , , ,1,-2,-2,1,0,-1,0,1,0,1,2,1,2,-1,0,-1,1,-2,-2,-2,-1,2,-1,1,1,2,1,0,2,-1,2,1,2,2,8,8,1,1,10,10,6,1,10,2,0,0,2,7,0,8,5,0,2,5,1,4,2,1,1,9,0,1,9,0,1,5,0,5,6,0,1,4,1,6,5,2,2,-1,1,2,0,2, , , , ,-2,1,1,1,2, , , , , ,0,-1,0,2,-1,-1,-2,-1,1,-1,1,2,-1,-1,-2,-2,-2,1, , , , , , , ,5,2, , , , ,2, ,6,2,2, , , , , ,-1,0,0,1,1,0,2,1983,6, ,3,3,0,-1,-1,0,1,1,-1,0,-1,1,4, ,2,0, ,0, ,4,4,0,1,49492,6,1,1,-.0495979326481619,.777863443158794,-.779643281329193,.144681948572588,-.847779339838162,-.568383648768087,-.611738751702775,.502723004514348,-1.42460853547333,3,2
200,0,1,0, ,0,1,0,0,0, ,4,1, , ,1, , , ,5,2,-2,1,1,0,0,0,0,0,0,Etikett,0,1,0,0,0, ,-1,-2,1,-2,süßes Erfrischungsgetränk mit viel Zucker,0,1,0,0,1,0,0,0,1,0,0,0,0,0,0,1,1,0,1,0,1,0,1,0,0,0,0,0,0, ,1,1,Ich finde die Limo zu süß und chemisch,"Vio, Fritz-Kola, Fanta, Auburg, Vilsa,",1,0,1,0,0,0,0,0,1,1,0,0,1,1,1,0,0,1,0,0,1,0,1, , , ,.4,.5,.55, , , ,1,3,1,1,1,7,.45,.6,.55,.3, , , , ,1,-2,1,-2,-2,0,-2,-1,1,0,1,1,0,-1,2,2,2,-2,1,-1,-2,1,2,1,-1,1,1,-2,2,-1,2,0,1,7,9,8,9,6,1,9,5,2,7,6,4,2,0,2,3,5,5,4,7,5,2,5,7,0,1,8,3,9,4,0,0,0,2,5,2,2,0,7,7,9,4,0,-1,1,2,2,2,2, , , , ,-1,-1,-2,2,-1, , , , , ,0,-1,1,0,-2,1,-1,0,2,2,2,2,2,-1,-2,-1,-1,1, , , , , , , ,3,3, , ,3, , , ,4,3, , ,3, , , ,-2,1,1,2,0,-2,2,1997,4, ,3,1,0,-1,1,2,2,0,-2,-2,-2,-2,2, ,1,1,Fructosemalabsorbtion,1, ,4,4,0,1,49459,6,2,1,-2.26642268578182,-.22096511021201,1.34492525308475,.953005421229511,.599847509868258,.436171880017877,1.62291544951579,-.134638289237476,-1.39988827602052,3,2
201,1,0,0, , , , , , , ,3,2, , , , , , ,5,1,-1,2,1,0,0,0,0,0,0, ,1,0,0,0,1, ,0,1,1,0,Erfrischung,0,1,0,0,0,0,0,0,0,0,0,0,0,0,0,1,0,0,0,0,0,0,0,1,0,0,1,0,0, ,2,8,Geschmack,Fanta River Sinalco Fritz Vio,1,1,1,0,0,0,1,1,0,1,1,0,0,0,1,0,0,1,0,0,0,0,1, , , , , , ,3,5,6,2,8,2,8,2,5, , , , ,.5,1.5,.9,.3,0,0,1,1,2,2,1,0,0,-1,-1,1,0,0,1,1,0,0,-2,1,1,0,1,2,0,1,1,0,1,0,0,1,1,1,6,5,2,4,5,1,4,1,4,4,4,5,3,7,4,5,6,5,5,5,7,8,5,4,5,9,2,4,5,6,5,6,7,7,6,4,7,5,6,8,7, , , , , , , ,0,0,0,1, , , , , ,2,1,-2,-1,-1,1,-1,1,-1,-1,0,0,1,1,0,1,1,1,0,0, ,-2,2,1,1,0,1,1,0,0,6,1, , , , , ,1,4,1, , ,1, , , ,0,1,0,0,1,0,2,1992,4, ,3, ,1,0,1,1,0,0,1,1,0,1,4, ,3,0, ,0, ,4,4,0,1,48351,6,1,1,.731674913172248,-.430752513800215,.610720206217443,-.333496735135916,1.34739614102445,-.0154712040826862,-.695339116036096,-.149056142393229,1.66855958970657,4,3
202,1,0,0, , , , , , , ,3,1, , , , , , ,4,0,-2,2,1,0,0,0,1,0,1, ,0,1,1,0,0, ,1,-1,1,0,Fanta; orangene Farbe; süß,1,0,0,0,1,0,0,0,0,1,0,0,0,0,0,0,1,1,1,0,1,0,1,0,0,0,0,0,0, ,1,4,"Kenne sie nicht, könnte aber eine weniger süße Alternative sein","Fanta, Sinalco, Vio, Diet (oder so ähnlich)",1,1,0,0,0,0,1,0,0,1,1,1,0,1,1,0,0,1,0,0,1,0,1, , , ,.75,.5,.5, , , ,1,8,1,3,1,3,.8,1.2,1,.4, , , , ,1,-2,-1,-1,-1,1,0,0,-1,-2,-2,0,1,1,1,1,1,-1,0,1,0,0,0,1,-1,-1,-1,-2,1,-1,-1,0,-1,2,4,4,4,6,4,8,5,6,7,5,7,1,3,3,3,6,3,3,5,4,3,4,4,2,4,3,3,5,3,2,3,3,3,5,3,0,2,3,2,3,3,2,2,0,0,0,0,1, , , , ,1,1,1,1,1, , , , , ,1,0,-1,0,-2,-1,-1,0,0,0,0,0,0,0,1,-1,1,1, , , , , , , ,6,1, , , , , ,1,4,1, , ,1, , , ,-1,0,0,0,1,-1,1,1991,6, ,3, ,-1,-1,1,2,1,0,-1,-1,-1,-1,4, ,3,1,Laktoseintoleranz,1, ,1,1,0,2,49565,0,2,1,-1.10372396305754,-2.07432722295943,.527248454505267,.708689164664419,-.268618751457783,-.634584825361977,.0912958559674693,.358557164971007,.393793616639081,3,2
203,1,0,0, , , , , , , ,1,2, , , , , , ,4,0,1,0,1,0,0,0,1,0,0, ,0,1,0,0,0, ,0,-2,-1,-2,"zucker, ungesund",0,0,0,0,0,0,0,1,1,0,0,0,0,0,0,0,0,0,0,0,1,1,1,0,0,0,0,0,0, ,2,4,"ich würde der Person mitteilen, dass das Getränk viel Zucker enthält und ihm eher Wasser empfehlen","Fanta, Fritz Cola, Sinalco, Vilsa, Granini, River,",1,1,1,0,0,0,0,0,0,1,1,1,1,1,1,0,1,1,0,0,1,0,1, , , , , , ,2,3,2,2,4,2,6,2,1, , , , ,.75,.85,.8,.6,-2,-2,0,-1,-1,1,-1,-2,1,1,2,2,-1,1,2,2,2,-1,-2,-2,-2,-2,0,2,-1,0,-1,-2,1,1,-1,-1,-1,2,4,9,4,1,0,9,6,0,1,0,0,0,3,7,8,8,3,3,10,10,7,7,5,0,5,5,7,8,0,0,0,0,5,3,0, , , , , , , , , , , , , ,0,-2,1,2, , , , , ,2,2,-1,-2,-2,1,2,1,1,-1,-2,-2,2,2,0,1,-1,2,1,-1,-2,-2,2,1,0,1,1,1,2,-1,6,2, , , , , ,2,6,2,2, , , , , ,-2,1,1,2,0,-2,1,1995,6, ,3, ,0,1,1,2,2,2,-1,-1,-1,-1,2, ,1,0, ,0, ,2,2,0,2,49504,0,1,1,-.981759961861163,.654462506088169,1.55605122345228,1.86533951165344,-1.00591525532185,-1.41197341539779,-2.30920696111535,-2.5884831162152,-.0812808793997266,4,3
204,1,0,0, , , , , , , ,1,1, , , , , , ,5,2,-2,2,1,0,0,0,1,0,1, ,0,1,0,0,0, ,1,-2,-2,1,Fanta,1,0,0,0,0,0,0,0,0,0,0,0,0,0,0,0,1,0,0,0,1,0,1,0,0,0,0,0,0, ,1,3,Habe es noch nie getrunken,"Fanta, Fritz Cola",1,0,1,0,0,0,0,0,0,1,1,1,0,0,1,0,0,1,0,0,1,0,0, , , ,.5,.6,.7, , , ,1,4,1,3,1,6,.6,.8,.7,.4, , , , ,0,-2,-1,0,1,2,-1,1,1,0,1,1,1,1,2,2,2,0,-1,1,2,0,1,1,0,1,1,1,0,-1,1,1,0,7,8,8,8,6,7,9,4,5,9,4,9,1,1,2,2,7,2,7,8,7,8,7,7,8,7,8,3,9,2,0,0,2,2,4, , , , , , ,3,0,2,-1,0,2,2,2, , , , ,1,1,-1,-2,1, , , , , ,1,0,-1,0,0,-1,-2,1,-1,2,2,2,2,1,0,-1,-1,1, , , , , , , ,1,1,1, , , , , ,6,3,3, , , , , ,-2,0,-1,1,1,-2,2,1992,6, ,3, ,-1,-2,-1,2,1,1,0,1,-1,0,4, ,3,0, ,1, ,2,2,0,3,49088,0,2,1,.0288478079111308,.542912877418786,1.53905921269489,.970064050885813,-1.09564015486739,-.587928439148881,.546275157948728,-.0721270471935023,2.35466315759,4,3
205,0,0,1,"Trink hauptsächlich Wasser, Cola und Cappuccino", , , , , , , ,2, , , , , , , , , , ,0,0,0,0,0,0,0, ,0,0,0,0,0, , , , , ,An Zuckerwasser mit Orangengeschmack,0,0,0,0,0,0,0,0,1,0,0,0,0,0,1,0,1,0,1,0,1,0,1,0,1,0,0,0,0, ,2,5,"Trinke selbst selten Fanta, aber in der Glasflasche würde ich sie vlt. weiterempfehlen. (als gekühltes getränk)",- Enthält Kholensäure/Phosforsäure- Viel Zucker / KoHy -> Energiereich- Prickelnd- Orangig- Zu viel davon verursacht Sodbrennen bei mir, , , , , , , , , ,1,0,0,1,0,1,0,0,1,0,0,0,0,0, , , , , , ,4,6,2,2,6,2,7,2,3, , , , ,.69,1.2,.9,.4, , , , , , , , , , , , , , , , , , , , , , , ,2,-1,1,1,-2,1,1,1,1,0,3,7,9,4,4,3,7,5,4,3,5,7,1,1,2,2,8,1,4,10,4,3,1,2,7,9,10,3,3,2,1,2,2,1,1,2,4,5,6,4,2,2, , , , , , , ,0,-2,2,-2, , , , , ,2,2,-1,-2,-1, , , , , , , , , , , , , , , , , ,2,1,0,0,1,2,0,-1,4,2, , , ,2, , ,3,2, , , ,2, , ,0,1,1,1,1,-1,2,1987,4, ,2, ,1,0,0,1,1,0,-2,1,0,0,5, ,2,0, ,0, ,2,2,0,2,49205,1,1,1, , , , , , , , , , , 
206,0,1,0, ,0,0,0,0,1,restaurant,1,1, , , , , , ,4,2,-2,2,1,0,0,0,0,0,0, ,0,0,1,0,0,pick nick,0,-1,1,1,an Fanta,1,0,0,0,0,0,0,0,0,0,0,0,0,0,0,0,0,0,0,0,1,1,0,1,1,0,0,1,0, ,1,3,künstliche farbe und geschmack,fanta sinalcodeitVio Bio limofritz limo,1,1,0,0,0,0,1,0,1,1,0,1,1,0,1,0,0,1,0,0,1,0,1, , , ,2.5,2.5,3, , , ,1,8,1,8,1,8,1.5,2.5,2,1.5, , , , ,0,-2,-1,-1,0,1,0,1,2,2,2,2,2,0,2,2,2,-1,-1,1,0,0,2,1,1,2,1,-2,2,1,1,1,1,3,4,7,5,9,5,9,7,3,5,1,6,0,0,5,4,7,5,6,6,10,7,10,6,0,3,9,6,8,3,0,0,4,3,7,2,0,2,7,5,8,3,-2,2,0,2,2,2,1, , , , ,-2, ,1,-1,1, , , , , ,-1,-1,0,-1,0,-1,-2,0, ,1,1,2,0,0,-2,-2,-1,1, , , , , , , ,4,2, , , ,2, , ,1,2, , , , , ,2,-2,1,-2,2,-1,-2,1,1994,4, ,2, ,1,-1,0,0,-1,0,0,1,0,1,4, ,3,0, ,4,"viel obst u gemüse, vollwert",10,10,0,1,26409,0,2,1,.663876876984634,1.77503520719634,1.31534282502114,-1.18406774301615,-1.08068793098852,-.723611995585431,.584418104147977,.47745348461873,.341335864631837,1,1
207,1,1,0, ,0,1,0,1,0, ,5,1, , ,1, ,2, ,5,2,-2,2,1,0,0,0,1,0,1, ,0,1,1,0,0, ,-2,1,1,1,"An ein Erfrischungsgetränk, dass durch einen Mix aus Süße und Fruchtigkeit meinem Geschmack entspricht.",0,1,0,0,1,0,1,0,0,0,0,0,0,0,0,1,0,0,0,0,0,1,1,1,0,0,1,0,0, ,1,10,Ich mag die Unternehmensgeschichte der beiden Fritz-Brüder. Die Geschmacksrichtungen (z.B. Melone) finde ich sehr gut.,"Fanta, Fritz, Die Limo",1,0,1,0,0,0,0,0,0,1,1,0,1,1,1,0,0,1,0,0,0,0,1, ,3, ,.75,.8,.95, , , ,1,4,1,10,1,1,.5,1,.7,.45, , , , ,2,-2,1,1,1,1,0,1,0,1,2,1,1,-1,0,-1,1,-1,-2,-2,0,-1,1,1,2,2,2,2,2,-1,1,1,1,0,3,10,3,7,0,10,4,2,6,3,2,0,3,10,4,7,3,1,6,10,4,6,1,0,4,10,1,7,1,0,3,4,1,6,1,0,3,9,1,8,1,2,2,2,0,2,2,2, , , , ,-2,1,-1,2,2, , , , , ,-2,-2,1,1,1,1,0,0,1,0,0,0,0,-1,1,-1,-2,1, , , , , , , ,4,2, , , ,2, , ,5,2, ,2, , , , ,0,0,1,0,0,1,1,1994,4, ,1, ,2,-1,1,0,1,1,1,1,1,2,1, ,1,0, ,0, ,6,6,0,1,27330,7,1,1,1.75941577699362,1.03975304712094,-.862482358811463,.40766409206036,.721822640756655,1.00065490612806,1.3029774448705,-1.99449479795127,.0902009574292354,4,3
208,1,0,0, , , , , , , ,1,1, , , , , , ,2,1,-2,1,1,0,0,0,1,0,1, ,0,1,1,0,0, ,1,0,-1,-2,"Sonne,Sommer,See und erfrischung",0,1,1,1,0,0,0,0,0,0,0,0,1,0,0,1,0,1,1,1,0,0,0,1,0,0,0,0,0, ,1,1,die stechend gelbe Farbe wirkt sehr künstlich,"vio bio limo, fritz-limo, fanta",1,0,1,0,0,0,1,0,0,1,0,1,1,0,0,0,0,1,0,0,1,0,1, , , ,1.3,1.2,1.1, , , ,1,9,1,8,1,5,1.4,1.5,1.4,.5, , , , ,0,-2,1,-1,-2,1,1,2,0,-2,-1,1,1,0,0,0,1,-2,-2,-2,-2,-2,0,1,1,2,1,0,1,-1,1,-1,1,3,9,10,2,7,4,10,2,1,9,3,10,0,4,10,3,10,1,2,9,7,5,9,6,0,6,9,0,7,0,0,5,8,2,8,0,0,4,10,2,10,4,1,2,-1,0,2,-2,2, , , , ,-1,-1,2,-2,2, , , , , ,0,0,-1,0,-2,-1,-2,1,-1,0,1,1,0,-1,-2,-2,-2,1, , , , , , , ,6,1, , , , , ,1,4,1, , ,1, , , ,-1,-1,1,0,0,-2,-1,1995,4, ,2, ,-1,-1,-1,1,1,1,-1,-1,-1,-1,4, ,2,0, ,0, ,4,4,0,1,21385,0,2,1,-1.08551139074415,-1.54125569470661,-.169488590077918,.752956766170825,-.62865424208787,.149939836978996,.674663311609332,-2.58946587649619,-1.06874003086771,4,3
209,1,0,0, , , , , , , ,1,2, , , , , , ,5,1,0,2,1,0,0,0,0,0,1,Plakatwerbung,0,1,0,0,0,Grillabende,1,-1,1,2,"Erfrischung, süß",0,1,0,0,1,0,0,0,0,0,0,0,0,0,0,1,0,0,1,0,1,1,0,1,0,0,0,0,0, ,2,7,Konvention,Fritz LimoFantaSonniger,1,0,1,0,0,0,0,0,0,1,1,0,0,1,1,0,1,1,0,0,1,0,0, , , , , , ,4,5,5,2,8,2,7,2,4, , , , ,.75,.95,.9,.65,1,-2,1,1,2,0,0,1,1,0,1,2,2,0,2,1,1,-2,0,1,-2,-1,1,2,-2,1,1,-2,-2,2,1,0,2,1,8,9,6,1,9,10,5,2,8,1,7,0,0,8,7,9,2,1,8, ,1,2,5,0,7,8,2,2,10,1,0,6,7,8,2,1,1,7,7,7,2, , , , , , , ,1,-2,0,-1, , , , , ,1,-2,-2,-2,-2,1,0,1,1,0,2,0,2,2,1,0,0,2,-1,-1,0,2,2,1,0,2,0,1,-2,0,5,2, , , , ,2, ,1,2, , , , , ,2,-1,1,-1,1,1,-2,1,1992,6, ,3, ,1,-1,1,1,-1,0,1,0,1,1,2, ,1,0, ,0, ,5,5,0,3,49090,0,1,1,1.1277640947128,1.05889584081171,.955906397570399,-.606429411607754,1.22074255687675,.0446771242778352,-.752345515427516,-.530345567761081,-.624543366664987,2,2
210,0,0,1,Ich mag den Geschmack nicht sonderlich gerne, , , , , , , ,1, , , , , , , , , , , , , , , , , , , , , , , , , , , , ,Die Farbe Orange,0,0,0,0,0,0,0,0,0,1,0,0,0,0,0,0,0,1,0,0,1,0,1,1,1,0,0,0,0, ,1,5,Keine Meinung,"Fanta, Orangina",1,0,0,0,0,0,0,0,0,1,0,1,0,1,1,0,1,1,0,0,1,0,1, , , ,.65,.75,.75, , , ,1,4,1,6,1,6,.6,1,.8,.5, , , , , , , , , , , , , , , , , , , , , , , , , , , ,1,0,1,1,0,1,0,1,1,0,4,4,5,6,5,7,10,5,5,4,3,3,2,2,4,5,5,5,6,6,6,4,5,3,0,0,3,2,3,3,3,3,3,6,5,4,4,3,5,5,5,5,0,2,0,0,2,2,2, , , , ,-1,1,1,-1,1, , , , , , , , , , , , , , , , , , , , , , ,1, , , , , , , ,5,2, , , , ,2, ,5,2, ,2, , , , ,-2,0,2,0,-1,-2,1,1994,6, ,3, ,0,-1,0,1,0,1,0,0,-1,0,3, ,1,0, ,0, ,4,4,0,2,50737,7,2,1, , , , , , , , , , , 
211,1,0,0, , , , , , , ,1,2, , , , , , ,3,2,-2,2,0,0,0,0,1,1,1, ,0,1,1,0,0, ,2,-2,0,1,erfrischend,0,1,0,0,0,0,0,0,0,0,0,0,0,0,0,1,0,0,1,0,0,1,0,1,1,0,0,0,0, ,2,6,Fanta kennt schon jeder.,"Fanta, Fritz Cola, Mirinda",1,0,1,1,0,0,0,0,0,1,1,0,0,1,1,0,0,1,0,0,1,0,0, , , , , , ,4,6,5,2,6,2,8,2,4, , , , ,1.2,2,1.7,.5,0,-2,0,-1,-1,1,0,1,1,0,0,1,1,0,-1,-1,-1,0,-1,-1,0,1,1,2,-2,1,1,-1,-1,0,0,1,1,6,8,8,8,3,8,10,5,1,5,4,6,0,0,1,0,0,0,0,8,7,2,4,1,0,8,10,0,3,5,0,0,0,0,0,0,0,0,10,0,3,5, , , , , , , ,-1,0,1,0, , , , , ,1,-1,-1,-1,-1,2,-1,-1,0,-1,1,0,-2,0,1,1,1,-2,1,0,-1,-1,2,1,0,1,1,-2,0,0,2,1, ,1, , , , ,3,1, , , ,1, , ,-2,0,1,1,1,1,1,1993,4, ,3, ,0,0,0,1,-1,-1,0,0,1,1,3, ,1,0, ,0, ,5,5,0,1,49090,0,2,1,.706991094831156,.217913323986041,-2.16652023132856,-.628803393841825,.854407031504035,-.844314712149855,1.55221070529119,-.0921674843760131,.586433877185594,1,1
212,1,1,0, ,1,1,0,1,0, ,3,1, , , , ,1, ,4,1,-2,2,1,0,0,0,0,0,0, ,0,1,1,0,0, ,1,-2,1,0,Party oder gemütlicher Grillabend,0,0,0,0,0,0,0,0,0,0,1,0,0,0,0,0,0,1,1,0,0,0,1,1,1,0,0,0,0, ,1,5,design,"Fanta, Fritz, Die Limo, emsland quelle, vilsa, vio",1,0,1,0,0,0,1,0,1,1,1,1,1,0,1,0,0,1,0,0,1,0,0, ,1, ,1,1,1, , , ,1,9,1,9,1,7,1,1.5,1.25,.5, , , , ,1,-1,0,-1,-1,1,-1,0,0,-1,-1,1,0,0,1,0,0,0,0,0,0,0,1,1,1,1,1,1,0,1,1,0,0,6,8,8,6,5,6,9,8,3,5,6,9,2,4,6,5,4,1,2,4,5,3,3,1,2,3,5,3,3,2,2,2,3,2,2,1,2,3,5,4,2,2,0,0,0,-1,-1,1,1, , , , ,-1,1,1,-1,1, , , , , ,1,0,0,-1,-1,1,0,1,0,1,1,1,0,0,0,0,1,1, , , , , , , ,2,1, ,1, , , , ,3,1, , , ,1, , ,-2,0,0,1,0,0,1,1995,4, ,3, ,0,0,0,1,1,1,0,1,0,0,3, ,1,0, ,0, ,4,4,0,1,49586,0,1,1,.501811138117209,-1.05376601435927,-.360014265501978,.866836907706775,1.30629117078045,-.497101932208158,.727409670859425,-.458235371330371,.832232459255461,4,3
213,1,1,0, ,1,1,0,0,1, ,3,2,1, , , ,2, ,4,0,1,1,1,0,0,0,0,0,0, ,0,1,0,0,0, ,-2,-1,2,0,"fruchtig, erfrischend",0,1,0,0,0,0,1,0,0,0,0,0,0,0,0,0,0,0,0,0,1,0,0,1,1,0,0,1,0, ,2,7,"Design, Glasflasche (besserer Geschnmack)","Fanta, Gut und Günstig, Vio Limo, Sinalco",1,1,0,0,0,0,1,1,0,1,1,1,1,1,1,1,1,1,0,0,1,0,1, ,1, , , , ,3,5,5,2,9,2,9,2,7, , , , ,1,1.5,1.2,.8,2,-2,1,-1,0,1,2,-1,0,0,1,1,1,1,0,1,0,-2,-1,1,1,0,1,2,-1,1,0,-2,0,1,0,2,1,4,10,9,4,5,8,10,7,3,9,6,7,3,3,6,2,8,3,4,10,8,4,6,7,1,10,10,2,7,9,0,0,3,0,4,0,1,3,7,1,7,5, , , , , , , ,1,1,1,-1, , , , , ,1, ,-1,-1,-1,1,1,1,1,-2,1,-1,1,1,2,-1,2,1,-1,0,-2,0,2,1,0,0,1,-1,-1,0,3,1, , ,1, , , ,5,1, ,1, , , , ,1,2,0,1,0,-1,-1,1993,5, ,3, ,0,-1,2,1,1,1,-1,0,0,1,2, ,1,0, ,0, ,2,2,0,3,49090,1,1,1,.169860458179647,.394964212941594,-.184012545438754,.6704360696139,-.166525098730188,1.20445937900123,-2.21779399033416,.163476714889072,.545238845654144,2,2
214,1,1,0, ,1,1,0,0,0, ,4,2, ,1, , ,4, ,2,1,-2,2,1,0,0,0,1,0,1, ,0,1,0,0,1, ,-2,0,1,0,Mischgetränk für Spirituosen,0,0,0,0,0,0,0,0,0,0,0,1,0,0,0,1,1,0,0,0,1,0,1,0,0,0,1,0,0, ,2,8,schmeckt gut,"fritz, fanta, sinalco, die limo, river",1,1,1,0,0,0,0,1,0,1,1,1,1,1,1,0,1,1,0,0,1,0,1, ,1, , , , ,3,3,3,2,5,2,3,2,1, , , , ,.5,.7,.65,.4,1,-2,2,-2,-2,2,2,-2,0,0,0,1,1,2,0,-1,-1,-2,-2,0,0,0,1,2,-2,2,2,-2,-2,-2,1,2,0,5,10,8,3,6,7,10,2,3,5,4,4,2,2,2,2,4,2,4,6,8,5,5,5,1,10,7,2,6,6,0,0,0,0,0,0,5,5,5,5,5,5, , , , , , , ,0,-2,-2,2, , , , , ,2,2,2,-2,-2,2,-2,-2,2,-2,-2,-2,2,2,1,-1,1,2,-1,-1,-2,0,2,-1,-2,-1,0,-2,0,-2,4,1, , , ,1, , ,1,2, , , , , ,2,1,-1,0,0,-2,-1,-1,1994,4, ,3, ,0,0,1,2,0,1,1,0,1,1,2, ,1,0, ,0, ,2,2,0,3,49090,1,1,1,1.11053877233607,-.394458096126134,-1.60041304265227,.803010565088288,-1.54466922630758,1.02825743304886,.316763480378521,-.0611439087215959,-.67620217620598,1,1
215,1,0,0, , , , , , , ,1,2, , , , , , ,2,2,-2,2,1,1,0,0,0,0,1, ,0,1,1,0,0, ,-1,0,2,1,"Sonne, Party, Mixgetärnke",0,0,0,1,0,0,0,0,0,0,1,1,0,0,0,1,0,0,0,0,1,0,1,1,0,0,0,1,0, ,2,6,"Bekannte Marke, Glasflasche, kleines Gebind",FantaVilsaSinalcoGut und GünstigVio,1,1,0,0,0,0,0,0,1,1,1,1,1,1,1,0,0,0,0,0,1,0,1,Gut und Günstig, , , , , ,4,4,6,2,5,2,5,2,5, , , , ,.6,1.2,.9,.3,2,-2,2,-1,0,1,0,1,0, ,1,1,1,1,2,-1,0,0,-1,1,1,1,0,2, , , , , , , , , ,3,5,6,6,7,5,9,7,6,6,4,7,3,5,6,5,10,4,1,7,6,5,5,4,1,6,8,5,8,4,1,2,4,4,6,4,3,2,9,4,9,3, , , , , , , ,1,-1,1,1, , , , , ,2,1,-1,-2,-1,1,0,-2,1,-1,1,-1,-2,-1,0,0,1,-2,0,0,-2,0,2,-1,-1,0,0,-2,-1,0,2,1, ,1, , , , ,6,1,1, , , , , ,-2,0,-2,1,0,-1,1,1995,4, ,3, ,1,-1,0,1,1,1,-1,-1,-1,0,2, ,1,1,"Lactose, Fructos",4,wenig Zuckeraustauschstoffe,6,6,0,1,49406,4,2,1, , , , , , , , , , , 
218,1,1,0, ,1,1,0,0,1, ,1,2, , , , ,1, ,2,1,0,2,1,0,0,0,0,0,1, ,0,1,0,0,0,Frühstück,-2,-2,0,0,Vodkapartyfeiern,0,0,0,0,0,0,0,0,0,0,1,1,0,0,0,1,0,0,1,1,0,0,1,1,0,0,0,0,0, ,2,0,Ich mag keine Fanta,freewayFantaSinalcoBillig Marken,1,1,0,0,0,0,0,0,1,1,1,1,1,1,1,1,1,1,0,0,0,0,0,vILSA oRANGE IST DOPPELT, ,Keine- mag ich nicht, , , ,3,4,4,2,1,2,2,2,2, , , , ,.99,2,1.5,.39,-2,-2,-2,-2,-2,-2,-2,-1,-1,0,-2,-2,-2,0,2,2,2,1,-2,-1,0,0,0,2,0,0,0,0,0,0,0,0,0, , , , , , , , , , , , , , , , , , , , , , , , , , , , , , , , , , , , , , , , , , , , , , , , , ,0,0,1,-1, , , , , ,2,-1, ,-2,-2,0,0,-1,1,-1,-2,1,2,2,2,2,2,2,2,-2,2,-2,2,-1,-1,-1,-1,-1,-1,0,4,2, , , ,2, , ,5,2, ,2, , , , ,-2,2,2,2,2,-2,0,1988,0, ,3, ,2,2,2,0,1,-1,-1,1,-2,-1, , ,3,0, , , ,15,15,17,3,12345,7,2,1,-.916194953683433,-2.00434146088794,1.84352466288572,-.385740597669792,.82212322970861,-2.6134223756615,-.557171322661983,-.778144239670161,1.63383507266158,2,2
217,0,0,1,ich habe kein Bedürfnis und mag es nicht gerne, , , , , , , ,1, , , , , , , , , , ,0,0,0,0,0,0,0, ,0,0,0,0,0, , , , , ,"frische, Obst, Sommer, draußen sein, Frühstück",0,1,1,0,0,0,0,0,0,0,0,0,0,0,1,1,0,0,1,0,0,1,0,1,1,0,0,0,0, ,1,7,"ich mag die Marke Fritz. Es sieht fruchtig, lecker, frisch aus.","gut und günstig, ja,",0,0,0,0,0,0,0,1,1,1,1,1,1,1,1,0,0,1,0,0,1,0,1, , , ,1,1.5,1.3, , , ,1,2,1,9,1,6,1,1.8,1.5,.55, , , , , , , , , , , , , , , , , , , , , , , , , , , ,1,-1,0,-1,-2,2,1,1,-1,1,5,3,7,1,7,0,10,5,2,5,3,10,0,1,2,4,8,0,0,4,5,1,7,1,1,4,6,0,7,0,0,0,0,1,5,0,0,0,1,0,8,0,0,0,-2,2,2,2,0, , , , ,-1,-1,-2,1,1, , , , , , , , , , , , , , , , , , , , , , ,1, , , , , , , ,2,2, ,2, , , , ,6,3,3, , , , , ,-2,1,-1,1,1,0,1,1992,4, ,3, ,0,-1,-1,1,1,0,1,1,1,1,4, ,3,0, ,0, ,4,4,0,1,29378,0,2,1, , , , , , , , , , , 
219,1,1,0, ,1,1,1,1,1, ,4,2, , , , , , ,2,2,1,-1,1,0,0,0,0,0,0, ,0,0,1,0,0, ,2,0,1,-2,Fanta,1,0,0,0,0,0,0,0,0,0,0,0,0,0,0,0,0,0,0,1,0,1,0,0,0,1,0,1,0, ,2,10,"0,65 ct sind unschlagbar günstig",Fanta SinalcoSchweppesBig Boy,1,1,0,0,0,0,0,0,1,1,1,1,0,1,1,0,0,0,0,0,0,0,0, ,1, , , , ,5,5,4,2,9,2,5,2,1, , , , ,1.9,1.5,1.7,.5,2,0,-1,2,1,-1,1,-1,1,0,1,2,1,0,1,0,0,1,1,-2,1,-1,-1,2,1,0,1,-1,0,0,-1,-1,0, , , , , , , , , , , , , , , , , , , , , , , , , , , , , , , , , , , , , , , , , , , , , , , , , ,2,1,0,1, , , , , ,2,1,2,1,2,1,0,0,1, ,0,-1,1,1,2,1,1,1,1,0,1,1,2,-2,-2,-2,-2,-2,-2,-2,2,1, ,1, , , , ,1,1, , , , , ,1,2,1,0,0,1,1,1,1994,4, ,3, ,2,2,1, ,1,2,2,1,0,1,1, ,1,0, ,0, ,4,4,0,2, ,0,1,1, , , , , , , , , , , 
220,1,1,0, ,0,1,0,0,0, ,5,2, , , , ,20, ,5,1,-1,1,1,0,0,0,0,0,0, ,1,1,0,0,0, ,-1,-1,1,-2,"Frische, süßer geschmack",0,1,0,0,1,0,0,0,0,0,0,0,0,0,0,1,0,1,1,0,0,0,0,1,0,0,1,0,0, ,2,3,"Empfehle selten Getränke weiter, da jeder seine eigenen Favoriten finden sollte","Fanta, Sinalco, Pepsi, Vilsa",1,1,0,0,0,0,0,0,1,1,1,1,1,0,1,0,0,0,0,0,1,0,0, ,1, , , , ,5,6,3,2,9,2,9,2,5, , , , ,.9,1,.99,.7,2,0,1,-1,1,2,0,-1,0,0,1,1,1,0,0,0,2,2,-2,0,1,2,2,2,1,2,1,-1,2,0,1,1,1,4,8,9,3,7,2,9,1,2,8,1,7,1,5,4,3,10,3,0,8,2,4,7,4,1,9,10,2,5,3,1,1,6,4,9,6,3,7,9,6,9,4, , , , , , , ,1,2,1,0, , , , , ,2,2,1,-1,-2,2,-2,1,0,-1,1,0,-1,1,0,0,1,-1,0,1,-1,-1,2,-1,-1,1,-1,-1,-1,-2,2,1, ,1, , , , ,3,1, , , ,1, , ,0,1,1,-1,2,0,-1,1994,6, ,3, ,0,-1,0,1,1,0,1,0,1,1,4, ,3,0, ,0, ,4,4,0,1,29640,6,1,1,.892587187097746,.138337969690314,.318347198211174,.187733904321346,1.69859981570428,.657500689933164,.00220098897236192,.820578972644266,2.21047867460799,4,3
221,1,0,0, , , , , , , ,5,2, , , , , , ,5,2,-2,-1,1,0,0,0,0,0,1, ,1,1,0,0,0, ,-2,0,1,0,frisch,0,1,0,0,0,0,0,0,0,0,0,0,0,0,0,1,0,0,0,0,0,1,0,0,0,0,1,0,0, ,2,8,bekannte marke mit der gleichbleibende Qualität assozeiert wird,deit Sinalco fanta vilsa,1,1,0,0,0,0,0,0,1,1,0,1,1,0,1,0,0,0,0,0,0,0,0, , , , , , ,3,5,2,2,8,2,7,2,2, , , , ,.8,1,.9,.75,1,2,0,-2,0,1,-1,-1,0,-1,-1,1,1,0,0,-1,1,-2,-2,1,0,1,1,2,0,1,1,-2,1,0,1,1,1,4,8,10,5,8,2,10,4,1,5,2,2,1,4,1,5,4,2,4,6,2,1,4,2,2,8,10,1,6,2,1,2,2,5,8,2,4,4,4,5,5,2, , , , , , , ,1,-2,0,-2, , , , , ,2,1,-1,-1,-1,1,0,0,1,0,-1,0,0,1,0,1,1,-1,0,-1,-1,-2,2,-2,-2,-2,-2,-2,1,-2,3,2, , ,2, , , ,6,2,2, , , , , ,-1,0,-1,0,1,-1,-2,1994,4, ,3, ,0,0,-1,1,1,1,-1,0,-1,0,1, ,1,0, ,0, ,7,7,0,2,26954,7,1,1,-.868618930486581,-.95074671853944,-.0798669368362524,.106410607793144,2.05842027256109,.287560978702916,.543121993300243,.998217983144956,-.768112438881737,3,2
222,0,0,1,Da sie mir nicht schmeckt und zu viel Zucker hat, , , , , , , ,2, , , , , , , , , , , , , , , , , , , , , , , , , , , , ,Fanta,1,0,0,0,0,0,0,0,0,0,0,0,0,0,0,1,0,0,0,0,1,0,1,0,0,0,0,0,0, ,2,2,"Da ich es nicht mag, jedoch weiß wie gerne andere bzw Freunde dieses Produkt trinken und der Preis niedrig ist.",FantaFritzlimon,1,0,1,0,0,0,0,0,0,1,1,1,1,1,1,0,1,1,0,0,1,0,0, , , , , , ,4,4,6,2,1,2,1,2,4, , , , ,.7,.9,.85,.3, , , , , , , , , , , , , , , , , , , , , , , ,2, , , , , , , , , ,1,4,4,0,5,4,10,6,3,10,1,4,0,3,5,0,8,4,1,6,5,0,5,4,1,4,7,0,5,8,1,1,4,1,4,2,0,2,3,1,10,3, , , , , , , ,1,-2,0,0, , , , , ,2,2,2,2,-1, , , , , , , , , , , , , , , , , ,2,2,2,1,2,2,0,2,1,3,3, , , , , ,5,3, ,3, , , , ,-2,2,2,2,2,2,2,1994,4, ,3, ,2,-1,2,2,2,2,2,2,2,2,1, ,2,0, ,0, ,2,2,0,2,49090,2,2,1, , , , , , , , , , , 
223,1,1,0, ,0,1,0,0,1, ,1,2, , ,1, , , ,2,2, , ,0,0,0,0,0,0,0,erfahrung,0,1,0,0,1, , ,2, , ,Fanta,1,0,0,0,0,0,0,0,0,0,0,0,0,0,0,0,1,0,0,0,1,0,0,1,0,0,1,1,0, ,2,10,Gute Qualität,FantaOranginaMiranda,1,0,0,1,1,0,0,0,0,1,1,1,1,1,1,0,1,1,0,1,1,0,1, ,1, , , , ,6,5,5,2,10,2,4,2,10, , , , ,.5,.8,.75,.45,2, ,2,0,0,2,-2,-2,-2,-2,-2,2,2,-1,1,1,1,-2,-2,2,2,2,0,2,-2,2,2,-2,0,0,1,2,1,0,9,8,0,9,0,10,0,1,0,1,0,0,1,1,0,2,0,0,4,6,0,4,0,0,7,9,0,9,0,0,0,0,0,1,0,0,6,6,0,8,0, , , , , , , ,-1,2,2, , , , , , ,2,2,-1,-1,-1,2,-2,2,-2,2,2,0,1,1,1,2,1,1,1,1,1,-1,2,0,0,0,0,0,0,0,1,1,1, , , , , ,5,1, ,1, , , , ,-2,0,1,2,0,-2,2,1989,4, ,3, ,2,0, ,0,2,1,1,1,1, ,4, ,3,0, ,4, ,4,4, ,1,48163,2,2,1, , , , , , , , , , , 
224,1,1,0, ,1,1,0,1,0, ,3,2, , , , ,2,1,4,2,-1,1,1,0,0,0,1,0,1, ,0,1,0,0,0, ,0,1,1,1,"Zu erst an Fanta, die haben eine sehr dominante Werbung. Am liebsten trinke ich aber die Fritzlimo wenn ich Fahrer bin, die schmeckt gut und hat keinen ekligen Nachgeschmack",1,0,0,0,0,0,0,0,0,0,0,0,0,0,1,1,0,0,1,0,0,0,1,1,1,0,0,0,0, ,2,0,"Fanta schmeckt mir nicht, daher würde ich es erstmal nicht weiterempfehlen.",FantaFritzlimo (von Fritzcola)Freeway,1,0,1,0,0,0,0,1,0,1,1,0,0,1,1,0,0,1,0,0,1,0,0, ,3, , , , ,3,4,3,2,3,2,8,2,6, , , , ,.89,1,.95,.5,1,-1,2,-1,2,2,2,0,2,1,2,1,-1,1,1,2,0,-2,0,1,-1,2,2,2,-2,1,0,-2,1,1,2,2,0,6,4,8,4,3,5,3,2,4,5,2,3,2,2,6,3,7,3,7,8,9,4,7,3,4,5,7,6,5,6,2,2,2,3,6,3,5,3,5,6,3,2, , , , , , , ,-1,-1,2,0, , , , , ,2,2,-1,-2,1,-1,1,-2,0,1,-1,-2,0,0,1,1,1,-1,0,1,0,0,2,2,-1,1,0,1,0,0,5,2, , , , ,2, ,3,2, , , ,2, , ,0,-1,-1,1,2,-1,1,1991,4, ,3, ,-2,0,1,1,1,2,-1,-2,-1,-2,3, ,1,0, ,0, ,4,4,0,3,49074,0,1,1,-1.83027257460429,1.82475971729824,.522933451341318,.305318069839783,-.453808017862046,1.26544760642663,-.373939002908984,1.41849304707497,-.714432699014813,1,1
225,1,0,0, , , , , , , ,2,1, , , , , , ,3,-1,-1,0,1,0,0,0,1,0,0, ,0,1,1,0,0, ,2,0,-1,-1,Frühstück mit der Familie,0,0,0,0,0,0,0,0,0,0,0,0,0,0,1,1,0,0,1,0,1,0,0,0,1,0,0,0,0, ,1,2,Zu teuer,"Fanta, River, Fritz-""Cola""",1,0,1,0,0,0,0,1,0,1,0,0,1,0,1,0,0,0,0,0,0,0,0, , , ,2,2,2, , , ,1,8,1,2,1,9,1,1.4,1.3,.7, , , , ,-1,-2,2,-2,-2,2,1,-1,-1,0,1,1,0,1,-1,2,2,-2,-2,0,1,2,-1,1,-1,1,1,-1,1,2,2,2,-2,3,6,5,5,7,6,10,7,3,5,5,4,1,4,5,5,7,5,1,3,4,4,6,4,1,6,6,4,7,5,1,1,2,2,4,1,1,3,6,4,7,5,0,1,-1,1,1,1,1, , , , ,-2,-2,-2,-1,-1, , , , , ,2,1,1,-1,-2,1,1,2,1,0,0,0,2,1,-1,-1,-1,1, , , , , , , ,6,2, , , , , ,2,2,1, , , , ,1, ,0,-1,-1,2,0,2,-1,1993,4, ,5, ,-1,-1,1,2,2,2,-2,-2,-2,-2,1, ,1,0, ,0, ,4,4,0,1,48291,0,1,1,-2.40167831201118,-.83197659817156,.342135822429771,2.03483874106093,.940388125017408,.707944161029508,-1.14611405822376,.179732583376668,.00892901741522321,3,2
226,1,0,0, , , , , , , ,2,1, , , , , , ,5,2,-2,2,0,0,0,0,0,0,0,Gar nicht,0,1,0,0,0, ,-1,-1,1,-2,Korn,0,0,0,0,0,0,0,0,0,0,0,1,0,0,0,0,0,0,1,0,1,0,0,1,0,0,0,0,0, ,1,7,Markenname Fritz Kola,Fanta Fritz Kola,1,0,1,0,0,0,0,0,0,1,0,0,0,0,1,0,0,1,0,0,1,0,0, , , ,.99,.99,.99, , , ,1,10,1,10,1,1,1.5,2,1,.5, , , , ,2,-2,1,0,2,-2,2,0,2,-1,2,2,1,1,1,2,2,-2,-2,-2,-2,-2,-2,1,0,0,0,0,2,0,0,1,2,0,2,8,0,0,0,0,6,1,0,0,0,0,5,0,0,0,0,0,0,2,0,0,0,0,3,10,0,0,0,0,3,5,0,0,0,0,6,3,0,0,0,-2,2,-2,-2,2,2,-2, , , , ,-2,-1,-2,-2,2, , , , , ,0,-2,0,1,0,1,-2,2,2,2,2,2,2,2,-2,-2,-2,1, , , , , , , ,4,2, , , ,2, , ,2,2, , , , ,2, ,-1,1,2,2,2,2,-2,1996,6, ,3, ,2,-2,1,0,-1,2,0,1,0,1,3, ,1,0, ,0, ,4,4,0,3,41751,2,1,1,.745790056550627,1.26797653546944,1.33281843963047,-.287721103062055,-.278183449095884,1.38597403896869,.672852526648452,-2.70428278689575,-1.0150964915501,4,3
227,1,0,0, , , , , , , ,1,1, , , , , , ,2,1,-2,1,1,0,0,0,0,0,0, ,0,1,0,0,0, ,-2,-1,1,-1,Mix mit Colagetränk oder Korn,0,0,0,0,0,0,0,0,0,0,0,1,0,0,0,0,0,0,1,0,0,0,0,0,1,0,0,0,0, ,1,9,"Gutes Image, Glasflasche, beliebte Marke, erfrischender und natürlicher Geschmack","Coca Cola, Fritz, Discount-Marken (ja!, Gut & Günstig), Sinalco",0,1,1,0,0,0,0,1,1,1,1,1,0,0,1,0,1,1,0,1,1,0,1, , , ,1,.99,.99, , , ,1,6,1,8,1,6,1,1.2,1.1,.5, , , , ,0,-2,1,-1,1,-1,1,0,1,0,2,1,2,0,0,2,1,-1,1,2,1,2,0,1,2,1,1,0,2,-1,1,2,2,6,8,8,7,9,8,10,6,7,7,6,6,4,5,6,4,6,5,3,9,9,5,6,4,2,3,8,5,8,8,1,1,3,2,5,3,1,1,6,1,6,3,0,2,2,0,0,0,2, , , , ,-2,-1,1,-2,1, , , , , ,0,0,1,1,0,1,-2,1,2,2,1,2,2,0,1,-1,2,1, , , , , , , ,3,1, , ,1, , , ,2,1, , , , ,1, ,-1,1,0,2,-1,-2,-2,1993,4, ,3, ,0,-2,-1,2,2,1,0,0,0,-1,5, ,2,0, ,1, ,3,3,0,3,49074,0,2,1,-.153472342216775,1.00714289252584,.163077070362924,1.43175701844321,-.583113320515787,.241098494586228,.27249511877341,1.3607457030978,1.15553740147811,3,2
228,1,1,0, ,1,0,0,0,0, ,3,2, , , , ,2, ,2,0,-2,1,1,0,0,0,0,0,0, ,1,1,0,0,0,mit Vodka mischen,-1,2,1,-1,Sommer und Frühstück,0,0,1,0,0,0,0,0,0,0,0,0,0,0,0,1,0,0,0,1,0,0,0,1,1,0,1,0,0, ,2,9,bewährtes Produkt,FantaMezzomixRiver,1,0,0,0,0,0,0,1,0,0,1,0,0,1,1,0,1,1,0,0,1,0,1, ,7, , , , ,3,4,5,2,6,2,6,2,6, , , , ,.89,1.45,1.2,.45,2,-1,2,0,1,1,2,-2,0,1,1,1,1,1,1,-1,1,-2,-1,-2,-1,0,-1,2,-2,0,1,-2,0,2,1,0,1,3,4,5,0,6,4,8,3,0,3,0,5,0,2,3,1,5,2,1,6,0,1,4,3,1,3,8,2,1,4,0,0,0,1,5,2,0,5,9,2,3,3, , , , , , , ,-1,1,0,1, , , , , ,1,2,1,-1,-1,-2,0,-2,2,-2,0,0,-2,1,1,1,1,-1,0,-1,-2,1,2,1,0,0,1,0,1,-1,1,2,2, , , , , ,5,1, ,1, , , , ,-2,1,0,1,1,-2,2,1994,4, ,3, ,-1,0,1,2,1,2,-2,0,-1,0,1, ,1,0, ,0, ,1,1,0,2,49090,0,1,1,-.801247078332543,.480145867642103,-.290510205230462,1.40257363243086,.990830535624661,1.57942209511168,.108000678989627,-1.60920222356615,-1.23099583862092,4,3
229,1,1,0, ,0,0,0,1,0, ,5,2, , , ,24, , ,5,2, ,1,1,0,0,0,0,0,1, ,0,1,0,0,0, ,2, ,2,1,"Fanta,süß,dursttreiber",1,0,0,0,1,0,0,0,0,0,0,0,0,0,1,0,1,0,0,0,1,0,1,0,0,0,1,0,0, ,2,7,"Glasflasche,aber nicht wiederzuverschließen..Fanta ist Marktführer und schmeckt gut im Gegensatz zu Billiglimonaden","Fanta, Sinalco Orange, Orangina, Eigenmarken der Discounter(z.B River Orange),",1,1,0,0,1,0,0,1,0,1,1,1,0,1,0,0,1,1,0,0,1,0,1, ,5, , , , ,6,6,6,2,8,2,7,2,9, , , , ,1.5,2,2,.5,2,0,-1,0,0, ,-1,-1,1,0,0,1,1,0,1,1,2,1,0,1,1,2,1,2,-1,0,1,-2,-1,0,0,1,0,2,8,5,5,6,7,10,2,1,3,3,4,1,3,8,4,5,8,2,4,6,2,5,4,2,5,8,4,7,7,1,2,8,3,3,8,1,3,8,3,3,7, , , , , , , ,1,1,0,2, , , , , ,1,1,2,-2,-1,0,-1,1,0,-1,0,-2,0,1,2,2,2,2,-1,-1,1,1,2,0,1,-2,1,-2,0,0,6,2, , , , , ,2,6,3,3, , , , , ,-2,0,0,1,1,-1,2,1995,4, ,3, ,0,-1,1,1,1,0,-1,0,0,2,4, ,2,0, ,0, ,Zwei,2,0,1,33803,0,2,1, , , , , , , , , , , 
230,1,1,0, ,0,1,0,1,0, ,5,1, , , , ,1, ,2,0,0,1,1,0,0,0,0,0,0, ,1,0,0,0,1, ,-2,1,0,1,"Konzentrate, was aber nicht richtig ist.",0,0,0,0,0,0,0,1,0,0,0,0,0,0,0,0,0,1,1,0,1,0,0,0,1,0,1,0,0, ,1,0,Ich empfehle nur Direktsäfte weiter. Die Fritz-Limo sieht künstlich aus.(Keine Zutatenliste sichtbar),"Hohes C, Punica, Fanta",1,0,0,0,0,0,0,0,1,1,1,0,0,1,1,0,0,1,0,0,1,0,1, ,1, ,1,1.2,1.5, , , ,1,10,1,7,1,5,1,2,1.8,.4, , , , ,1,0,0,1,0,0,1,-1,1,2,1,1,0,0,2,0,2,-2,1,-1,-2,1,-1,1,0,1,1,2,0,0,1,-1,0,4,9,8,5,5,5,8,6,5,4,3,5,2,2,5,5,10,6,5,7,6,3,6,4,10,9,2,4,8,8,1,2,5,6,9,6,2,3,7,5,3,3,0,-2,1,1,-2, ,2, , , , ,-2,-1, ,2,1, , , , , ,0,-1,-1,2,-2,0,-1,-2,-2,2,0,2,0,-1,-2,-2,1,1, , , , , , , ,3,1, , ,1, , , ,3,2, , , ,2, , ,-1,2,1,1,2,2,-1,1992,4, ,3, ,1,-1,0,1,0,0,-1,-1,0,2,3, ,1,0, ,0, ,2,2, ,2,33775,5,1,1,.0578016008539576,.962079596481533,.999581277817688,-.471000943213744,1.05752593472603,.0252037957134496,-1.35381504325426,.405373832651647,-1.94228211802045,2,2
231,1,1,0, ,1,1,0,1,1, ,1,2, , ,1, ,2, ,2,0,-2,1,1,0,0,0,0,0,0, ,0,1,1,0,0, ,-2,1,-2,-2,"Erfrischungsgetränk, schlechter Geschmack wegen zuviel Zucker",0,1,0,0,0,0,0,0,1,0,0,0,0,0,0,1,0,1,0,0,1,1,1,0,0,0,0,0,0, ,2,2,"Jeder kennt Fanta, entweder man mag sie oder nicht.","Orangina, Fanta, Mezzo Mix, diverse Discounter Produkte ( Ja, Gut&Günstig usw.)",1,0,0,0,1,0,0,1,1,1,1,0,0,1,0,0,1,0,0,0,1,0,0, ,1, , , , ,4,5,2,2,4,2,6,2,2, , , , ,1,2,1.4,.4,-2,-2,-1,1,2,0,-1,-1,1,1,2,1,1,-1,1,0,2,-2,-1,0,1,0,-1,2,-1,-1,2,-2,0,1,0,1,-1,1,4,7,4,3,9,9,4,3,4,5,3,2,3,7,7,4,7,2,8,3,0,3,2,0,7,4,3,5,9,0,3,3,7,4,2,1,6,8,9,1,5, , , , , , , ,1,-1,0,1, , , , , ,2,1,-1,1,-1,-1,-2,0,2,0,0,-1,-2,1,0,1,1,-1,0,-1,-1,1,2,1,1,-1,-1,1,-1,1,4,1, , , ,1, , ,6,2,2, , , , , ,1,0,1,2,2,2,1,1997,4, ,3, ,1,0,1,-1,-1,-1,1,1,1,1,1, ,1,0, ,0, ,1,1,0,3,49577,0,1,1,1.22743708876382,1.73792966193458,.162796358362171,-1.80762698362038,-.295526306799321,-1.26015079984615,-.155086066161194,-.498364359831866,.200764754078167,1,1
232,1,1,0, ,0,1,0,0,0, ,3,2, , , , ,1, ,5,2,-2,2,1,0,0,0,0,0,0, ,1,0,0,0,1, ,0,-1,-2,-1,"strand,sonne,süß,zucker,ungesund",0,0,0,1,1,0,0,1,1,0,0,0,1,0,0,0,0,0,1,0,1,0,0,0,0,0,0,0,0, ,2,2,ich stehe nicht auf fanta also mache ich auch keine Werbung dafür,fantavilsa,1,0,0,0,0,0,0,0,1,1,1,1,1,0,0,0,0,0,0,0,0,0,0, ,1, , , , ,5,5,3,2,7,2,7,2,4, , , , ,1,2,1.5,.5,-2,-1,-2,-2,-1,2,0,-1,0,-1,0,1,1,0,0,0,0,0,0,-2,0,-2,1,2,1,0,0,-1,-1,1,-1,0,0,5,7,5,5,5,2,10,5,2,6,6,4,1,5,8,2,6,2,2,4,5,2,2,3,2,3,10,2,7,2,1,3,5,2,7,5,1,3,10,2,8,3, , , , , , , ,-1,-2,1,0, , , , , ,1,-1,-1,-1,-1,0,-2,0,-1,-1,0,-2,0,0,1,0,1,1,0,0,0,0,2,-1,-1,-1,-1,-1,-1,-1,3,1, , ,1, , , ,1,1, , , , , ,1,-1,-1,0,-2,1,0,0,1995,4, ,3, ,1,1,1,-1,-1,-1,0,1,0,0,1, ,1,0, ,0, ,4,4,0,1,26188,4,1,1,.226811831793192,-.453308864117158,-.657773829138382,-1.65984572197763,.0863419393225213,-2.23509860111594,.99068918027656,-2.43748959930398,1.17717578867173,4,3
233,1,1,0, ,0,1,0,1,1, ,4,2, , ,3, , , ,4,1,2,0,1,0,0,0,0,0,0, ,0,1,0,0,1, ,2,2,0,-1,fanta,1,0,0,0,0,0,0,0,0,0,0,0,0,0,0,0,0,0,1,0,1,0,1,1,0,0,1,0,0, ,2,7,schmeckt am besten,fantaorangina,1,0,0,0,1,0,0,0,0,1,0,1,1,1,1,0,1,0,0,0,0,0,0, ,1, , , , ,5,6,3,2,10,2,5,2,1, , , , ,.8,1.4,1,.8,1,0,0,-1,-2,2,1,1,-1,-1,-1,2,1,0,0,-1,-1,-2,-1,1,2,2,0,2,0,2,2,-2,2,0,1,0,1,7,10,3,7,4,9,10,5,1,9,3,5,0,5,9,1,8,3,5,1,9,1,8,1,1,5,5,0,7,9,2,3,9,2,7,4,0,3,9,1,8,5, , , , , , , ,1,-2,1,2, , , , , ,-1,1,1,-1,-1,2,-1,0,-1,-2,2,0,-1,2,0,0,1,-1,0,-1,-1,-1,2,0,1,2,-1,2,0,-1,5,1, , , , ,1, ,4,1, , ,1, , , ,0,1,2,-1,0,2,0,1991,6, ,3, ,1,-1,0,0,-1,-1,-1,0,0,0,4, ,2,0, ,0, ,5,5,0,2,28307,5,2,1,-.394640242580341,-1.13343090427479,-.922169394064468,-1.43356467006965,1.77862513928671,.338960880671257,-2.00418982903363,1.70182368103657,.567178350935221,2,2
234,1,0,0, , , , , , , ,1,1, , , , , , ,4,2,-2,1,1,0,0,0,1,0,1, ,0,1,0,0,0, ,2,-2,0,-2,Fanta,1,0,0,0,0,0,0,0,0,0,0,0,0,0,0,1,1,0,0,0,1,0,1,0,0,0,1,0,0, ,1,7,Die Marke (bekannt von der Cola). Den Preis kann ich leider nicht einordnen,"Fanta, Fritz, Bionade",1,0,1,0,0,1,0,0,0,1,1,1,0,0,1,0,0,1,0,0,0,0,0, , , ,.99,1.2,.5, , , ,1,9,1,9,1,1,.65,1.1,.99,.4, , , , ,2,-2,0,-2,-1,2,-2,0,1,-1,0,2,1,0,0,-1,0,-2,0,-2,2,-2,0,1,-2,1,1,2,2,-1,1,1,1,3,7,8,1,2,4,10,4,2,2,0,10,0,0,2,8,10,0,1,7,4,1,8,0,2,5,7,0,0,0,0,0,2,5,8,0,0,4,5,8,9,0,1,1,0,2,2,0,2, , , , ,-1,-1,2,-2,-2, , , , , ,2,-2,1,-2,-1,-2,-2,-2,-2,-2,0,1,-2,-2,0,-2,1,1, , , , , , , ,4,2, , , ,2, , ,5,2, ,2, , , , ,-2,0,-2,1,1,-1,2,1994,4, ,3, ,0,-1,1,1,1,0,1,2,0,2,1, ,1,0, ,0, ,1,1,0,1,49134,0,1,1,1.61790226421326,-.150971666071902,-1.20183601986044,.478166908473715,-1.60349266740244,1.05137032136128,1.06127160090399,-2.16856230369109,.377890527840821,4,3
1,1,1,0, ,0,1,0,1,0, ,3,2,3, , , ,2, ,2,1,-2,1,1,0,0,0,0,0,0, ,0,1,1,0,0, ,-2,1,2,-1,Fanta,1,0,0,0,0,0,0,0,0,0,0,0,0,0,0,0,0,0,0,0,1,0,1,0,1,0,0,0,0, ,2,8,"leckeres Getränk, preislich in Ordnung, kein Sonderprodukt sondern uberall erhältlich (also Verlass wenn es ihm/ihr schmeckt)","Fanta, Schweppes, Vio, fritz",1,0,1,0,0,0,1,0,1,1,1,0,0,1,1,0,0,1,0,0,1,0,1, ,2, , , , ,5,4,4,2,7,2,4,2,5, , , , ,.65,1,.85,.5,2,-2,0,-1,1,1,0,-1,1,-1,0,1,-1,1,1,0,1,-2,0,1,-2,2,1,2,1,1,0,-2,1,1,0,1,0,6,8,7,7,6,8,8,7,7,9,5,6,4,5,7,7,8,6,8,8,7,5,6,7,6,8,9,7,7,8,3,5,7,7,7,6,1,2,5,8,5,4, , , , , , , ,1,0,1,2, , , , , ,2, ,1,-2,-1,1,1,0,-2,-1,-1,-2,1,1,0,0,-1,-1,0,0,0,1,2, , , , , , , ,5,1, , , , ,1, ,6,2,2, , , , , ,-1,-1,1,0,0,-1,1,1997,4, ,3, ,0,-1,0,1,2,1,0,1,0,1,1, ,1,0, ,0, ,2,2,0,2,48167,1,2,2,.953743318873735,-.0855233599039489,.0456089921283825,.945067862859107,-.792252463207758,.244511358368463,.589876867832773,1.57238607273577,-1.53662359012074,3,2
2,1,1,0, ,0,1,0,0,0, ,2,1, , , , ,1, ,2,1,-2,0,1,0,0,0,0,0,0,Erfahrungen,0,1,0,0,1, ,1,-1,2,0,Fanta,1,0,0,0,0,0,0,0,0,0,0,0,0,0,0,1,1,0,0,0,1,1,1,0,0,0,0,0,0, ,1,6,Da ich die Fritzcola kenne denke das dieses Getränk auch gut schmecken könnte,Fanta Vilsa Fritz,1,0,1,0,0,0,0,0,1,1,1,1,1,0,1,0,0,1,0,1,0,0,0, ,1, ,1.75,1.5,2, , , ,1,9,1,7,1,2,1.3,2,1.6,.9, , , , ,2,-2,2,-1,0,1,-1,-2,1,2,1,2,1,1,0,0,1,-1,-1,0,1,1,0,1,1,1,1,2,2,-1,1,0,1,2,8,8,5,9,3,10,2,5,7,2,9,2,5,7,8,7,4,1,10,2,2,3,2,2,8,5,1,8,3,0,4,4,7,9,3,3,5,8,10,6,2,2,1,0,0,2,2,-1, , , , ,-2,1,-1,-1,-1, , , , , ,1,-1,0,1,0,-1,0,0,-1,1,1,2,0,1,1,-2,1,1, , , , , , , ,2,1, ,1, , , , ,3,2, , , ,2, , ,-1,1,2,0,2,1,1,1993,6, , , ,1,-1,0,0,2, ,-1,-1,-1,0,1, ,1,0, ,0, ,2,2,0,3,49356,2,1,2, , , , , , , , , , , 
3,1,1,0, ,0,1,0,1,0, ,4,1,1,1, , , , ,4,2,0,2,1,0,0,0,0,0,1, ,0,1,1,0,0, ,-1,1,2,2,Fanta und Fritz Limo,1,0,0,0,0,0,0,0,0,0,0,0,0,0,0,0,0,0,0,0,1,0,1,0,1,0,0,0,0, ,1,10,Für mich geschmacklich die Beste Limo,"Fanta, Fritz, Orangina",1,0,1,0,1,0,0,0,0,1,1,1,1,1,1,0,1,1,0,0,1,0,1, ,3, ,1.5,1.5,1.5, , , ,1,10,1,10,1,10,1,1.6,1.5,.3, , , , ,2,-2,2,1,2,2,2,-1,2,1,1,1,1,0,1,1,1,-1,-2,1,1,1,-1,1,1,1,1,0,1,0,1,0,2,3,6,10,4,5,4,9,4,3,8,2,5,1,8,5,2,8,5,2,8,6,3,6,6,2,6,10,2,6,8,2,2,5,3,7,5,2,4,7,1,7,6,-1,2,0,0,1,1,1, , , , ,-1,1,-1,-1,1, , , , , ,0,-2,0,2,1,0,-2,1,-1,0,1,0,1,1,-1,-1,-1,1, , , , , , , ,1,2,2, , , , , ,3,2, , , ,2, , ,-1,0,1,1,0,-1,-1,1998,4, ,3, ,1,-2,0,1,1,1,-1,-1,-1,-1,2, ,1,0, ,0, ,5,5,0,1,49377,0,2,2,-1.20495074937761,1.63432847709435,.643723105542171,.193084644165468,-.655266104639681,1.78284086954051,-.57353285680101,.576617109037223,1.32307943808837,1,1
4,1,1,0, ,1,1,0,0,0, ,2,2, , , , ,3, ,5,2, ,2,1,0,0,0,0,0,0, ,0,1,0,0,0, ,2,-2,-1,0,"fruchtig, süßes Limonadengetränk",0,0,0,0,1,0,1,0,0,0,0,0,0,0,0,1,1,1,0,0,1,0,0,0,0,0,1,0,0, ,2,5,Fanta ist sehr zuckerhaltig und nicht gerade gesund.,Fanta,1,0,0,0,0,0,0,0,0,1,1,0,1,1,1,0,0,0,0,0,1,0,0, ,1, , , , ,2,2,3,2,3,2,2,2,3, , , , ,.5,.8,.7,.3,1,-2,0,0,0,1,0,0,1,0,1,2,-1,1,1,1,1,-1,0,0,0,0,1,2,-1,0,2,1,1,0,0,1,1,7,9,7,7,6,7,5,7,8,7,8,5,5,5,7,6,7,5,5,8,5,5,5,5,7,8,6,6,7,6,5,5,6,5,7,5,5,5,7,5,8,5, , , , , , , ,1,-2,1,-1, , , , , ,2,2,2,-1,-1,1,-1,0,0,1,1,-1,-1,0,1,1,1,-1,0,0,0,1,2, , , , , , , ,6,1, , , , , ,1,5,1, ,1, , , , ,-1,0,0,0,1,-1,-1,1993,4, ,0, ,1,0,0,0,0,-1,0,0,1,1,2, ,1,0, ,0, ,3,3,0,2,48429,1,1,2, , , , , , , , , , , 
5,1,1,0, ,1,1,0,1,0, ,5,1, , , , ,3, ,3,2,-1,2,1,0,0,0,0,0,1, ,0,1,0,0,0, ,0,0,1,2,Lecker und Fruchtig,0,0,0,0,0,0,1,0,0,0,0,0,0,0,1,0,0,0,1,1,1,0,1,0,0,0,1,0,0, ,1,3,"Ich empfehle produkte nur weiter, falls ich diese prubiert habe und sie mir schmecken.","Fanta, Freeway, Granini, Hohes C, Sinalco",1,1,0,0,0,0,0,1,1,1,1,1,0,1,1,0,0,0,0,0,1,0,0, ,1, ,1.7,1.3,2, , , ,1,9,1,7,1,9,1,1.5,1.3,.5, , , , ,2,0,0,1,1,0,1,1,1,1,1,2, ,0,1,1,1,-2,-2,-1,-1,1,0,1,0,1,-1,1,1,1,1,1,1,3,7,5,2,7,2,10,6,6,8,5,10,4,5,6,5,9,6,6,6,6,6,6,6,5,7,6,6,6,6,2,2,2,2,2,2,4,4,4,4,4,4,1,1,0,2,0,-1,2, , , , ,-2,-1,-1,2,2, , , , , ,0,0,1,1,0,-1,-2,1,1,1,1,1,1,1,-1,-1,1,1, , , , , , , ,6,2, , , , , ,2,1,2, , , , , ,2,-1,1,0,1,1,1,1,1995,4, ,3, ,1,-1,0,1,1,1,0,1,0,0,2, ,1,0, ,4,"Fettarm, Zuckerarm und Proteinreich",4,4,0,1,49191,6,1,2,.382428548496499,.830639554338893,.619953337327486,.281093709311761,.115586936542777,.773019495215606,.00547708640463709,.279419953201252,-1.31957402514055,3,2
6,0,1,0, ,1,0,0,0,0, ,6,1, , , , , ,6,4,0,2,0,1,0,0,0,0,0,0, ,0,1,0,0,0, ,2,-2,-1,-1,Zucker,0,0,0,0,0,0,0,0,1,0,0,0,0,0,0,0,0,1,0,0,1,0,0,0,0,0,0,0,0, ,1,2,Ich mag nicht so gerne Orangenlimonade,"Fanta, River, Freeway",1,0,0,0,0,0,0,1,0,1,0,1,0,1,1,0,0,0,0,0,1,0,0, , , ,1.5,1.5,1, , , ,1,7,1,4,1,1,1.5,2,1.75,.5, , , , ,-1,-2,-2,-1,-1,0,-1,0,0,-1,0,1,0,1,2,1,1,-2,-2,-2,0,-1,-1,1,1,1,1,1,0,0,2,0,0,5,8,9,1,3,2,10,1,1,5,1,8,2,4,3,2,6,4,2,7,8,2,5,3,3,7,3,2,6,0,1,2,2,1,7,2,2,2,8,3,10,3,2,2,0,2,2,0,2, , , , ,-1,1,-1,1,1, , , , , ,-1,0,1,1,-1,-2,-2,1,-2,1,1,0,1,1,-2,-2,-1,1, , , , , , , ,4,1, , , ,1, , ,1,1, , , , , ,1,0,-1,0,1,0,0,0,1995,4, ,3, ,0,0,0,-1,-1,-1,1,1,1,1,1, ,1,1,Nüsse,0, ,3,3,0,1,49599,1,1,2,1.36247495556228,-.527795565606167,1.09837515990818,-1.70915699883735,-1.25221004161061,-1.37770708265165,-2.86004316314377,-1.20048341319445,-.341042426869134,2,2
7,1,0,0, , , , , , , ,2,2, , , , , , ,5,1,-2,0,1,0,0,0,0,0,0, ,0,1,1,0,0, ,1,0,-1,0,Fanta,1,0,0,0,0,0,0,0,0,0,0,0,0,0,0,0,0,0,0,0,1,0,0,0,0,0,1,0,0, ,2,4,Ich empfehle Produkte nur wenn ich zu 100% überzeugt von dem Produkt bin,Fanta,1,0,0,0,0,0,0,0,0,1,1,0,1,1,1,0,0,1,0,0,1,0,1, , , , , , ,2,3,3,2,4,2,5,2,6, , , , ,.75,1,.85,.45,-1,-2,0,0,1,1,2,0,0,-1,-1,1,0,-1,0,0,0,-2,-1,-1,-1,1,0,2,2,0,1,-1,0,1,1,1,0,5,6,8,5,6,5,8,4,6,5,6,7,3,3,5,3,6,3,5,9,6,4,5,4,4,7,7,5,7,4,2,2,5,3,6,2,2,2,5,2,6,2, , , , , , , ,1,0,-1,1, , , , , ,1,1,-1,-1,-1,1,-1,-1,-1,0,-1,-2,-2,0,1,0,1,-2,0,0,-2,1,2, , , , , , , ,2,1, ,1, , , , ,3,2, , , ,2, , ,-1,0,-2,1,0,1,0,1998,4, ,3, ,0,0,-1,1,1,0,1,-1,-1,1,2, ,1,0, ,0, ,3,3,0,1,49545,0,1,2,.0574652957151586,-.603469053951666,-.553661144099619,.174709753824527,-.692020214387889,-.639688064209102,.471925578451875,-.147146150171495,-.959401343316065,3,2
9,0,0,1,Mag ich nicht, , , , , , , ,2, , , , , , , , , , , , , , , , , , , , , , , , , , , , ,Fanta,1,0,0,0,0,0,0,0,0,0,0,0,0,0,0,0,0,0,0,0,1,0,0,0,0,0,0,0,0, ,2,1,schmeckt mir selber nicht,"Fanta, Vio, Fritz Limo",1,0,1,0,0,0,1,0,0,0,0,0,0,0,0,0,0,0,0,0,0,0,0, , , , , , ,1,5,5,2,1,2,1,2,1, , , , ,.7,1.2,1,.5, , , , , , , , , , , , , , , , , , , , , , , ,2,-2,-2,-1,-2,2,0,-2,0,-1,0,0,5,3,5,2,10,8,5,5,5,5,0,0,7,4,9,3,3,5,10,3,10,1,2,4,8,3,10,5,0,0,3,4,7,3,3,0,4,8,9,2, , , , , , , ,0,0,0,2, , , , , ,-1,-1,-1,-1,-1, , , , , , , , , , , , , , , , , ,2, , , , , , , ,6,3, , , , , ,3,1,2, , , , , ,2,-1,1,0,2,0,-2,0,1996,4, ,3, ,0,0,-1,1,0,1,0,1,1,1,2, ,1,1,Lactoseintoleranz,3, ,4,4,1,1,49525,0,2,2, , , , , , , , , , , 
10,1,1,0, ,0,1,0,0,1, ,5,2, , , , ,24, ,5,2,-1,1,1,1,0,0,0,0,1, ,1,1,0,0,0, ,1,-2,2,1,Markenprodukte wie Fanta.Viel Zucker.,1,0,0,0,0,0,0,0,0,0,0,0,0,0,0,1,0,1,0,0,1,0,1,0,0,0,0,0,0, ,2,7,Markenname und fairer Preis,"Fritz, Fanta, Vio, Discountermarken (Ja!)",1,0,1,0,0,0,1,1,0,1,1,0,1,1,1,0,1,1,0,1,1,0,1, ,1, , , , ,3,4,3,2,6,2,4,2,2, , , , ,.7,1,.9,.55,2,0,1,-1,0,1,-2,-1,1,0,1,1,-1,0,0,-1,1,1,-2,0,1,2,1,2,-1,1,2,-2,1,0,1,1,1,4,6,7,7,7,5,10,3,2,3,2,8,3,4,6,5,7,5,6,7,4,3,5,2,2,6,9,6,7,7,2,3,3,3,4,4,3,6,5,6,5,5, , , , , , , ,-1,0,1,0, , , , , ,-1,1,-1,-2,-1,2,-1,1,1,0,0,1,1,1,2,0,1,0,0,0,1,-1,2, , , , , , , ,4,1, , , ,1, , ,3,1, , , ,1, , ,-1,0,1,0,1,1,0,1996,4, ,3, ,1,0,-1,1,1,0,0,1,1,0,2, ,1,0, ,0, ,4,4,0,1,49577,5,1,2,.617588733860084,.347809539872543,-.636254380283935,.212863231509694,1.88614263665506,.580396157989762,.664905917884378,.898986721694004,1.50531585555797,4,3
11,1,1,0, ,0,1,0,1,1, ,3,1, ,1, , , , ,2,0,-2,2,1,1,0,0,0,0,1, ,0,1,0,0,1, ,-1,-1,-1,0,"Fruchtig, süß, warme Temp.",0,0,0,0,1,0,1,0,0,0,0,0,0,0,1,1,1,0,1,0,1,0,0,0,1,0,0,0,0, ,1,6,Geschmack der Fritz ist nicht zu 100% meins. Jedoch sind weitere Fritz-Produkte recht gut,"Fanta, Vio, Fritz",1,0,1,0,0,0,1,0,0,1,1,0,0,1,1,0,0,1,0,0,1,0,1, ,1, ,.9,1.2,.9, , , ,1,10,1,8,1,3,.7,1.3,1,.5, , , , ,1,-1,1,0,0,0,1,1,1,1,2,1,1,-1,1,0,0,-1,-2,0,1,1,0,1,0, ,1,2,2,-1,1,1,1,3,9,6,2,4,6,10,5,3,9,3,8,0,8,10,2,9,5,1,10,8,2,6,5,2,9,8,1,7,5,0,5,8,2,6,3,2,7,10,5,9,4, ,0,-1,0,0,2,2, , , , ,-1,-1,-1,-1,-1, , , , , ,1,-1,1,-1,0,1,-1,0,0,1,1,2,0,1,-1,-1,-1,1, , , , , , , ,3,1, , ,1, , , ,3,1, , , ,1, , ,1,0,0,1,0,1,0,1996,6, ,3, ,1,1,-1,1,1,1,1,1,1,0,2, ,1,0, ,0, ,5,5,0,2,27777,1,1,2,1.14788826646344,1.20337536082075,-.801856353014818,.765152102190198,.319676319047295,.434007305465449,.0310708384248988,.171539734465938,.347352679956929,3,2
12,1,0,0, , , , , , , ,3,2, , , , , , ,3,1,-1,2,1,0,0,0,1,0,1, ,0,1,0,0,1, ,-2,-1,-2,0,Fanta,1,0,0,0,0,0,0,0,0,0,0,0,0,0,0,0,0,0,1,1,1,0,1,1,0,0,0,0,0, ,2,8,schmeckt gut,Fanta Sinalco Bio vio Vilsa Orangenlimonade,1,1,0,0,0,0,1,0,1,1,1,1,1,1,1,0,1,1,0,0,1,0,1, , , , , , ,5,5,5,2,8,2,7,2,7, , , , ,.5,1.2,.8,.4,0,-1,-1,0,0,1,0,0,1,1,1,1,1,0,0,1,1,0,0,1,0,2,0,2,0,1,2,-2,-2,0,1,1,1,0,9,5,4,8,7,10,6,5,6,6,5,0,5,6,6,6,6,1,6,4,8,3,6,0,7,3,8,6,5,0,4,6,6,4,6,0,6,5,8,7,5, , , , , , , ,0,0,2,0, , , , , ,2,1,-2,1,-2,0,-1,0,-1,0,-2,-2,1,1,1,1,1,1,1,-1,0,1,2, , , , , , , ,6,1, , , , , ,1,5,1, ,1, , , , ,0,0,-1,1,1,1,0,1995,4, ,3, ,1,-1,0,1,0,0,0,0,1,0,2, ,1,0, ,0, ,5,5,0,2,49086,0,1,2,.354582259765545,.756273725857829,-.0171449545783056,-.353970444811046,-.818141360038663,-.970259253937752,-.557072430250081,1.86321489939279,.584201837613721,1,1
13,1,1,0, ,0,1,0,0,1, ,3,2, , ,3, , , ,4,0,-1,0,1,0,0,0,0,0,1, ,0,1,0,0,0, ,-2,0,0,1,"Orange, Erfrischung",0,1,0,0,0,0,0,0,0,1,0,0,0,0,0,1,0,0,1,0,0,0,0,1,1,0,1,0,0, ,2,7,Preis,"Fritz, Fanta",1,0,1,0,0,0,0,0,0,1,1,1,1,1,1,0,0,1,0,0,0,0,1, ,9, , , , ,5,6,6,2,8,2,5,2,9, , , , ,.85,1.29,.99,.49,1,-1,0,1,2,-2,2,1,2,1,2,2,1,1,1,0,1,-1,-1,0,0,1,1,2,0,1,1,-2,-1,0,1,0,1,2,7,9,5,8,6,10,2,7,5,3, ,1,3,5,1,4,3,4,3,10,1,3,1,4,9,9,5,9,2,0,0,3,0,5,2,1,3,6,4,7,3, , , , , , , ,2,-1,1,0, , , , , ,1,1,-1,-1,-1,0,0,-1,0,1,1,-1,0,1,0,1,0,0,1,-2,-1,0,2, , , , , , , ,3,1, , ,1, , , ,3,2, , , ,2, , ,-1,1,0,1,0,-2,0,1997,6, ,3, ,0,-1,0,0,-1,-1,0,0,-1,1,2, ,1,0, ,0, ,2,2,0,3, ,2,1,2,-.0771013429796966,2.0186022796758,-.0322504831709216,-1.62466865414657,.56203468340186,.0836266245124463,-.522787086306854,.369818031154492,.0866342380939384,1,1
14,1,1,0, ,0,1,0,0,0, ,1,1, , , , , , ,2,1,-1,2,1,0,0,0,0,0,0, ,0,1,0,0,0, ,2, , ,1,"an Orangen, süß saurer Geschmack",0,0,0,0,0,0,0,0,0,1,0,0,0,0,1,1,0,0,0,0,1,0,1,0,0,0,0,0,0, ,1,4,zu selten getrunken,FantaSinalco OrangeFreeway Orange,1,1,0,0,0,0,0,1,0,1,1,1,1,1,1,0,1,1,0,1,1,0,1, ,1, ,1,.8,.5, , , ,1,8,1,7,1,4,.6,1,.8,.3, , , , ,1,-2,0,-1,0,1,0,-1,0,0,0,1, ,1,1,1,1,-1,0,2,-1,1,1,1,1,1,2,1,0,-2,0,1,0,5,6,7,5,3,4,8,4,5,4,7,7,3,3,7,7,6,3,4,9,9,5,5,6,5,7,9,7,7,6,6,6,8,7,9,5,5,6,8,7,7,5,-2,2,1,1,2,1,2, , , , ,-2,1,2,-1,2, , , , , ,1,0,0,-1,-1,0,-1,1,1,2,2,1,2,1,0,-1,1,1, , , , , , , ,2,1, ,1, , , , ,4,1, , ,1, , , ,0,0,0,0,1,-1,-1,1996,4, ,3, ,0,-1,1,0,1,1,-1,-1,0,0,1, ,1,0, ,0, ,3,3,0,1,26892,0,1,2,-.405274385325436,-.170321160724856,.53918547897991,.00437064108201246,.031867237565276,-.249541491318082,-.340218121101574,1.39872256866011,.0770116277488679,3,2
15,1,1,0, ,0,1,0,1,1, ,5,1, , ,1, ,1, ,5,1,-1,0,1,0,0,0,0,0,1, ,1,1,1,0,1, ,-1,1,1,0, , , , , , , , , , , , , , , , ,1,0,0,1,0,0,0,1,1,0,0,1,0,0, ,1,7, ,fritzFantaGranini,1,0,1,0,0,0,0,0,1,1,1,0,0,1,1,0,0,0,1,0,0,0,0, ,1, ,.85,.85,.85, , , ,1,10,1,10,1,10,.75,1,.85,.5, , , , ,2,2,0,1,1,1,2,1,1,0,1,2,1,1,0,0,1,-1,-1,-1,0,1,0,1,1,2,2,1,2,0,1,1,1,4,8,8,4,8,10,9,7,5,7,5,5,5,5,5,5,8,10,8,10,10,5,9,8,5,7,7,5,7,10,5,5,5,5,5,6,7,7,7,5,8,8,2,2,-2,-2,2,2,2, , , , ,-2,-1,1,-1,-1, , , , , ,0,0,0,0,-1,1,1,0,1,1,1,1,0,0,0,0,0,1, , , , , , , ,5,1, , , , ,1, ,5,1, ,1, , , , ,0,0,1,0,0,-1,0,1996,4, ,0, ,1,-2,-1,1,1,0,0,0,0,0,2, ,1,0, ,0, ,2,2,0,3, ,0,1,2,-.155199190042847,.539871736029364,-.111524371023964,-.0836066873962692,3.17799452802452,.443551247862971,-.127710947740688,.144791467178123,-.509683073880908,2,2
16,1,1,0, ,1,1,1,1,1, ,2,2, , , , ,2, ,2,2, ,2,1,0,0,0,1,1,1, ,0,1,1,0,0, ,-2,0,-2,1,fanta,1,0,0,0,0,0,0,0,0,0,0,0,0,0,0,0,1,0,0,0,1,1,0,0,0,0,1,1,0, ,2,6,schmeckt halt,fantafritzdie limo,1,0,1,0,0,0,0,0,1,1,1,1,1,1,1,1,1,1,0,0,1,0,1, ,1, , , , ,2,2,3,2,4,2,1,2,6, , , , ,.65,.8,.7,.5,-2,-2,1,0,1,0,1,1,2,1,2,1,0,1,0,2,1,-2,0,0,1,1,1,2,1,1,1,-2,1,0,1,1,0,5,6,5,2,5,2,10,3,1,8,2,2,1,3,3,3,2,3,2,7,8,5,4,4,3,8,5,2,6,3,0,0,0,0,0,0,2,4,4,4,4,4, , , , , , , ,-1,-2,1,0, , , , , ,2,2,-2,-2,-2,1,0,0,0,0,-2,-2,2,0,2,0,1,2,-2,-2,-2,1,2, , , , , , , ,3,1, , ,1, , , ,4,1, , ,1, , , ,-1,2,2,2,1,-2,2,1994,4, ,3, ,0,-1,1,1,1,0,-1,0,0,-1,2, ,1,0, ,0, ,2,2,0,3,49090,3,1,2, , , , , , , , , , , 
17,1,1,0, ,0,1,0,1,0, ,4,2, , , , ,4, ,5,1,-1,1,1,1,0,0,0,0,1,Wenn das Produkt interessant ist,1,1,1,0,1, ,-1,0,1,2,"Süße, Erfrischungsgetränk, am besten kalt",0,1,0,0,1,0,0,0,0,0,0,0,0,0,0,1,0,1,1,0,1,0,0,0,1,0,0,0,0, ,2,7,"in Glasflaschen schmeckt die Limo unverfälschter als in Plastikflaschen, in der Kindheit bereits kennengelernt","Fanta, Sinalco, Fritz, Vilsa, Sonne",1,1,1,0,0,0,0,0,1,1,1,0,1,1,1,0,0,1,0,0,1,0,1, ,1, , , , ,4,5,4,2,9,2,8,2,8, , , , ,.65,1.1,.9,.25,1,-1,1,0,1,2,1,0,1,1,2,1,0,2,1,0,1,-2,-2,0,1,2,2,2,-1,0,2,-2,1,1,0,1,1,2,6,7,4,6,5,10,5,3,5,4,2,0,3,6,5,4,4,1,8,6,2,4,1,1,7,9,3,7,3,5,2,5,3,5,3,2,4,10,3,5,3, , , , , , , ,1,-1,0,0, , , , , ,1,1,-1,-1,1,1,0,0,-1,-1,1,0,-2,0, ,1,1,-2,1,0,0,0,2, , , , , , , ,2,1, ,1, , , , ,3,2, , , ,2, , ,-1,0,1,1,1,1,2,1993,4, ,3, ,1,0,0,1,1,2,0,0,0,-1,1, ,1,1,"unverarbeitete Haselnuss, bestimmte Apfelsor",0, ,2,2,0,1,27246,0,1,2,-.146289750908335,1.31498628533648,-.11546284923609,.890725842478591,.979637525048835,.862325068731704,-.220113491480584,.672064828907244,-.152575911165467,3,2
18,1,1,0, ,1,1,0,0,0, ,4,2, , , , ,1,2,2,1,-1,1,1,0,0,0,0,0,0, ,1,1,1,0,1, ,-2,1,1,-2,Fanta,1,0,0,0,0,0,0,0,0,0,0,0,0,0,0,1,0,1,0,0,0,0,0,1,1,0,1,0,0, ,2,7,Bekanntheitsgrad und Geschmack,"Fanta, Sinalco",1,1,0,0,0,0,0,0,0,1,1,1,1,0,1,0,0,1,0,0,1,0,1, ,7, , , , ,5,5,5,2,10,2,8,2,5, , , , ,.6,1.01,.99,.5,1,1,1,-1,-1,1,1,0,1,-1,-1,1,-1,0,-2,-2,-1,-2,-2,-2,-2,2,-1,2,-1,2,2,-2,0,-1,1,2,2,6,9,8,1,7,6,10,2,1,8,2,7,1,3,6,0,10,4,1,10,7,1,4,2,0,7,9,0,4,4,0,0,0,0,8,4,0,0,4,0,10,0, , , , , , , ,-1,-2,2,-1, , , , , ,1,1,1,-1,-2,0,0,-1,-1,-2,2,2,-2,-1,-1,-1,0,-2,2,1,-1,1,2, , , , , , , ,3,1, , ,1, , , ,2,1, , , , ,1, ,0,0,-1,1,-1,-2,-1,1996,4, ,3, ,1,-1,1,1,1,1,-2,-2,-2,-2,2, ,1,0, ,4,Massephase,2,2,0,2,49393,1,1,2,-2.49617788338116,-.657308657148313,-2.46803061943412,.50939071004589,3.90409001742259,.159706600992685,.568306270541187,-.0592508660917505,-2.09291450893243,3,2
19,1,1,0, ,1,1,0,0,0, ,6,2, ,3, , ,5,5,4,1,-2,0,1,0,0,0,0,0,0, ,1,1,1,0,1, ,-2,2,0,-2,Fanta,1,0,0,0,0,0,0,0,0,0,0,0,0,0,0,0,1,0,0,0,1,1,1,0,1,0,0,0,0, ,2,7,Ist mir bekannt. Jedoch mag ich Glasflaschen nicht so gern,Coca ColaGut und GünstigFritz Kola,0,0,1,0,0,0,0,1,1,1,1,1,0,0,1,0,0,0,0,0,0,0,0, ,4, , , , ,6,4,6,2,10,2,5,2,5, , , , ,1.2,2,1.5,1,-1,0,1,-2,-2,2,1,-2,2,1,2,0,1,1, ,2,1,-2,-2,2,-2,2,1,2,0,1,2,-1,2,0,0,2,1,0,9,5,3,0,4,10,5,3,5,4,8,3,3,2,3,2,2,0,10,7,5,10,5,1,6,2,8,8,2,0,0,0,0,0,0,3,3,3,3,3,3, , , , , , , ,2,-2,-2,-1, , , , , ,2,1, ,-2,-1,2,-2,-2,-2,-1,-2,-2,2,2,-1,2,-1,2,-1,-2,-2,1,2, , , , , , , ,1,1,1, , , , , ,2,1, , , , ,1, ,-2,-2,-1,2,-1,2,-1,1992,4, ,3, ,-2,-2,2,2,0,0,-2,-1,-2,-2,2, ,1,0, ,4,low carb,2,2,0,2,45896,1,2,2, , , , , , , , , , , 
20,1,0,0, , , , , , , ,3,1, , , , , , ,4,0,1,2,1,0,0,0,1,0,1, ,0,1,1,0,0, ,-1,0,1,1,Fanta,1,0,0,0,0,0,0,0,0,0,0,0,0,0,0,1,0,0,0,0,1,0,1,0,0,0,1,0,0, ,1,7,Ich finde die Marke und den Auftritt sehr ansprechend.,"Fanta, Fritz-Limo, Sinalco, VIO, Miranda",1,1,1,0,0,0,1,0,0,1,1,1,0,1,1,0,0,0,0,0,0,0,0, , , ,1.3,1.5,1.4, , , ,1,10,1,9,1,10,1.7,1.9,1.8,.7, , , , ,1,-1,-2,-2,0,1,2,-1,1,0,1,1,2,0,0,1,0,-1,-2,0,0,1,0,1,1,2,2,2,2,-1,1,1,2,3,6,8,7,7,1,8,6,3,5,3,7,0,5,5,5,7,1,2,8,6,3,3,2,3,7,9,4,6,2,1,3,6,5,7,1,1,2,5,8,4,1,0,2,-1,0,2,-2,2, , , , ,-1,1,-1,2,1, , , , , ,2,-2,0,-2,0,-1,-2,0,2,0,1,1,0,-1,-2,-2,-1,1, , , , , , , ,3,1, , ,1, , , ,6,2,2, , , , , ,1,0,1,-1,0,1,-1,1997,4, ,3, ,1,0,1,1,2,0,-1,-1,-1,-1,1, ,1,0, ,0, ,2,2,0,1,48480,4,2,2,-1.08831152445914,.557599088635526,-.401485327688374,.431039229008716,-.462844514975954,-1.02845613087879,-2.01780968284574,.940721775715263,.243031566781518,2,2
21,0,0,1,Schmeckt mir nicht, , , , , , , ,1, , , , , , , , , , , , , , , , , , , , , , , , , , , , ,An den Sommer,0,0,1,0,0,0,0,0,0,0,0,0,0,0,0,0,0,0,1,1,1,0,0,0,0,0,0,0,0, ,1,4,"Da ich es selber nicht trinke, empfehle ich es auch eher selten weiter.","Fanta, dieLimo",1,0,0,0,0,0,0,0,1,1,1,0,0,1,1,0,1,1,0,0,1,0,1, , , ,1,1,1, , , ,1,3,1,4,1,4,1,2.5,2,.5, , , , , , , , , , , , , , , , , , , , , , , , , , , ,1,0,1,1,1,1,0,1,0,0,5,4,6,3,4,3,8,3,3,5,2,5,2,2,2,2,6,3,5,7,6,3,6,4,2,7,2,1,6,6,1,1,2,2,4,2,2,1,2,2,4,2,-1,1,-1,0,2,2,2, , , , ,-1,-1,-1,-1,1, , , , , , , , , , , , , , , , , , , , , , ,1, , , , , , , ,1,1,1, , , , , ,4,1, , ,1, , , ,0,0,0,1,0,-2,0,1995,4, ,3, ,0,-1,0,1,0,0,0,-1,0,-1,1, ,1,0, ,0, ,5,5, ,1,49492,1,2,2, , , , , , , , , , , 
22,1,0,0, , , , , , , ,2,2, , , , , , ,2,1,-2,2,1,0,0,0,1,0,0, ,0,1,0,0,0, ,0,-2,0,-2,erfrischend,0,1,0,0,0,0,0,0,0,0,0,0,0,0,0,1,1,0,1,0,0,0,0,1,1,0,0,0,0, ,2,8,Fanta gibt es schon lange und sie schmeckt gut,"Fanta, Sinalco, Fritz",1,1,1,0,0,0,0,0,0,1,0,0,0,0,1,0,0,0,0,0,1,0,0, , , , , , ,5,4,1,2,2,2,1,2,1, , , , ,.7,1,.9,.5,-1,-2,0,1,1,1,1,0,0,-1,0,2,1,1,-1,0,1,0,-2,-1,0,-1,0,2,1,1,1,-2,0,-1,0,1,0,3,9,7,1,5,9,9,7,3,8,4,6,3,4,4,2,7,2,5,7,9,2,4,5,5,10,8,0,4,8,3,4,6,2,4,3,2,5,9,2,4,4, , , , , , , ,2,1,0,1, , , , , ,-1,-1,-1,-2,-2,1,1,0,1,-1,0,-2,0,1,0,1,1,0,-1,1,-2,-2,2, , , , , , , ,1,1,1, , , , , ,3,1, , , ,1, , ,0,0,0,0,1,1,0,1997,4, ,3, ,-1,-1,1,2,1,1,0,0,-1,1,1, ,1,0, ,0, ,6,6,0,1,48565,1,2,2,.0222459681519729,-.273257623949407,-.539405720328956,1.26309805053679,-.495274425138503,-.781686621976171,.416002956009962,-1.9608137306749,1.45094101063793,4,3
23,1,0,0, , , , , , , ,2,2, , , , , , ,2,-1,-2,0,1,0,0,0,0,0,0, ,0,1,0,0,0, ,0,1,-1,-1,"Vergnügen, Spaß, Sommer",0,0,1,0,0,0,0,0,0,0,1,0,0,0,0,1,0,1,0,1,1,0,0,1,0,0,0,0,0, ,2,6,"Bekannt, gewohnte Marke","Fritz Limo, Fanta",1,0,1,0,0,0,0,0,0,1,1,0,0,1,1,0,1,1,0,1,0,0,0, , , , , , ,6,6,5,2,6,2,6,2,5, , , , ,1,2,1.5,.5,-1,-2,-1,-1,1,0,-1,-1,0,-1,1,1,0,1,1,0,0,-1,1,1,1,1,1,2,-1,1,1,-2,0,0,0,1,-1,1,3,2,3,4,1,9,1,3,5,3,8,1,1,4,2,2,2,2,4,6,5,4,4,2,4,4,1,4,1,1,1,2,2,2,2,1,2,6,5,2,2, , , , , , , ,1,-2,-1,0, , , , , ,1,1,-1,-1,-1,-1,-1,0,1,0,1,-1,-1,-1,-1,-1,0,0,-1,-1,-1,1,2, , , , , , , ,4,2, , , ,2, , ,3,2, , , ,2, , ,-2,1,1,2,0,-1,1,1995,4, ,3, ,0,0,-1,-1,0,0,0,0,0,1,5, ,3,0, ,0, ,1,1,0,3,49084,1,2,2,.407589814101446,.29806763273213,-.553756098183527,-.957249552346332,-.0570926760740152,-1.27566825259614,-.628886143601353,.547931471898593,.810341155148227,1,1
24,1,1,0, ,0,1,0,1,1, ,3,1,1, , , , , ,3,1, ,1,1,0,0,0,0,0,1, ,0,1,1,0,0, , , ,0,1,"sehr süß, klebrig, etwas künstlicher Geschmack",0,0,0,0,0,0,0,0,0,0,0,0,0,0,1,0,0,0,0,0,1,1,1,0,0,0,0,0,0,Künstlich,1,7,"Schmeckt weniger künstlich, bio-Qualität, Glasflaschen, gut portioniert.","Fanta, Fritz-Limo, River, Mirinda, Freeway,Orangina",1,0,1,1,1,0,0,1,0,1,1,1,0,0,1,0,0,1,0,0,1,0,1, ,12,Vilsa,.95,1,1, , , ,1,8,1,8,1,7,.8,1.2,1,.65, , , , , , ,1, ,1, , ,1,1, ,1,1, ,0, ,1, , ,1, , ,2,1,1,2,2,2,1, ,-2, , ,2,5,7,8,8,8,8,10,6,5,5,5,6,2,2,6,4,6,5,4,8,8,7,8,6,2,6,9,6,7,5,2,3,5,4,5,4,2,3,6,6,6,6,-2,2,0,-1,1,1,2, , , , ,1,2,1,-1,-1, , , , , ,-1,-2,0, , , ,0,0,0,1,1,1,0,0,0,0,1,1, , , , , , , ,2,1, ,1, , , , ,2,1, , , , ,1, ,-1,0,0,2,1,-1,1,1994,4, ,3, ,-1,-1,1,1,1,1,-1,-1,-1,0,1, ,1,0, ,0, ,5,5,1,2,49424,6,2,2, , , , , , , , , , , 
25,1,1,0, ,1,1,0,1,0, ,3,1, ,1, , , , ,2,2,-2,1,1,0,0,0,0,0,1, ,0,1,1,0,0, ,0,-2,2,0,An Sommer und Alkohol.,0,0,1,0,0,0,0,0,0,0,0,1,0,0,0,0,0,0,1,1,0,0,1,1,0,0,0,1,0, ,1,6,Teuer und eher selten im Supermarkt oder Restaurant.,FantaSinalcoMirandaFritz LimoDie LimoDeit,1,1,1,1,0,0,0,0,1,1,1,1,1,1,1,0,1,1,0,1,0,0,1, ,1, ,1,1.2,1.2, , , ,1,10,1,8,1,8,.7,1,1,.4, , , , ,2,-2,2,0,0,1,2,2,1,2,2,2,2,2,2,2,2,0,0,1,0,2,2,1,1,1,1,1,2,0,2,2,2,5,8,6, ,6,8,10,5,1, ,2,2,4,7,5, ,6,5,2,10,7, ,6,3,0,10,10, ,6,8,2,3,6, ,6,5,5,4,6, ,6,7,2,2,0,2,0,2,0, , , , ,-1,-1,1,-1,-1, , , , , ,1,0,1,-1,-1,1,-1,2,2,2,1,2,2,1,-2,-2,0,1, , , , , , , ,5,1, , , , ,1, ,4,2, , ,2, , , ,-1,1,-1,1,1,-1,2,1997,4, ,3, ,1,1,-1,2,2,2,1,1,0,1,1, ,1,0, ,2, ,5,5,0,1,49439,1,2,2,1.22546527708746,1.08455091940112,1.34667447260914,1.89530021003635,.0725748312110411,1.2274685793672,.983464855094132,1.10760967166216,.73537137135415,3,2
26,1,1,0, ,0,1,0,0,0, ,2,2, , ,1, , , ,3,2,-2,2,1,1,1,0,0,0,1, ,0,1,0,0,0, ,1,-2,0,-2,sommer,0,0,1,0,0,0,0,0,0,0,0,0,0,0,0,0,0,1,1,1,1,0,1,0,0,0,0,0,0, ,2,2,ich mag fanta nicht so gern,"süß , ungesund, ein gutes mischgetränk,", , , , , , , , , ,1,1,1,1,1,1,0,1,1,0,0,1,0,1, ,3, , , , ,4,6,6,2,4,2,6,2,6, , , , ,.99,1.5,1,.55,-2,-2,1,-2,1,-1,0,2,2,0,2,2,1,1,2,2,2,-2,-2,-2,0,0,2,2, ,1,2,-2,0,0,-1,2,2,1,4,10, ,6,9,10,4,2, ,5,8,1,3,8, ,10,9,4,8,10, ,9,5,1,6,10, ,10,8,0,0,6, ,6,5,9,9,10, ,9,10, , , , , , , ,2,2,-1,1, , , , , ,2,1, ,1,1,-1,-1,-1,1,1,1,-2,-2,2,2,2,2,-2,2,-2,-2,-2,2, , , , , , , ,4,2, , , ,2, , ,3,2, , , ,2, , ,-2,2,0,2,1,-1,-2,1995,4, ,3, ,1,-1,0,2,2,2,-2,1,0,1,2, ,1,0, ,0, ,4,4,0,1,59379,0,2,2,.147167599929294,1.15020974146014,1.4805317224251,1.95696799769595,-.228834131690978,-.11876479121896,.610441356751404,-2.14284628428633,.107873597903131,4,3
27,1,1,0, ,0,1,0,1,0, ,2,2, , , , ,2, ,2,1,-2,1,1,0,0,0,0,0,0, ,0,1,0,0,0, ,0,-2,1,-1,Fanta,1,0,0,0,0,0,0,0,0,0,0,0,0,0,0,0,0,0,0,0,1,1,1,0,0,0,0,0,0, ,2,3,Kleine Glasflaschen sind zu teuer.,"Fanta, Freeway, Fritz",1,0,1,0,0,0,0,1,0,1,1,0,1,1,1,0,1,1,0,0,1,0,1, ,1, , , , ,6,6,6,2,10,2,8,2,6, , , , ,.8,1.5,1.3,.5,0,-2,0,-1,-1,2,2,0,1,1,2,2,0,-1,0,0,0,-2,-2,-1,0,2,0,2,-1,1,2,-2,1,0,0,1,1,5,7,8,3,7,5,10,6,4,8,3,5,2,4,7,3,10,7,0,10,5,0,6,3,2,10,3,0,7,7,0,0,5,3,8,5,5,5,8,7,10,7, , , , , , , ,1,-1,1,0, , , , , ,2,2,-1,-2,-1,2,-2,0,2,-1,-2,0,-1,1,-1,0,-1,-2,-1,-1,-1,-1,2, , , , , , , ,3,1, , ,1, , , ,6,2,2, , , , , ,-1,-2,-1,1,1,-2,0,1992,4, ,3, ,0,-1,1,2,2,2,0,0,0,0,2, ,1,0, ,0, ,3,3,0,2,49088,1,1,2,.291317987918558,.760674797811782,-1.30020880287914,1.98236400210378,-.437919939783446,-.331575041128612,.485741624856171,.612765283686414,-1.15510839221771,3,2
28,1,0,0, , , , , , , ,4,2, , , , , , ,4,1,-1,1,1,0,0,0,1,0,0, ,0,1,0,0,0, ,2,-2,0,0,Fruchtig,0,0,0,0,0,0,1,0,0,0,0,0,0,0,0,0,0,0,1,0,1,1,1,0,1,0,0,0,0, ,2,7,Ich mag Fanta nicht so gerne,"Fanta, Sinalco, Mirinda",1,1,0,1,0,0,0,0,0,1,0,0,0,1,1,0,0,1,0,0,1,0,0, , , , , , ,4,3,4,2,5,2,5,2,5, , , , ,.8,1.5,1,.5,0,-1,0,1,1,-1,0,0,1,0,1,1,0,0,1,1,1,0,0,0,1,1,1,2,0,1,1,-1,1,0,0,1,1,2,4,6,3,6,7,8,4,5,4,7,6,5,5,5,6,7,4,6,7,8,0,9,4,5,9,8,6,9,8,3,5,5,3,3,5,5,0,8,5,8,6, , , , , , , ,0,1,1,0, , , , , ,2,-1,1,-2,-1,0,0,0,1,0,1,0,0,1,1,1,1,0,1,-1,1,-1,2, , , , , , , ,4,1, , , ,1, , ,2,1, , , , ,1, ,-1,0,-1,-1,1,0,0,1995,6, ,3, ,0,-1,0,1,0,0,1,1,1,1,2, ,1,0, ,0, ,4,4,1,2,49593,1,2,2,1.27475257282661,.668765504741939,.399581499737325,-.0677462196918853,1.10325226777781,-.488638386219732,-.221388407175413,.137892418508343,1.29068579483468,4,3
29,1,0,0, , , , , , , ,3,2, , , , , , ,4,2,-1,2,1,0,0,1,0,0,0, ,0,1,0,0,1, ,-1,1,0,0,fruchtig süß,0,0,0,0,1,0,1,0,0,0,0,0,0,0,0,1,0,0,1,0,1,0,0,0,0,0,0,0,0, ,2,7,Ich trinke nicht oft Fanta,Fritz limoFanta,1,0,1,0,0,0,0,0,0,1,1,1,0,1,1,0,1,1,0,0,1,0,1, , , , , , ,3,5,5,2,8,2,10,2,10, , , , ,.5,1.5,1.3,.4,1,-1,-1,1,2,0,0,-1,1,2,1,2,1,1,1,1,1,-2,0,1,-2,-2,1,2,-1,1,2,-2,0,-1,1,2,0,5,5,10,4,6,5,8,5,2,5,1,2,2,3,6,5,7,2,1,7,10,2,5,4,4,5,7,5,5,4,2,3,3,5,7,6,4,6,7,5,6,4, , , , , , , ,1,-2,0,-1, , , , , ,1,2,-1,-1,-1,1,-1,1,2,1,-1,-1,1,1,1,1,0,1,0,1,-2,0,2, , , , , , , ,6,2, , , , , ,2,2,2, , , , ,2, ,-1,1,2,1,1,1,1,1996,4, ,3, ,1,-1,0,1,-1,1,0,0,1,0,2, ,1,0, ,1, ,3,3,0,1,49661,0,2,2,.417302865027998,1.6316031975837,.50406634326904,-.534611014140518,.297660175882616,-.735714438405065,-.239176083360792,-.556205736234885,-.84105591053938,2,2
30,1,1,0, ,1,1,1,0,0, ,2,1, , , , ,1, ,2,1,-2,2,1,0,0,0,0,0,0, ,0,1,0,0,1, ,0,2,1,-1,Fanta,1,0,0,0,0,0,0,0,0,0,0,0,0,0,0,1,0,1,1,0,1,0,0,0,1,0,0,0,0, ,1,6,Mir schmeckt Fritz-Limonade nicht so unglaublich gut,"Fanta, Orangina, Fritz-Limo, Freeway",1,0,1,0,1,0,0,1,0,1,0,1,0,0,1,0,1,1,0,0,1,0,1, ,1, ,1,1.25,.75, , , ,1,7,1,4,1,2,.9,1.5,1.3,.5, , , , ,2,-2,1,-2,-1,2,1,-1,-1,-2,0,1,0,0,0,-1,0,-2,-1,-1,0,2,1,1,2,1,1,-1,1,-2,1,2,1,7,8,7,7,7,9,9,6,4,6,5,4,2,3,6,4,5,8,5,6,6,7,5,2,3,5,5,3,3,6,2,4,6,4,5,6,4,4,7,5,5,7,0,2,-1,1,2,0,2, , , , ,-1,-1,-1,-2,1, , , , , ,1,-1,-2,1,-2,1,2,0,1,0,0,1,0,1,0,-1,0,1, , , , , , , ,6,1, , , , , ,1,1,1, , , , , ,1,-2,0,0,0,1,-1,-1,1994,4, ,3, ,-2,-2,1,1,1,0,-2,-1,-1,0,2, ,1,0, ,0, ,2,2,0,3,49074,5,2,2,-1.1188898329336,-1.38254827909462,-1.11953821693786,.386891424558792,1.82648857985775,.986312985172773,1.23015154610332,.334938325875876,-.947251133826462,3,2
31,0,0,1,Orangenlimo ist zu süß. Wenn ich Limo kaufe dann eher Zitronenlimo, , , , , , , ,2, , , , , , , , , , , , , , , , , , ,0,0,0,0,0, , , , , ,Sprudelig,0,0,0,0,0,0,0,0,0,0,0,0,0,0,1,0,0,0,1,0,1,1,1,0,1,0,0,0,0, ,2,7,Fanta ist eine bekannte Marke und schmeckt immer zuverlässig gut.,FantaFritz-LimoVio-BioBionadeEmsland SonneRiver Fanta,1,0,1,0,0,1,1,1,1,1,0,0,0,1,1,0,1,1,0,0,0,0,0,Freeway, , , , , ,5,4,6,2,9,2,6,2,10, , , , ,.7,.8,.75,.4, , , , , , , , , , , , , , , , , , , , , , , ,2,-2,2,2,-2,2,0,1,2,2,9,9,10,10,10,8,10,5,7,8,7,7,0,0,2,2,10,6,6,9,8,3,9,2,6,10,5,5,7,7,0,0,2,3,7,5,6,6,7,6,8,6, , , , , , , ,2,0,-2,-1, , , , , ,1,2,2,-2,-1, , , , , , , , , , , , , , , , , ,2, , , , , , , ,5,3, , , , ,3, ,5,3, ,3, , , , ,-1,1,-2,2,-1,-2,1,1990,6, ,3, ,-1,-2,1,2,2,1,-1,1,-1,-1,2, ,1,0, ,0, ,3,3,0,1,49170,1,2,2, , , , , , , , , , , 
32,1,1,0, ,1,1,0,0,0, ,5,1, , , , ,6, ,5,1,-1,1,1,0,0,0,0,0,1, ,1,1,1,1,1, ,0,1,0,0,Fanta,1,0,0,0,0,0,0,0,0,0,0,0,0,0,0,1,0,0,0,0,0,0,0,0,1,0,1,0,0, ,1,5,Geschmack,"Fanta, Fritz Limo",1,0,1,0,0,0,0,0,0,1,1,1,1,1,1,0,0,1,0,1,1,0,1, ,1, ,.75,.65,.5, , , ,1,9,1,5,1,3,.4,2,1.2,.4, , , , ,0,1,1,-1,0,2,-1,0,1,0,1,1,0,0,0,-1,0,-1,-1,-1,0,1,1,1,1,0,1,0,0,-1,0,2,0,6,8,7,6,4,5,7,5,5,6,7,5,4,4,6,2,4,5,3,7,5,4,4,5,5,6,7,5,2,5,1,3,4,3,4,5,2,5,5,4,5,5,-2,0,0,2,0,2,2, , , , ,-1,-1,-1,-2,1, , , , , ,1,0,0,0,0,0,1,-1,1,0,0,1,-1,1,0,0,1,1, , , , , , , ,3,1, , ,1, , , ,3,1, , , ,1, , ,1,0,1,0,0,0,-1,1997,4, ,3, ,0,-1,0,1,1,0,0,0,1,-1,2, ,1,0, ,0, ,4,4,0,1,49439,0,2,2,-.0531680777224411,.449128284133718,-1.08145677636099,.111349259657034,2.42077214960162,-.137390292164039,-.0525050406402784,-.158222354805202,-.264931867076531,2,2
33,1,0,0, , , , , , , ,1,2, , , , , , ,5,2,-2,2,1,0,0,0,0,0,0, ,0,1,0,0,0, ,1,-2,1,-2,"Fanta, Mirinda, Spezi, Kino",1,0,0,0,0,0,0,0,0,0,0,1,0,0,1,0,0,0,0,0,1,0,1,0,0,0,0,0,0, ,2,3,Ich trinke selten und ungern Orangenlimonade/Fanta,"Fanta, Mirinda",1,0,0,1,0,0,0,0,0,1,1,1,1,0,1,0,0,1,0,0,0,0,0, , , , , , ,4,5,5,2,4,2,6,2,6, , , , ,.65,2.5,1.5,.5,-1,-2,-1,-1,-1,0,-2,-1,1,0,2,1,0,0,2,1,2,1,-2,1,0,2,2,2,0,0,0,-2,-2,1,0,0,0,2,2,5,3,5,7,10,4,3,5,2,4,0,2,6,5,7,9,0,7,7,2,7,2,1,3,6,5,2,6,0,0,3,3,5,5,1,1,7,4,3,5, , , , , , , ,1,0,0,1, , , , , ,-1,1,-1,1,-1,0,0,0,0,-1,-2,-2,0,0,2,1,2,0,0,-1,-1,-1,2, , , , , , , ,4,1, , , ,1, , ,4,1, , ,1, , , ,-1,0,0,1,1,1,1,1994,6, ,3, ,1,-1,0,1,1,0,0,0,-1,0,4, ,3,0, ,0, ,1,1,0,2,49090,1,2,2,-.232516525435387,.335806814283662,1.0191934170117,.110643633423757,-1.21200485722973,-1.5840266176469,.959617997180837,1.45194223698942,1.51636494347917,3,2
34,0,0,1,Ich mag den künstlichen Geschmack nicht und trinke deshalb fast ausschließlich nur Wasser, , , , , , , ,1, , , , , , , , , , , , , , , , , , , , , , , , , , , , ,Zucker,0,0,0,0,0,0,0,0,1,0,0,0,0,0,0,0,0,0,0,0,1,0,1,0,0,0,0,0,0, ,1,6,Vom Geschmack kann ich es schwer beurteilen. Ich mache es an der Aufmachung/Design der Flasche fest,"Fritz, Fanta, Orangina, Vio",1,0,1,0,1,0,1,0,0,1,1,1,1,0,1,0,1,1,0,0,0,0,0, , , ,.5,.8,.85, , , ,1,1,1,3,1,7,.7,1,.85,.4, , , , , , , , , , , , , , , , , , , , , , , , , , , ,1,-2,1,2,1,2,-1,1,0,1,1,2,4,3,8,7,9,5,3,5,5,4,0,0,4,0,5,4,1,7,9,5,8,4,0,3,9,1,10,4,0,0,0,0,2,1,0,0,5,0,4,2,1,0,0,0,2,1,2, , , , ,-1,-1,-2,-1,1, , , , , , , , , , , , , , , , , , , , , , ,1, , , , , , , ,6,2, , , , , ,2,5,3, ,3, , , , ,-1,1,2,2,0,1,-2,1995,4, ,3, ,1,-1,1,-1,1,2,0,-1,-1,1,2, ,1,0, ,0, ,4,4, ,2,28357,0,2,2, , , , , , , , , , , 
35,1,0,0, , , , , , , ,1,1, , , , , , ,2,2,-2,-1,1,0,0,0,0,0,1, ,0,1,0,0,0, ,1,-1,-2,-1,Getränk,0,0,0,0,0,0,0,0,0,0,0,0,0,0,1,1,0,0,0,0,0,1,0,0,0,0,1,0,0, ,1,5,Ich weiß nicht ob ich sie weiterempfehlen würde,"Salvus, Fanta",1,0,0,0,0,0,0,0,1,1,1,1,1,1,1,1,1,1,0,0,1,0,1, , , ,1,.75,1.2, , , ,1,6,1,6,1,6,.7,1.2,1,.5, , , , ,0,-2,0,-1,-1,1,-2,-1,0,0,0,1,1,0,0,0,0,0,-1,-1,0,-1,0,1,0,0,0,0,0,0,0,0,0,3,7,6,7,6,5,8,2,2,3,2,4,2,3,3,4,3, ,3,4,4,3,3,3,3,6,6,4,5,3,3,3,3,3,3,3,5,5,5,5,5,5,-2,-2,-2,0,-2,2,2, , , , ,-1,-1,-1,-1,1, , , , , ,1,-1,-1,0,0,-1,0,-1,0,0,0,0,0,0,0,0,0,1, , , , , , , ,6,1, , , , , ,1,2,1, , , , ,1, ,0,0,0,0,0,0,0,1995,4, ,3, ,1,0,0,-1,0,-1,-1,-1,-1,0,4, ,2,0, ,0, ,4,4,0,1,48727,0,1,2,-1.00692793009296,-.281512306084416,-.711643191874885,-1.47618322050278,.318520680055571,-.563264914767863,1.19278132845443,-1.23548735399539,.939038383893047,4,3
36,0,0,1,ich kosumiere sie nicht, , , , , , , ,1, , , , , , , , , , , , , , , , , , , , , , , , , , , , ,zu süß zu viel zuckerv zu viel säure,0,0,0,0,1,0,0,1,1,0,0,0,0,0,0,0,0,0,0,0,1,0,0,0,0,0,0,0,0, ,1,0,ich finde sie zu süß und ungesund,riverfantafritz,1,0,1,0,0,0,0,1,0,1,0,1,0,1,1,0,0,1,0,0,1,0,0, , , ,1,2,1.5, , , ,1,1,1,1,1,1,.5,2.5,1.8,.3, , , , , , , , , , , , , , , , , , , , , , , , , , , ,1,0, ,1,1,1,0,1,1,0,0,6,4,0,3,0,8,4,0,3,6,6,0,1,1,0,1,0,2,2,2,2,1,1,0,1,2,2,3,0,0,0,0,0,0,0,3,3,3,3,3,3,2, , ,-2, , , , , , , ,-1,-1,1,-2,-1, , , , , , , , , , , , , , , , , , , , , , ,1, , , , , , , ,2,1, ,1, , , , ,5,1, ,1, , , , ,2,0,0,-2,0,0,0,1994,6, ,3, ,0,-2,0,1,1,2,0,1,0,0,2, ,1,0, ,0, ,3,3, ,3,49080,1,2,2, , , , , , , , , , , 
37,1,1,0, ,0,1,0,1,0, ,1,2, , , , , , ,5,2,-2,2,1,1,0,0,0,0,1, ,0,1,1,0,0, ,2,-1,1,2,FantaOrangina,1,0,0,0,0,0,0,0,0,0,0,0,0,0,1,1,0,0,0,0,0,0,1,0,0,0,1,1,0,Sodbrennen,2,9,Schmeckt gut und erfrischt,FantaOranginaFritz LimoSinalco Orange,1,1,1,0,1,0,0,0,0,1,1,1,1,1,1,0,0,0,0,0,1,0,0, ,1, , , , ,2,3,4,2,5,2,4,2,3, , , , ,.5,.65,.6,.4,2,-2,1,-1,1,2,2,0,0,-1,0,2,1,1,1,1,1,-2,-2,-2,0,1,2,2,1,1,2,-2,-2,0,0,2,0,8,9,9,8,9,10,10,8,5,6,1,6,4,6,7,6,9,8,0,10,10,2,6,4,5,8,9,8,5,7,2,3,5,3,7,7,2,4,6,3,9,6, , , , , , , ,2,-2,-1,0, , , , , ,2,2,-1,-1,1,1,-1,-1,-2,-2,0,-1,1,2,1,2,1,1,0,1,-1,0,2, , , , , , , ,6,1, , , , , ,1,2,1, , , , ,1, ,-2,1,2,0,-1,-1,1,1995,4, ,3, ,0,-2,0,1,2,1,0,1,0,0,4, ,2,0, ,0, ,5,5,0,2,48653,0,2,2,.518068512478539,-.485707367601886,.517332442970373,1.08229235450454,.0374857696246003,1.42589580802664,1.13584985391312,-.782983276487932,-.688017497550192,3,2
38,1,1,0, ,0,1,0,0,0, ,2,2, , , , ,1, ,5,2,-2,2,1,0,0,0,0,0,1, ,0,1,0,0,0, ,2,-1,2,1,zucker,0,0,0,0,0,0,0,0,1,0,0,0,0,0,0,0,0,0,0,0,1,0,1,0,0,0,0,0,0, ,2,9,bekanntheit,Fanta fritz Vio,1,0,1,0,0,0,1,0,0,1,1,0,0,1,1,0,1,1,0,1,0,0,0, ,1, , , , ,5,6,6,2,9,2,9,2,9, , , , ,.85,1.5,.9,.5,1,-2,2,0,1,0,-2,-2,1,0,0,2,2,0,2,2,2,-1,-2,-2,1,1,1,2,-2,1,1,-2,0,2,1,2,0,8,9,8,8,7,8,10,2,1,1,2,3,0,1,8,9,7,8,2,4,3,5,3,3,1,3,10,7,8,6,0,0,5,5,2,1,0,0,3,3,1,2, , , , , , , ,1,1,1,-1, , , , , ,1,-1,-1,-1,-1,1,-2,0,-1, ,-1,-2,1,0,0,1,1,1,0,-1,-1,-1,2, , , , , , , ,6,2, , , , , ,2,3,2, , , ,2, , ,0,1,2,0,1,-1,1,1993,6, ,3, ,1,-1,0,1,1,1,0,1,0,2,4, ,3,0, ,0, ,4,4,0,1,31604,2,2,2,.935648767761651,.066132105050578,1.85561283954164,.560084847026565,-.962588030871562,1.84988290223391,.580212530519334,-.913640083165759,.414731425653877,4,3
39,1,1,0, ,0,1,0,1,0, ,1,1, ,1, , , , ,5,0,-2,1,1,1,0,0,1,0,1, ,0,1,0,0,0, ,-1,-2,1,0,Fanta,1,0,0,0,0,0,0,0,0,0,0,0,0,0,0,0,0,0,1,0,0,0,1,1,1,0,0,0,0, ,1,1,noch nicht probiert,"fanta, miranda, sonne, fritz, sinalco",1,1,1,1,0,0,0,0,1,1,1,1,1,1,1,0,0,1,0,0,0,0,1, ,1, ,1.2,1.2,1, , , ,1,7,1,5,1,3,1,2,1.5,.6, , , , ,1,-2,-2,-1,-2,2,-1,-1,0,-1,-1,2,1, ,1,-1,1,-2,-2,1,0,1,1,1,2,1,0,1,2,1,0,1,1,6,8,7,4,4,1,9,5,5,7,3,8,3,3,5,4,8,1,0,8,2,0,3,2,2,6,8,3,3,1,0,0,5,3,8,2,0,0,5,1,10,0,0,2,0,2,2,0,2, , , , ,-1,1,-2,-2,-1, , , , , ,2,-2,-1,-1,-2,-1,-1,0,1,1,-1,1,-1,-2,-2,-2,-2,1, , , , , , , ,1,1,1, , , , , ,4,1, , ,1, , , ,-1,1,-1,0,1,0,-2,1995,4, ,3, ,-1,-2,1,2,2,0,0,0,0,0,1, ,1,0, ,0, ,2,2,0,3,49074,0,2,2,.365282247463774,-1.22873282284932,-.713328195435631,1.30277170931161,-.410836450387607,-1.26631679371653,.523677086137837,1.28162964782189,-.720338097284345,3,2
40,1,1,0, ,1,1,0,0,0, ,5,2, , , , ,2, ,2,-2,-1,-1,1,0,0,0,0,0,0, ,0,1,1,0,0, ,0,-1,-1,-2,Fanta,1,0,0,0,0,0,0,0,0,0,0,0,0,0,0,1,0,0,1,0,1,0,0,0,0,0,1,0,0, ,2,9,Fanta,FantaMirinda Freeway,1,0,0,1,0,0,0,1,0,1,1,1,0,1,1,0,0,1,0,0,0,0,0, ,1, , , , ,3,1,1,2,1,2,1,2,1, , , , ,.5,.7,.6,0,-1,0,1,-2,-2,2,-2,-2,-1,-2,-2,1,-2,1,0,0,-1,-2,-2,-2,-1,-1,-2,2,0,2,1,-2,-2,0,1,1,1,3,9,6,4,2,3,8,3,6,8,5,7,4,4,4,4,4,4,6,6,2,2,7,3,2,8,5,3,5,2,3,3,5,7,7,5,1,1,1,1,1,1, , , , , , , ,0,-2,0,2, , , , , ,-1,1, ,1,-1,2,0,-1,0,-2,-2,-2,0,-2,-1,-2,-1,-1,-2,0,-2,-2,2, , , , , , , ,3,1, , ,1, , , ,4,1, , ,1, , , ,-1,-2,0,-2,2,1,0,1998,4, ,3, ,0,-1,1,1,1,0,0,0,1,0, , ,1,0, ,0, ,4,4,0,1,49377,7,1,2,.358666610089005,-2.16006134718327,-.83800152771922,.417194696924371,-.287412145552568,-.32374615129917,-1.98739871565915,-1.68045317067849,-1.30486650349763,2,2
41,1,0,0, , , , , , , ,5,1, , , , , , ,5,2,-2,2,1,0,0,0,0,1,0, ,0,1,0,0,0, ,0,-2,2,-2,Korn,0,0,0,0,0,0,0,0,0,0,0,1,0,0,0,0,0,1,1,0,0,0,1,0,0,0,0,0,0, ,1,7,Das ist mal keine Mainstream Limonade wie Fanta und Cola etc,FantaVioFitz ColaSchweppes,1,0,1,0,0,0,1,0,1,1,1,0,1,1,1,0,0,0,0,0,1,0,0, , , ,1,.75,1, , , ,1,6,1,7,1,5,.5,1.2,.8,.35, , , , ,2,-2,2,0,2,-1,0,0,1,1,2,2,2,1,2,1,2,-2,-2,-2,2,0,2,1,1,1,2,2,2,-1,1,2,1,3,6,9,6,9,2,8,6,8,5,1,10,1,1,8,3,9,1,3,7,5,5,6,5,2,7,7,8,5,5,0,1,7,3,10,2,1,1,9,3,10,8,2,2,-2,2,-2,2,0, , , , ,-2,-2,-1,-2,1, , , , , ,0,1,0,1,0,1,-1,2,0,2,2,2,2,0,-2,1,-2,1, , , , , , , ,6,1, , , , , ,1,4,1, , ,1, , , ,-2,1,0,1,1,0,-2,1995,4, ,3, ,0,-1,1,2,2,0,0,1,1,1,4, ,2,0, ,0, ,3,3,0,1,31595,8,2,2,1.04286808237149,1.41003492927022,1.02942768715929,1.10702936516198,.0994690312182375,2.20278356974562,1.12429476549736,-1.61390867877661,.519707558785527,4,3
42,1,1,0, ,0,0,0,1,0, ,2,2, , , , ,1, ,4,0,-2,0,1,0,0,0,0,0,0, ,0,1,0,0,0, ,-2,-2,1,-1,Hauptsächlich an die Firma Fanta und ihre Nachbauten,1,0,0,0,0,0,0,0,0,0,0,0,0,0,0,0,0,0,0,0,1,0,1,0,0,0,0,0,0, ,2,0,"Recht teurer Preis, Glaspflasche sollte fachgerecht entsorgt wetrden, kleine GrößeIch empfehle in der Regel keine Limonaden weiter",FantaRiver OrangeVIO Bio Limo,1,0,0,0,0,0,1,1,1,1,0,0,1,0,0,0,0,0,0,1,1,0,1, ,1, , , , ,2,1,3,2,4,2,1,2,7, , , , ,.5,.6,.65,.3,1,-2,0,-1,-2,1,0,0,-1,-2,0,1,1,0,1,2,2,-1,0,1,-2,1,1,2,1,-1,0,-2,-1,1,0,1,1,4,5,2,6,7,0,9,2,1,3,6,1,0,5,3,5,6,2,6,8,2,0,1,0,1,3,5,2,5,2,1,1,1,0,1,1,1,1,0,1,4,1, , , , , , , ,0,-1,1,2, , , , , ,-1,-1,-1,1,-1,1,0,-1,1,-1,-2,-2,1,0,1,-1,1,-1,-1,-2,-2,0,2, , , , , , , ,3,3, , ,3, , , ,1,3, , , , , ,3,-1,1,0,1,0,1,2,1994,4, ,3, ,-1,-1,0,0,0,-1,1,0,-1,0,4, ,2,0, ,0, ,3,3,0,2,49088,1,1,2,.0804961657737118,-1.77847437315969,1.37388081782216,-1.03236214266781,-1.26041709831848,-.10460153297968,.0618836517698455,1.23175738291276,-1.0269976475965,3,2
43,1,1,0, ,1,1,0,0,0, ,4,1, , , , ,1, ,5,2,-2,0,1,0,0,0,0,0,1, ,0,1,0,0,0, ,0,-1,1,0,an Fanta,1,0,0,0,0,0,0,0,0,0,0,0,0,0,0,0,1,1,1,1,0,0,1,0,0,0,0,0,0, ,1,7,Optik,"Fanta, Fritz-Cola, Vio-Limonade,",1,0,1,0,0,0,1,0,0,1,1,0,0,0,0,0,0,1,0,0,0,0,1, ,1, ,1,1.2,1.3, , , ,1,10,1,8,1,9,1,2,1.5,.4, , , , ,2,-2,-1,-1,-1,2,1,-1,0,-1,0,1,0,1,-1,-1,-1,-1,1,0,0,2,1,1,1,1,1,0,2,1,1,0,1,4,7,9,4,5,8,9,4,3,5,4,6,1,4,5,4,5,4,2,8,8,5,7,6,2,7,9,5,7,6,2,3,3,2,4,2,1,2,5,2,7,2,1,2,-1,1,1,1,1, , , , ,-1,-1,1,-2,1, , , , , ,1,0,-1,0,-1,0,-1,1,1,0,0,0,0,0,0,0,-1,1, , , , , , , ,1,1,1, , , , , ,5,1, ,1, , , , ,-1,0,1,0,-1,0,0,1998,4, ,3, ,0,-1,0,1,1,1,0,0,0,0,1, ,1,0, ,0, ,4,4,0,1,49406,1,2,2,.287417337782085,-.536133179432175,-2.10941563805904,.781598259540335,-.121320015910294,-.238763598321521,1.36251816981612,1.29369070450128,-.194932031429765,1,1
44,1,1,0, ,0,0,0,1,1, ,1,1, , ,1, , , ,5,1,-1,0,0,0,0,0,0,0,1, ,0,1,1,0,0, ,-2,0,2,1,Fanta,1,0,0,0,0,0,0,0,0,0,0,0,0,0,0,1,1,0,0,0,0,0,1,0,1,0,1,0,0, ,1,2,Aüßerliches Erscheinungsbild gefällt mir nicht,"Fanta, Fritz Limo",1,0,1,0,0,0,0,0,0,1,1,1,1,1,1,0,0,1,0,0,1,0,1, ,1, ,1.3,1.2,.9, , , ,1,8,1,4,1,3,1,2,1.8,.4, , , , ,2,-2,0,-1,-1,1,0,1,0,-1,0,1,1,1,1,0,2,-1,-2,-1,0,1,2,1,0,1,2,2,1,-1,0,1,1,5,9,4,2,5,2,8,3,4,7,4,7,1,5,6,3,8,1,4,4,3,1,6,3,0,6,7,2,7,0,1,4,6,2,5,3,2,3,9,3,8,5,2,2,2,0,-1,1,1, , , , ,-2,1,-1,-2,-1, , , , , ,2,1,0,1,-1,0,1,1,0,1,1,1,0,2,-1,-2,-2,1, , , , , , , ,3,1, , ,1, , , ,5,1, ,1, , , , ,0,0,1,1,1,-1,0,1995,4, ,3, ,0,-1,1,1,1,0,1,1,1,1,4, ,2,0, ,0, ,2,2, ,1,33790,1,1,2,1.50816861930313,-.882646117874901,.35941019174042,.563996953188301,.969137160841124,.321669804487687,.440933545986328,.0401341375168877,-.314350258897053,3,2
45,1,0,0, , , , , , , ,1,2, , , , , , ,4,1, , ,1,0,0,0,0,0,0, ,0,1,0,0,0, ,1, ,-1,1,Fanta,1,0,0,0,0,0,0,0,0,0,0,0,0,0,0,0,0,0,1,0,1,0,0,1,1,0,0,0,0, ,2,7,Der Geschmack,"Fanta, Orangina",1,0,0,0,1,0,0,0,0,1,1,1,0,0,1,0,0,0,0,0,1,0,0, , , , , , ,3,6,5,2,6,2,10,2,4, , , , ,1,3,2,.5,0,-2,0,1,1,0,1,1,1,1,1,1,1,0,1,2,1, ,-2,-2,-1,1,0,2,0,1,1,-2,2,0,1,2,1,3,7,5,3,6,10,10,3,2,6,4,6,1,3,7,8,6,5,8,6,8,7,7,6,3,9,8,9,7,8,0,1,6,5,6,5,1,1,9,8,7,4, , , , , , , ,1,-2,-1,0, , , , , ,2,2,-1,-1,-1,0,-2,0,-1,2,0,-2,1,1,1,0,0,2,0,0,1,-1,2, , , , , , , ,3,2, , ,2, , , ,4,2, , ,2, , , ,-2,2,0,1,0,1,0,1995,4, ,3, ,0,-1,0,0,0,-1,-1,0,0,0,1, ,1,0, ,0, ,4,4,0,1,49844,0,2,2, , , , , , , , , , , 
46,1,0,0, , , , , , , ,3,2, , , , , , ,4,1,-1,1,1,1,0,0,0,1,1, ,1,1,0,0,0, ,1,1,2,0,Fanta,1,0,0,0,0,0,0,0,0,0,0,0,0,0,0,1,0,0,1,0,0,1,1,0,1,0,0,0,0, ,2,7,Das Aussehen,Fanta Vio,1,0,0,0,0,0,1,0,0,1,1,1,0,1,1,0,1,1,0,0,1,0,0, , , , , , ,4,4,1,2,8,2,5,2,3, , , , ,.7,1,.85,.5,2,0,2,-1,-1,2,-1,0,0,0,0,1,1,1,1,0,1,1,-1,1,1,1,1,2,2,2, ,0,1,1,0,0,0,5,8,8,5,5,6,10,8,2,5,8,9,5,8,9,7,6,7,2,10,7,3,6,7,2,7,8,3,5,3,0,4,7,5,7,5,4,7,10,5,7,6, , , , , , , ,1,-1,1,0, , , , , ,-1,-1,-1,-1,-1,2,1,0,-1,0,1,0,0,1,1,1,1,0,0,0,0,-1,2, , , , , , , ,4,1, , , ,1, , ,5,1, ,1, , , , ,0,0,0,-1,0,-1,-1,1995,4, ,3, ,1,-1,1,1,0,-1,-1,0,0,0,4, ,2,0, ,0, ,4,4,0,1,27367,6,1,2,-.447870893142949,-.432853638955217,.375729339126643,-.670644540087416,1.66645791684914,1.10327382595566,.0418631992843998,.669534463783503,1.91436205163541,4,3
47,1,1,0, ,0,1,0,1,1, ,4,1, , ,1, , , ,5,2,-2,2,1,0,0,0,0,0,1, ,0,1,0,0,0, ,1, ,1, ,Getränk,0,0,0,0,0,0,0,0,0,0,0,0,0,0,1,0,0,0,0,0,0,0,1,0,0,0,1,0,0, ,1,0,Ich würde vergessen welche Marke ich gekauft habe,"Freeway, Fanta, Sinalco",1,1,0,0,0,0,0,1,0,1,1,1,0,0,1,0,0,1,0,0,1,0,0, ,1, ,.5,.5,.5, , , ,1,8,1,3,1,1,.3,1,.75,0, , , , ,1,-2,0,-2,-2,2,-1,-2,-1,0,0,2,0,1,-1,-1,-1,-1,-2,-1,-1,0,-1,1,2,2,2,2,0,-2,1,-1,0,4,9,8,5,8,8,10,0,0,8,0,6,0,0,7,0,5,5,5,10,0,5,7,5,0,10,6,0,7,5,0,0,8,3,5,3,5,5,10,5,5,5,0,2,-2,1,2,2,2, , , , ,-2,-1,-1,-2,1, , , , , ,2,-1,-2,-2,-2,-1,-2,-2,0,0,1,1,-2,0,0,-2,-2,1, , , , , , , ,2,1, ,1, , , , ,4,1, , ,1, , , ,-1,1,-1,1,2,-2,0,1995,4, ,3, ,0,-1,1,0,1,0,-1,-1,-1,-1,4, ,2,0, ,0, ,3,3,0,2,49090,1,1,2,-1.09187692153552,-.757443461004258,-1.92725420259843,-.192709822680026,-.705617663889219,-.138498378669894,1.33265716102578,-.424252912406283,-.331266526338436,1,1
48,1,1,0, ,1,1,0,1,1, ,3,2, ,5,3, ,1, ,2,1,-2,1,1,0,0,0,0,0,0, ,0,1,0,0,0, ,-2,0,0,-2,orangen,0,0,0,0,0,0,0,0,0,1,0,0,0,0,0,0,0,0,0,0,0,1,1,0,1,0,0,0,0, ,2,0,icg mag fanter nicht wirklich,fantafritz fanta,1,0,1,0,0,0,0,0,0,1,1,0,1,1,1,0,0,0,0,0,1,0,1, ,3, , , , ,1,1,1,2,5,2,5,2,1, , , , ,.5,1,.7,.1,0,-1,1,-2,2,0,0,-2,0,0,1,1,2,0,1,0,1,-2,0,-1,-1,-1,1,2,-2,0,1,-2,0,0,1,0,-2,0,0,7,0,2,3,6,0,7,0,1,5,0,0,7,0,6,0,0,6,7,0,7,2,0,0,7,7,1,2,0,0,7,0,3,1,0,0,7,0,5,0, , , , , , , ,1,-2,0,2, , , , , ,-1,-1,-1,-1,-1,-2,-2,0,2,0,-2,-2,-2,-2,-2,-2,-2,-2,-2,-2,-2,-2,2, , , , , , , ,3,2, , ,2, , , ,6,2,2, , , , , ,-1,1,-1,-1,-2,-2,-2,1993,4, ,3, ,-1,-1,0,0,0,-1,1,-1,0,0,5, ,3,0, ,0, ,1,1,0,3,49074,0,1,2,-.124343312623822,.585739342105122,.304785256525086,-1.40576612234569,-.598449877035992,.396180215462931,.216277125052108,-1.19961677039592,-.817307386337749,1,1
49,1,1,0, ,0,1,0,1,0, ,0,2, , , , ,1, ,5,-2,-2,0,1,1,0,0,1,0,0, ,0,1,0,0,0, ,2,-2,0,-1,Spezi,0,0,0,0,0,0,0,0,0,0,0,1,0,0,0,0,0,0,0,0,1,0,1,0,1,0,0,0,0, ,2,10,Ich habe noch nie andere Orangenlimonade gekauft.,"Fanta, vio, bluna",1,0,0,0,0,0,1,0,1,1,0,0,0,0,1,0,0,1,0,0,0,0,0, ,1, , , , ,4,5,2,2,10,2,5,2,1, , , , ,.8,1,1,.5,0,-2,1,-2,-2,2,0,-1,-1,-1,0,1,1,0,-1,0,-1,-2,-2,-2,0,0,-1,2,-1,1,1,-2,2,1,0,1,1,3,7,8,6,6,8,10,5,2,3,3,7,0,1,2,3,6,3,0,8,8,2,4,0,0,8,9,7,4,1,2,2,3,4,6,2,0,3,5,5,6,1, , , , , , , ,0,1,1,1, , , , , ,1,1,-1,-2,-1,2,-2,0,-2,-2,-2,-1,1,0,0,0,0,1,-1,-1,-1,-1,2, , , , , , , ,4,1, , , ,1, , ,6,1,1, , , , , ,-1,0,0,-1,1,2,1,1995,4, ,3, ,0,-2,1,-1,1,-1,0,0,0,1,1, ,1,0, ,0, ,3,3,0,1,32339,0,1,2,.376008197565532,-1.11791521049675,-1.70484453362267,-.734460928043386,-1.04891938537766,.353384860942902,-.918775785282149,-1.00360229120474,-1.21487139528552,1,1
50,1,0,0, , , , , , , ,1,2, , , , , , ,3,2,-2,0,1,0,0,0,0,0,1, ,0,0,0,0,0,"Generell fast nie und wenn, dann",0,-2,-1,-1,Fanta,1,0,0,0,0,0,0,0,0,0,0,0,0,0,0,0,0,0,0,0,1,0,0,0,1,0,0,0,0, ,2,1,Ich halte diese Art von Getränken für ungesund und nur bedingt lecker..,"Fanta, Sinalco, Bluna, Deit sowie diverse Hausmarken",1,1,0,0,0,0,0,1,1,1,0,1,0,1,1,0,1,0,0,1,0,0,1, , , , , , ,2,3,5,2,2,2,2,2,8, , , , ,.5,1.9,1.5,.2,-2,-2,-1,-2,-1,-2,-1,-2,0,0,0,1,0,0,1,2,2,-2,1,1,-1,0,2,2,-2,0,0,-2,1,-1,1,1,-1,2,2,4,6,7,5,9,6,3,3,3,6,1,1,4,6,9,4,3,10,6,6,7,3,2,3,5,5,5,4,0,0,0,0,0,0,0,0,2,4,6,1, , , , , , , ,-1,-1,1,2, , , , , ,-1,1,-1,-1,-1,-2,-2,-1,-2,-2,-2,-2,1,0,1,1,1,1,0,-1,-2,1,2, , , , , , , ,2,3, ,3, , , , ,6,3,3, , , , , ,-2,1,-1,2,0,-2,2,1982,4, ,3, ,-1,-1,0,1,0,0,-2,0,-2,0,5, ,3,0, ,4,Auf den Fitness-Sport abgestimmte Ernährung,1,1,0,2,49090,1,1,2,-1.32268596214583,-.531994720290169,1.43702463500037,-.373196183898881,-1.07855919726,-1.38192630219296,.519109354409314,.139082518083518,-.353586811209204,3,2
51,1,0,0, , , , , , , ,1,1, , , , , , ,2,1,-2,1,1,0,0,0,0,0,0, ,0,1,0,0,0, ,2,-2,0,-2,"Fanta, süß, ungesund",1,0,0,0,0,0,0,0,0,0,0,0,0,0,0,0,0,0,0,0,1,0,1,1,0,0,0,0,0, ,1,2,"Ich halte keine Limonade für unbedingt empfehlenswert. Limonade ist nie ein Thema, über das ich mich austausche.","Fanta, Fritz Limo",1,0,1,0,0,0,0,0,0,1,1,1,1,0,1,0,0,1,0,1,0,0,1, , , ,.75,.75,1, , , ,1,6,1,6,1,9,1,1.7,1.2,.5, , , , ,1,-2,0,-2,0,1,-1,0,0,-1,0,1,1,1,0,-1,0,-2,-2,0,1,2,0,1,1,1,2,0,2,-1,0,1,2,3,8,8,6,7,7,9,5,3,5,4,3,1,3,7,5,9,6,2,4,10,2,6,0,1,7,10,7,9,7,1,3,5,6,8,2,1,5,8,8,9,5,-2,2,0,1,1,2,2, , , , ,-1,1,1,-1,-1, , , , , ,1,0,-1,0,-1,0,-2,-1,0,-1,1,1,-1,-1,0,-1,-2,1, , , , , , , ,3,1, , ,1, , , ,2,3, , , , ,3, ,-2,1,-2,1,0,-1,-2,1995,6, ,3, ,0,0,1,1,1,1,0,1,1,-1, ,MAL,1,0, ,0, ,1,1,0,3,49074,1,2,2,.591688381834087,-.320465107529377,-1.28001066423885,.789565023246098,-.74602707451848,.348353368609748,.649709496780705,.828028708298847,-.112171563291431,1,1
52,1,1,0, ,0,1,0,1,0, ,3,1, , , , , , ,2,2,-2,2,1,0,0,0,0,0,1, ,0,1,1,0,1, ,1,-1,-1,2,Fanta,1,0,0,0,0,0,0,0,0,0,0,0,0,0,0,0,0,0,0,0,1,0,0,1,1,0,0,1,0, ,1,3,kein Kontrast zwischen Etikett und Getränk,"FantaSinalco,Fritz",1,1,1,0,0,0,0,0,0,1,1,1,0,0,1,0,1,1,0,0,1,0,0, ,2, ,.65,.6,.1, , , ,1,7,1,4,1,1,.7,1.5,1.1,.5, , , , ,0,-2,2,-2,1,0,2,-1,1,-1,0,0,1,1,2,-1,2,-2,0,2,1,2,1,1,0,2,2,1,2,-2,0,2,1,6,4,6,8,7,5,9,2,5,4,0,10,1,4,5,6,10,0,0,7,8,0,4,0,3,6,10,4,7,3,0,2,5,4,8,2,0,6,7,9,10,4,0,2,-2,0,1,2,1, , , , ,-2,-1,2,2,-1, , , , , ,1,-2,1,0,-2,-2,-1,-2,1,2,1,2,-2,1,1,-2,2,1, , , , , , , ,4,2, , , ,2, , ,2,1, , , , ,1, ,-2,1,-2,0,2,-1,2,1998,4, ,3, ,0,-1,0,2,2,0,1,0,0,1,1, ,1,0, ,1, ,3,3,0,1,31840,0,2,2,.660726946447305,-.0914076300039351,.638197108986422,.843915495922266,-.793905442133171,.827889065836839,.963329801569332,1.55578912279735,.297421733865331,3,2
53,1,0,0, , , , , , , ,1,2, , , , , , ,3,2,-2,2,1,0,0,0,1,0,1, ,0,1,1,0,0, ,2,-2,0,1,Fanta,1,0,0,0,0,0,0,0,0,0,0,0,0,0,0,1,0,0,0,0,1,0,0,0,0,0,0,0,0, ,2,3,"zuckerhaltig und es steht ein großer Konzern hinter der Marke, den ich nicht unbedingt unterstützen möchte","diet, fritzlimo, bio-zisch, fanta,",1,0,1,0,0,0,0,0,1,1,0,1,1,1,1,0,0,1,0,0,0,0,0, , , , , , ,2,4,3,2,7,2,5,2,9, , , , ,.7,1.3,.9,.35,1,-2,0,-1,1,0,1,1,1,0,1,2,0,0,2,2,2,0,2,0,0,1,2,2,-2,0,0,-2,0,2,0,2,1,0,1,5,6,3,7,10,7,5,7,6,3,0,2,7,4,4,2,3,4,4,2,5,1,0,6,8,4,7,7,0,1,7,7,5,3,0,2,9,8,0,4, , , , , , , ,2,-2,0,-1, , , , , ,2, ,-1,-1,-1,-1,-2,0,1,0,0,-1,1,0,1,1,1,1,1,-2,-2,2,2, , , , , , , ,2,1, ,1, , , , ,1,2, , , , , ,2,-2,2,0,2,1,-1,2,1993,4, ,3, ,0,-1,0,1,1,-1,-1,-1,0,0,4, ,2,0, ,1, ,3,3,0,3,49074,1,2,2,-.577216920390848,.497933955870715,1.51818802139616,-.374560240634368,.16578493190688,-.0162210578464403,1.11264042826031,.397816916114554,.954447174907197,4,3
54,1,0,0, , , , , , , ,1,2, , , , , , ,5,0,-1,1,1,0,0,0,1,0,0, ,0,1,0,0,0, ,0,-1,1,0,Fanta,1,0,0,0,0,0,0,0,0,0,0,0,0,0,0,0,0,0,0,0,1,0,1,0,1,0,0,0,0,Korn,2,4,?,"Fanta, die Limo, fritz Cola, Punica",1,0,1,0,0,0,0,0,1,1,0,1,0,0,1,0,1,1,1,0,1,0,1,bio-zisch, , , , , ,4,5,5,2,5,2,5,2,5, , , , ,.8,1.2,1,.5,1,-2,-1,0,0,1,1,0,1,-1,1,1,1,0,-1,0,1,-2,-2,-2,2,0,-1,2,0,0,0,-2,0,1,1,1,-1,2,5,7,2,5,2,9,1,1,9,1,9,1,1,4,1,5,1,1,9,6,1,6,2,1,4,9,0,3,1,1,1,3,2,3,1,1,0,6,1,6,1, , , , , , , ,1,2,0,-1, , , , , ,1,1,-1,-1,-1,0,-1,0,-1,1,-1,-2,-1,-1,-1,-1,1,-1,-1,-1,-1,-1,2, , , , , , , ,2,1, ,1, , , , ,2,1, , , , ,1, ,1,-1,-1,-1,0,-1,-1,1996,4, ,3, ,0,-1,0,0,-1,0,-1,1,0,0,4, ,2,0, ,0, ,3,3,0,2,31275,0,1,2,-.0120525805620569,.453512051806639,-.81318988238646,-.85998059067877,-1.35165801864822,.558992224201227,-.753168849124597,-1.10231705920454,.259034674430676,1,1
55,1,0,0, , , , , , , ,2,2, , , , , , ,5,1,-1,2,1,0,0,0,0,0,1, ,0,1,0,0,0, ,-2,-1,1,1,Fanta,1,0,0,0,0,0,0,0,0,0,0,0,0,0,0,1,0,0,0,0,1,0,1,0,1,0,0,0,0, ,2,8,Bin mit dem Geschmack zufrieden.,"Fanta, Fritz,",1,0,1,0,0,0,0,0,0,1,1,0,0,0,1,0,0,1,0,0,1,0,0, , , , , , ,3,3,2,2,5,2,3,2,3, , , , ,.55,1.3,1,.35,1,-2,0,-1,-1,1,-2,-2,0,-1,0,1,0,1,0,-1,1,-1,-1,-1,-1,1,1,2,2,1,1,-1,-1,-2,0,0,0,3,5,5,4,4,3,8,5,5,5,5,6,3,4,5,4,5,4,5,9,6,4,7,3,5,7,4,5,5,4,2,2,3,2,4,2,3,3,4,3,4,3, , , , , , , ,2,0,0,-1, , , , , ,2,1,-1,-1,-1,1,0,0,1,-1,-2,-1,-1,-2,-1,-1,0,-1, ,1,-1,1,2, , , , , , , ,4,1, , , ,1, , ,1,1, , , , , ,1,-1,-1,-2,0,0,-2,1,1991,4, ,3, ,0,-1,0,2,2,0,0,0,0,0,5, ,3,0, ,0, ,2,2, ,2,49082,1,1,2,.244177184914735,-.849603649560464,-.734156970668703,1.2249781355927,-.515737081670964,-.226488225201747,.329929111793952,.072349294159617,-.523861658389776,3,2
56,1,1,0, ,1,1,0,1,0, ,4,1, , , , ,2, ,5,0,0,0,0,0,0,0,0,0,0,Gewohnheit,0,1,0,0,0, ,-1,-1,2,0,Fanta,1,0,0,0,0,0,0,0,0,0,0,0,0,0,0,1,0,0,0,1,1,0,1,0,0,0,0,1,0, ,1,5,Ich empfehle meinen Bekannten selten welche Limo sie trinken sollten,"Fanta, Fritz, Vio, Pepsi",1,0,1,0,0,0,1,0,1,1,1,0,1,0,1,0,0,1,0,0,1,0,1, ,1, ,1.2,1.2,1, , , ,1,5,1,5,1,5,.5,1.8,1.5,.2, , , , ,2,-2,0,-2,-1,2,0,0,0,-1,-1,1,0,0,-1,2,1,-1,-2,1,0,1,-1,1,1,1,1,1,1,-1,1,1,1,5,7,8,7,6,5,8,4,2,3,1,8,4,5,7,6,8,5,2,5,5,5,5,5,2,7,7,5,6,4,2,3,5,4,2,3,2,3,5,5,7,3,0,-1,-1,0,-1,1,1, , , , ,-1,1,-1,-1,1, , , , , ,2,0,0,0,-1,1,1,0,-1,-1,-1,-1,1,-1,-1,-1,-2,1, , , , , , , ,2,1, ,1, , , , ,4,1, , ,1, , , ,0,-1,0,0,1,0,-2,1996,4, ,3, ,0,-2,0,0,0,0,-2,0,-1,1,1, ,1,0, ,0, ,4,4,0,2,49090,4,1,2,-.580914374585064,-.994792968300546,.30206897913212,-.468836094146813,1.13502454767245,.475240552148338,-1.23064285023064,.880061876497944,.221500066246226,3,2
57,1,1,0, ,1,1,0,1,0, ,4,2, ,5, , ,5, ,5,2, , ,1,1,0,0,0,0,0, ,0,1,1,0,0, , ,0,2, ,Fete,0,0,0,0,0,0,0,0,0,0,1,0,0,0,0,0,0,1,0,0,1,0,1,0,1,0,0,0,0, ,2,9,Wird am häufigsten konsumiert,Fanta Fritz Pepsi Lesmona Vivaris,1,0,1,0,0,0,0,0,1,1,1,1,1,0,1,0,0,1,0,0,1,0,0, ,1, , , , ,5,4,5,2,9,2,7,2,7, , , , ,.99,2,1.4,.4,1,-1,1,0,1,1,0,0,0,-1,1,1,0,1,0,0,0,-1,-1,-1,0,1,1,2,0,1,1,-2,0,0,1,1,0,4,7,7,6,6,5,9,4,4,5,5,5,2,3,4,5,6,5,7,9,7,7,6,5,3,8,8,7,6,5,2,4,4,4,7,7,2,4,5,6,6,6, , , , , , , ,1,2,1,1, , , , , ,1,1,-1,-2,-1,1,-1,0,0,-1,0,-1,-1,0,0,1,1,-1,0,-1,-1,-1,2, , , , , , , ,4,1, , , ,1, , ,2,1, , , , ,1, ,0,0,-1,0,1,1,0,1995,4, ,3, ,1,-1,0,1,0,0,0,0,-1,-1,4, ,2,0, ,0, ,3,3,0,1,49626,4,1,2, , , , , , , , , , , 
58,1,1,0, ,0,1,0,0,1, ,4,1, , , , ,2, ,3,2,-2,0,0,0,0,0,0,0,1, ,0,0,1,0,0, ,0,1,-1,1,Fanta,1,0,0,0,0,0,0,0,0,0,0,0,0,0,0,1,0,0,1,0,1,0,0,0,0,0,1,0,0, ,1,8,schlichtes Etikett,"Fanta, Fritz, Deit, Die Limo, Vilsa",1,0,1,0,0,0,0,0,1,1,1,1,1,1,1,0,0,1,1,0,1,0,0, ,5, ,1,1.2,.8, , , ,1,8,1,7,1,4,.4,1.2,.9,.3, , , , ,0,-1,1,0,1,-1,-2,1,1,2,1,0,1,0,-1,-1,0,0,-1,1,2,1,0,1,0,1,2,0,1,-1,0,1,1,5,6,8,4,4,9,9,2,1,8,3,4,3,3,5,6,5,5,4,9,9,3,2,4,1,7,10,3,2,6,2,2,3,4,4,2,2,1,6,7,5,5,-1,2,0,1,2,1,1, , , , ,-1,1,1,-2,-1, , , , , ,1,-1,-1,1,0,-1,-1,-1,1,1,0,1,-2,0,1,-1,-1,1, , , , , , , ,3,1, , ,1, , , ,5,1, ,1, , , , ,-1,-1,0,1,-1,1,0,1996,4, ,3, ,1,0,0,-1,-2,-1,-1,-1,0,0,1, ,1,0, ,0, ,4,4,0,3,49074,1,1,2,-.952550796185928,1.66979291891403,-1.37530199588918,-2.64982234079426,-.110919881580318,.460717725516601,.62116707223543,.822632106171544,1.82442130600825,1,1
59,1,0,0, , , , , , , ,2,1, , , , , , ,2,1,-1,0,1,0,0,0,1,0,0, ,0,1,0,0,0, ,-2,-1,1,-1,Fanta,1,0,0,0,0,0,0,0,0,0,0,0,0,0,0,0,0,1,0,0,1,0,1,0,1,0,0,1,0, ,1,5,Sie ist gut aber nicht die beste.,Fanta FritzVio,1,0,1,0,0,0,1,0,0,1,1,1,1,1,1,1,1,1,0,1,1,0,1, , , ,.65,.55,.6, , , ,1,8,1,2,1,2,.6,.85,.7,.35, , , , ,1,-2,2,-1,-1,1,-1,-1,-1,-1,0,1,-1,0,0,-1,1,-1,-2,-1,-1,1,0,1,1,1,1,-1,-1,-1,0,1,0,2,7,8,2,2,3,7,3,5,6,3,5,2,4,5,5,6,5,2,7,4,2,5,3,2,6,5,2,3,4,2,4,5,5,6,5,2,6,6,4,5,4,2,2,0,1,-1,1,1, , , , ,-2,1,-1,1,1, , , , , ,1,-1,-1,-1,0,-1,-1,1,1,0,2,0,1,0,-1,-1,-2,1, , , , , , , ,3,1, , ,1, , , ,1,2, , , , , ,2,0,0,0,-1,0,1,2,1997,4, ,3, ,0,-1,0,-1,-1,-1,0,0,0,0,1, ,1,0, ,0, ,5,5,0,1,49413,0,1,2,-.00938104642744345,-.981819438855761,-.314274562477987,-1.826639702873,-.282992738560255,1.15622343783385,.180638923107658,-.152014049826022,-.489881765205886,1,1
60,1,1,0, ,1,1,0,1,0, ,2,1, , , , , , ,2,1,-1,2,1,1,0,0,1,0,0, ,0,1,0,0,1, ,0,-1,-2,1,Fanta,1,0,0,0,0,0,0,0,0,0,0,0,0,0,0,1,0,0,1,0,0,0,0,1,1,0,1,0,0, ,1,8,Geschmack,"Fanta, Fritz, Vio",1,0,1,0,0,0,1,0,0,1,0,1,1,0,1,0,0,1,0,0,1,0,1, ,1, ,1.5,1.3,1.3, , , ,1,10,1,8,1,6,1,1.4,1.4,.5, , , , ,2,-2,2,0,1,2,-1,1,-1,-1,1,1,1,1,-1,-1,0,-2,-2,-1,-1,0,-1,1,0,2,2,2,2,-1,1,2,1,6,9,9, ,7,7,10,4,4, ,4,6,1,3,8, ,10,4,5,7,6, ,5,4,1,8,10, ,8,3,3,5,8, ,9,5,3,5,7, ,8,3,2,2,2,0,2,1,0, , , , ,-2,-2,-1,2,-1, , , , , ,2,-1,0,0,2,2,1,1,-1,-1,0,1,1,1,1,0,0,1, , , , , , , ,5,1, , , , ,1, ,3,2, , , ,2, , ,0,-1,1,1,2,0,-2,1996,4, ,3, ,1,-2,2,2,2,0,1,1,0,-1,1, ,1,0, ,0, ,4,4,0,1,48268,0,2,2,.58550964356665,-.268440467443166,-1.52084975268979,1.43844331706584,1.70818535848342,1.0637095086517,.750463216670305,-1.28483211937698,-.648971783574711,4,3
61,1,1,0, ,1,1,0,0,1, ,4,2, , , , , ,4,2,-1,1,2,0,0,0,0,0,0,0,probieren,1,0,1,0,1, , ,1,1, ,lecker,0,0,0,0,0,0,0,0,0,0,0,0,0,0,1,1,0,0,0,0,0,1,0,0,0,0,1,0,0, ,2,9,Schmeckt mir am besten,Fanta SinalcoVioFritz,1,1,1,0,0,0,1,0,0,1,1,1,1,0,1,0,1,1,0,0,1,0,1, ,1, , , , ,6,3,4,2,10,2,1,2,1, , , , ,.4,.8,.6,.3,1,0,-2,-2,-2,2,0,0,0,0,1,1,-2,1,0,-1,0,-2,-1,0,0,1,0,2,-1,0,0,-2,-2,1,0,1,1,3,10,5,5,6,5,9,6,5,3,1,4,2,4,3,6,9,5,3,8,4,3,5,5,6,7,3,2,4,6,1,3,7,3,8,3,4,4,4,3,9,3, , , , , , , ,1,-1,0,2, , , , , ,1,1,-1,-1,-1,1,-1,0,0,-2,-1,0,-2,0,0,0,1,-2,0,-1,-1,-1,2, , , , , , , ,1,1,1, , , , , ,3,1, , , ,1, , ,2,0,0,0,1,0,0,1993,4, ,3, ,1,0,1,1,1,0,0,0,0,0,1, ,1,0, ,0, ,4,4,0,1,48346,1,1,2,.17448287421509,-.159963374374201,-1.23460823867014,.278030253480824,.800420348326505,-1.1642694037603,-2.28434218052574,1.1372115780086,-1.03427034154141,2,2
62,1,1,0, ,0,1,0,1,1, ,5,1, , ,5, , , ,5,1,-2,1,1,0,0,0,1,0,0, ,1,1,1,0,1, ,-1,1,0,1,süß,0,0,0,0,1,0,0,0,0,0,0,0,0,0,0,0,1,1,1,0,1,0,0,0,0,0,1,0,0, ,1,7,"angenehme Farbe, sieht nicht so künhstlich aus, hochwertiges Design","Fanta, Sinalco, Fritz, Vio, Pepsi",1,1,1,0,0,0,1,0,1,1,1,0,0,0,1,0,0,1,0,1,1,0,1, ,3, ,1.1,1.5,1.5, , , ,1,9,1,10,1,6,1,1.3,1.2,.5, , , , ,1,1,0,0,1,0,-1,1,0,-1,-1,1,1,1,1,2,2,-2,0,1,1,2,0,1,1,2,1,-1,1,-1,2,1,1,2,4,6,6,4,6,10,4,4,4,5,6,1,4,4,6,9,8,2,7,5,2,6,3,3,5,9,4,5,6,1,2,6,6,5,4,1,4,5,7,7,5,2,2,2,2,2,2,2, , , , ,-1,-1,1,-2,1, , , , , ,0,-1,0,-1,0,-1,-1,1,1,1,1,1,0,0,0,-1,0,1, , , , , , , ,4,2, , , ,2, , ,3,2, , , ,2, , ,0,0,0,-1,0,0,1,1996,4, ,3, ,0,-2,0,1,2,2,0,-1,-1,0,1, ,1,0, ,0, ,3,3,0,1,49479,6,2,2,-.768227168237055,-.936930256736154,1.73598693676369,.840875149816253,.884339376860564,.791034390647111,-.402648106054785,1.58790124491195,-.405788187843374,3,2
63,1,0,0, , , , , , , ,3,1, , , , , , ,4,1,-1,1,0,0,0,0,0,0,1, ,0,1,1,0,0, ,1,-1,0,0,Fanta,1,0,0,0,0,0,0,0,0,0,0,0,0,0,0,0,0,0,0,0,1,1,0,1,1,0,1,0,0, ,1,2,entspricht nicht meiner Vorstellung einer Orangen Limo,FantaFritzVIOOrangina FreewayRiverSinalcoMirinda,1,1,1,1,1,0,1,1,0,1,1,1,1,1,1,0,1,1,0,1,1,0,1, , , ,.8, , , , , ,1,7,1,4,1,3,.7,1.1,.95,.45, , , , ,1,-1,2,-1,-1,1,1,0,1,1,2,1,0,0,-1,1,-1,-2,-1,-1,1,1,0,1,1,1,2,1,1,-2,2,0,1,7,6,6,5,5,8,9,5,5,6,3,5,2,2,4,3,2,4,5,9,8,2,3,3,2,5,7,1,4,7,1,1,1,3,1,1,1,1,3,3,3,2,0,2,1,2,1,2,2, , , , ,-1,1,-1,-1,2, , , , , ,1,-1,-1,0,-1,0,-2,2,1,1,1,1,1,0,-1,-1,-1,1, , , , , , , ,2,1, ,1, , , , ,4,1, , ,1, , , ,0,1,1,2,-1,-1,0,1996,4, ,3, ,1,0,-1,0,-1,-1,0,0,0,1,1, ,1,0, ,0, ,3,3,0,2,49090,2,1,2,.153056169438589,1.21714220616628,-1.16276070100907,-1.4985276816936,-.641686240244714,1.67380245532562,-.415692484677083,.11591333940171,-.414992121104607,1,1
64,1,1,0, ,1,1,0,1,0, ,5,2, , ,5, ,10, ,3,1,-1,2,1,0,0,0,1,0,1, ,0,1,1,0,1, ,0,-1,-2,0,"Fanta, Mirinda",1,0,0,0,0,0,0,0,0,0,0,0,0,0,0,1,0,1,1,0,1,0,0,0,0,0,1,0,0, ,2,4,Fanta kennen die meissten LeuteMuss nicht weiterempfohlen werden Kein Geheimtipp mehr,FantaMirindaFritz OrgangenlimoRiver FantaVio OrangenlimoOrangina,1,0,1,1,1,0,1,1,0,1,1,1,1,1,1,0,1,1,0,1,1,0,1, ,1, , , , ,3,4,2,2,6,2,4,2,3, , , , ,.7,1,.9,.5,-1,-2,1,1,1,0,1,1,0,1,1,2,-1,-1,1,1,1,-2,-1,-1,1,-1,1,2,-1,0,-1,-2,1,2,1,1,1,2,5,9,8,4,7,10,5,3,3,2,2,1,3,6,7,9,6,2,7,9,3,5,7,1,4,6,7,5,7,2,1,3,4,4,3,5,3,7,8,7,6, , , , , , , ,1,-1,2,-2, , , , , ,-1,1,-2,-1,-1,0,-2,0,-1,1,-1,-1,-1,1,1,-1,1,0,1,-1,0,0,2, , , , , , , ,1,2,2, , , , , ,1,2, , , , , ,2,2,1,1,-1,1,-1,1,1996,4, ,3, ,0,-1,1,1,1,-1,1,-1,-1,0,1, ,1,0, ,0, ,2,2,0,3,49090,3,1,2,-.397537207765998,.682311547999896,.472787799581291,-.29666990892483,-.432601806761437,.133830796654401,-.263016930443868,-1.49577897169599,.415580975271678,4,3
65,1,1,0, ,1,0,0,0,0, ,2,2, , , , ,5, ,5,0,0,0,1,0,0,0,0,0,0, ,0,1,1,0,0, ,-2,1,1,-2,strand,0,0,0,0,0,0,0,0,0,0,0,0,1,0,0,1,0,0,1,1,0,0,0,1,0,0,0,0,0, ,2,10,bekannte Marke,"Fanta, Fritz, Sinalco, Vilsa,",1,1,1,0,0,0,0,0,1,1,1,1,0,1,1,0,1,1,0,0,1,0,1, ,1, , , , ,4,5,1,2,10,2,4,2,1, , , , ,.5,1.2,1,.3,1,-2,1,-1,-1,2,-1,-1,-1,-2,-2,1,1,-1,-2,-2,-2,1,-2,-1,1,1,-2,2,-1,2,2,-2,-1,1,1,0,1,4,7,7,5,2,10,10,2,0,5,5,7,2,4,3,8,8,5,6,8,5,2,5,3,2,6,6,8,7,10,2,4,2,6,7,8,2,4,4,8,9,8, , , , , , , ,2,-1,-2,0, , , , , ,1,1,-1,-1,-1,1,-1,-1,1,-1,2,1,-2,1,-1,1,-1,-1,1,0,1,-2,2, , , , , , , ,5,1, , , , ,1, ,3,1, , , ,1, , ,1,-1,-1,-1,0,-1,1,1995,4, ,3, ,-1,-1,1,1,1,1,-1,1,-1,1,4, ,2,0, ,0, ,4,4,0,2,49090,0,1,2,.162931082755265,-1.78031427753023,-2.76648283047817,1.25697389562854,1.5865593265871,-.0468953658512351,-.659497258641416,-.818870594414599,2.0773860780113,4,3
66,1,1,0, ,0,1,0,0,0, ,1,2, , , , , , ,2,1,-1,1,1,0,0,0,0,0,0, ,0,1,0,0,0, ,-1,-2,1,0,Fanta,1,0,0,0,0,0,0,0,0,0,0,0,0,0,0,1,0,0,0,0,1,0,1,1,0,0,0,1,0, ,2,4,Zu süß,Frit,0,0,1,0,0,0,0,0,0,1,1,1,1,1,1,0,1,1,0,0,1,0,1, ,9, , , , ,1,2,2,2,2,2,5,2,6, , , , ,.45,.8,.65,.2,1,-2,1,-1,0,-1,-2,-1,1,1,1,1,-1,0,1,2,1,-2,0,-2,-2,0,0,2,-1,0,1,-2,1,0,0,1,0, ,4,6, , , , ,5,4, , , , ,3,5, , , , ,7,6, , , , ,6,7, , , , ,0,5, , , , ,0,4, , , , , , , , , , ,1,1,-1,0, , , , , ,1,1,-1,-1,-1,0,0,0,1,0,-1,-1,1,1,2,1,1,1,0,0,-1,0,2, , , , , , , ,6,2, , , , , ,2,4,2, , ,2, , , ,-1,1,0,2,0,0,0,1993,4, ,3, ,0,-1,1,1,1,1,0,0,0,2,5, ,2,1,"Haselnüsse, Walnüsse, Äpfel",0, ,1,1,0,3,49080,1,1,2,.813692799122172,.579620440849235,.786628590688923,.626073687639966,-.317842960952576,.635623441755685,-.352190196458099,-.972328532320651,-1.75276177136188,4,3
67,1,1,0, ,1,1,0,0,0, ,2,1,1, , , , , ,2,0,-2,2,1,1,0,0,0,0,1, ,0,1,1,0,0, ,0,1,2,2,süßer Geschmack,0,0,0,0,1,0,0,0,0,0,0,0,0,0,0,1,0,0,0,0,1,0,0,1,1,0,1,0,0, ,1,6,starke orangene Farbe,"Fanta, Fritz, River, Miranda, Vio Bio",1,0,1,1,0,0,1,1,0,1,1,1,0,1,1,0,1,1,0,1,1,0,1, ,9, ,1.8,2,2.2, , , ,1,9,1,9,1,9,1.5,2.5,2,1.2, , , , ,2,-2,1,1,0,1,0,0,1,0,1,1,1,1,0,0,1,-1,-1,0,1,2,1,1,-2,0,0,2,1,0,1,1,1,2,3,2,1,4,4,10,6,3,4,2,2,2,2,2,2,5,3,0,8,5,1,4,2,2,5,7,2,5,9,2,2,2,2,4,4,2,3,3,3,8,2,2,0,2,2,2,2,2, , , , ,-1,1,1,2,-1, , , , , ,-1,0,-1,0,-1,-1,0,1,0,1,1,1,1,1,0,0,1,1, , , , , , , ,2,1, ,1, , , , ,4,1, , ,1, , , ,-1,0,-1,1,-2,1,0,1997,4, ,3, ,-1,-1,0,1,1,0,1,1,1,1,5, ,2,0, ,0, ,2,2,0,2,49504,0,2,2,1.4130768430848,.414909784029051,-.679138004752049,.420492972325621,-.250514666157143,1.01140911178973,.239136291653997,1.03725947566469,-.0472827489908561,3,2
68,1,0,0, ,0,0,0,0,0, ,3,2, , , , , , ,2,1,-1,2,1,0,0,0,0,0,0, ,0,1,0,0,0, ,0,-1,1,-1,fanta,1,0,0,0,0,0,0,0,0,0,0,0,0,0,0,1,0,0,0,0,1,0,1,0,0,0,0,0,0,prickelnd,2,3,ich empfehle selten Brause weiter,"FantaSchweppsVio Bio LimoJa, gut und günstig, etc.",1,0,0,0,0,0,1,1,1,1,1,1,0,1,1,0,1,1,0,0,0,0,1, , , , , , ,4,5,5,2,2,2,5,2,5, , , , ,.7,1,.8,.4,1,-2,1,-2,-1,0,1,-2,-1,0,0,0,1,2,2,0,1,-2,-1,-1,1,1,1,2,-2,1,0,-1,2,1,1,2,0,2,6,10,2,8,2,10,4,0,8,3,10,0,1,5,2,5,2,6,1,9,2,6,2,1,3,5,1,6,1,0,0,2,0,2,0,1,4,6,4,5,1, , , , , , , ,2,-1,-1,-1, , , , , ,1,1,-1,1,-1,1,-1,-1,-1,0,-2,-2,-1,0,1,-1,1,0,1,-1,-1,0,2, , , , , , , ,2,1, ,1, , , , ,1,2, , , , , ,2,-2,0,-1,2,2,-1,-1,1996,4, ,3, ,-1,-2,0,2,2,1,0,-1,-1,0,5, ,2,0, ,0, ,5,5,0,3,49080,1,2,2,-.468787775217499,-.889230291914738,.581766064886281,1.35261714086945,-1.30422992055159,1.06879719141808,-.245954026813021,-.000543022645594115,-.17179316740268,3,2
69,1,1,0, ,0,1,0,1,0, ,3,1, , , , , , ,3,1,-2,1,1,0,0,0,0,0,1, ,0,1,1,0,0, ,-2,2,0,0,Fanta,1,0,0,0,0,0,0,0,0,0,0,0,0,0,0,0,0,0,0,0,1,0,0,0,1,0,1,0,0, ,1,7,Sieht ansprechend aus. Glasflaschen sind gut für die Umwelt,"Fritz, Fanta, Sinalco, Vio",1,1,1,0,0,0,1,0,0,1,1,1,1,0,1,0,0,1,0,0,1,0,1, ,1, ,.95,.95,.95, , , ,1,9,1,7,1,4,.95,1.2,1.2,.3, , , , ,-1,-2,-2,1,1,-1,2,1,0,-1,0,2,-2,0,1,1,2,-2,-1,-1,-2,-1,1,1,1,1,2,2,2,-2,1,2,2,2,4,8,5,8,10,10,3,1,6,0,1,0,0,0,0,1,1,5,5,9,6,7,0,0,2,9,4,7,8,0,1,6,4,8,6,0,0,10,4,7,8,-1,-1,-2,0,-1,2,2, , , , ,-2,1,2,-2,1, , , , , ,1,-2,0,2,-2,-1,-2,1,-1,2,1,2,2,-1,-1,-2,-1,1, , , , , , , ,4,1, , , ,1, , ,5,1, ,1, , , , ,-2,0,1,2,1,2,1,1996,4, ,3, ,0,-2,1,2,-1,-2,-2,-1,-1,-2,5, ,2,0, ,0, ,6,6,0,3,49078,2,2,2,-1.88962896529626,-.300551174435039,.887314510355429,-1.06653746489474,-.34720843464598,-1.73944172077776,.741907852045259,-1.23806114307094,-.847611150937004,3,2
70,1,1,0, ,1,1,0,1,0, ,3,2, ,1, , ,1, ,3,1,-2,0,1,0,0,0,0,0,1, ,0,1,1,0,0, ,0,0,1,2,fruchtiges Getränk (orange),0,0,0,0,0,0,1,0,0,1,0,0,0,0,0,1,1,0,1,0,0,0,0,0,1,0,1,0,0, ,2,5,kleine flasche,fante viofritzsinalco,1,1,1,0,0,0,1,0,0,1,1,1,1,1,1,0,1,1,0,0,1,0,1, ,3, , , , ,2,2,2,2,4,2,3,2,4, , , , ,.5,.7,.7,.25,1,-2,1,1,1,0,-2,-1,0,0,1,1,0,1,1,1,1,-2,1,-2,-2,1,1,2,0,1,1,-2,1,0,1,1,0,2,5,6,2,5,5,8,5,5,7,4,4,2,3,6,2,8,6,4,5,6,4,7,6,2,3,5,3,5,4,1,2,3,2,3,3,1,2,3,2,3,2, , , , , , , ,1,-2,0,1, , , , , ,-1,-1,1,-1,-1,-1,-1,-1,1,-1,1,-1,1,1,1,1,1,1,0,-1,-1,1,2, , , , , , , ,5,2, , , , ,2, ,2,2, , , , ,2, ,-1,0,1,1,0,-1,0,1992,4, ,3, ,0,-1,0,1,1,0,-1,-1,-1,-1,5, ,2,0, ,0, ,1,1,0,3,49090,0,1,2,-1.07167866790931,.198422755078213,.374294084295608,.158122443835157,.599254847698548,.597743037612105,.919935908970749,-.775653057444223,-1.52986884347668,3,2
71,1,1,0, ,0,1,0,1,0, ,3,1, , , , ,1, ,2,1,-2,0,1,1,0,0,0,0,1, ,1,0,0,0,0, ,1,-1,0,0,"Fanta, süß, zuckerhlatig",1,0,0,0,1,0,0,0,1,0,0,0,0,0,0,1,1,1,1,0,1,0,0,0,0,0,0,0,0, ,1,7,"warmes orange, angenehm gestaltetes Etikett, nicht aufdringlich","Fanta, Vio, Fitz",1,0,1,0,0,0,1,0,0,1,1,0,1,1,1,1,1,1,1,0,1,0,1, ,1, ,.8,.7,.8, , , ,1,6,1,6,1,6,.8,1.1,1,.5, , , , ,0,-1,1,-1,1,0,1,1,0,0,0,1,1,0,0,1,1,0,0,1,1,1,1,1,2,2,1,1,1,-1,1,2,1,4,5,6,4,4,6,8,5,4,3,4,4,4,4,5,3,6,4,3,6,3,5,6,5,1,5,7,4,6,7,4,4,5,4,5,4,4,5,6,4,5,5,-2,2,-2,2,0,2,2, , , , ,-2,-1,1,-1,-1, , , , , ,1,0,0,1,-1,0,-1,0,1,1,1,1,0,1,0,0,1,1, , , , , , , ,6,1, , , , , ,1,2,1, , , , ,1, ,0,1,-1,0,1,-1,-1,1997,3, ,3, ,0,-1,0,1,1,0,0,1,0,0,3, ,1,1,Kamille,0, ,6,6,0,1,33803,0,2,2,.248070292889716,-.0589527274601791,.231443295832948,.204578165242131,.330747602635283,.13864742033928,.266919860194515,.353294436616305,1.5495770278488,4,3
72,1,1,0, ,1,1,0,0,0, ,1,2, , , ,1, , ,2,2,-2,1,1,0,0,0,1,0,1, ,0,1,1,0,0, ,1,-2,1,-1,Zucker,0,0,0,0,0,0,0,0,1,0,0,0,0,0,0,1,1,0,0,0,1,0,1,0,0,0,1,0,0, ,2,6,er wird das Produkt schon kennen. Keine Empfehlung notwendig,"Fanta, Fritz, Vio-Limo",1,0,1,0,0,0,1,0,0,1,0,1,0,1,1,0,1,1,0,0,1,0,1, ,11, , , , ,1,2,3,2,4,2,3,2,6, , , , ,.5,1,.8,.3,0,-2,-2,-2,0,-2,2,-1,2,1,2,1,0,-1,2,1,1,-2,0,0,-1,0,1,2,-2,-1,0,-2,1,1,-2,-1,0,6,4,7,2,9,6,8,8,5,8,3,3,1,0,3,3,7,3,5,7,8,5,4,0,1,3,9,3,7,7,2,3,4,3,5,2,2,0,6,3,7,3, , , , , , , ,-1,1,1,1, , , , , ,-1,-2,-2,1,-2,-1,-1,0,1,-2,-2,-2,-1,1,1,0,1,-1,-1,0,0,1,2, , , , , , , ,2,1, ,1, , , , ,6,3,3, , , , , ,-1,1,2,0,-1,2,1,1997,4, ,3, ,0,1,1,2,1,1,0,0,0,0,5, ,2,0, ,0, ,2,2,0,3,49090,1,2,2,.277905344662415,1.39142035750043,.306692976781518,.921939458999057,-1.20251497291017,-1.4837741223592,.800957485132605,.233138143216363,-.906459127887932,3,2
73,1,1,0, ,0,1,0,1,0, ,1,1, , , , , , ,1,1,-1,0,1,1,0,0,0,0,1, ,0,1,0,0,0, ,1,-2,2,0,Fanta,1,0,0,0,0,0,0,0,0,0,0,0,0,0,0,0,0,0,1,0,1,0,1,1,0,0,0,0,1, ,1,7,Etikett auf der Glasflasche,FantaDeitVioG&G,1,0,0,0,0,0,1,0,1,1,1,0,0,1,1,1,0,1,0,0,1,0,1, ,9, ,1,1.2,1.5, , , ,1,8,1,5,1,2,1.5,2.5,2,.5, , , , ,2,-2,0,-2,0,1,-2,-2,-1,-2,-1,1,0,0,1,1,1,-1,-1,-1,-1,1,0,1,1,1,1,1,1,-1,1,1,1,5,6,7,7,8,5,7,5,5,5,5,5,3,5,6,7,7,4,3,5,7,6,5,5,3,7,8,3,7,3,3,4,5,6,5,5,3,5,5,7,7,5,0,2,0,0,0,2,2, , , , ,-2,1,1,-1,2, , , , , ,1,-2,0,-1,-1,-1,-2,1,0,1,0,1,1,0,0,0,0,1, , , , , , , ,2,2, ,2, , , , ,5,2, ,2, , , , ,-1,1,0,0,1,0,0,1996,6, ,3, ,1,-1,0,-1,-2,-1,1,1,0,0,3, ,1,0, ,0, ,5,5,2,1,32469,0,2,2,.645791555484627,-1.45111889972874,.915802627456313,-2.26723318006017,-.794145443514544,.745910085098981,-.0915311971487314,.240608559203639,-.597354123942005,1,1
74,1,1,0, ,0,1,0,1,0, ,4,1,1, , , , , ,4,2,-1,0,1,0,0,0,0,0,1, ,0,1,1,0,0, ,0,-1,-1,0,Erfrischung,0,1,0,0,0,0,0,0,0,0,0,0,0,0,0,1,0,1,1,0,0,0,0,1,0,0,0,0,0, ,1,3,Selten im Laden gesehen.,FantaFritz-Kola,1,0,0,0,0,0,0,0,0,1,1,1,1,1,1,0,0,1,0,0,0,0,1, ,1, ,1,1,.8, , , ,1,6,1,5,1,4,.8,1.5,1,.3, , , , ,1,-2,0,0,0,1,0,0,0,-1,0,1,0,1,0,-1,1,-1,-1,-1,1,0,0,1,0,1,1,0,0,-1,1,1,0,3,5,6,3,5,8,10,3,2,5,3,3,2,3,3,3,3,3,4,5,4,3,4,4,1,5,7,2,2,8,3,3,3,3,3,3,5,5,5,5,5,5,-1,1,0,2,1,1,1, , , , ,1,1,-1,-1,1, , , , , ,1,0,-1,0,-1,1,0,-1,0,0,0,1,-1,0,1,-1,-1,1, , , , , , , ,1,1,1, , , , , ,4,1, , ,1, , , ,0,0,0,0,1,-1,2,1995,4, ,3, ,1,-1,0,1,1,1,0,0,0,1,1, ,1,0, ,0, ,4,4,0,3,49088,2,1,2,.463126103635784,-.396906905122322,-.606425528424895,.833026608568265,.774163478879409,.188925421253748,.660134337472383,-.971264053143374,.871961972114412,4,3
75,1,1,0, ,0,0,0,0,0,Restaurant,3,1, , , , ,1, ,5,-1,-2,0,1,0,0,0,0,0,1, ,1,1,0,0,1, ,0,-2,-2,2,Die Sinalco schmeckt,0,0,0,0,0,0,0,0,0,0,0,0,0,0,1,1,1,0,0,0,1,0,0,0,0,0,1,0,0, ,1,4,Eine andere Limonade schmeckt mir persönlich besser als die von der Marke Fritz,Fanta Sinalco Fritz KastellFreewell,1,1,1,0,0,0,1,0,1,1,1,1,0,1,1,0,1,1,0,0,1,0,0, ,2, ,1.5,1.2,.8, , , ,1,7,1,7,1,3,1,2,1.6,2.5, , , , ,2,-1,0,-1,-1,2,-2,1,0,-1,0,1,1,1,0,-1,0,-2,-2,-1,1,1,-1,1,-1,1,0,1,2,-1,1,2,2,6,6,2,3,4,3,7,3,2,7,2,4,2,2,3,3,5,2,0,7,7,0,0,1,3,3,9,2,3,8,1,2,2,5,3,3,0,1,7,4,4,4,-2,2,-1,2,0,1,1, , , , ,-1,1,1,-1,1, , , , , ,1,0,-1,0,1,-1,-2,-1,-2,-2,-2,-2,-2,0,1,-2,0,1, , , , , , , ,3,1, , ,1, , , ,5,1, ,1, , , , ,0,-1,-1,-1,0,0,1,1996,4, ,3, ,0,-1,-1,1,0,1,0,-1,-2,-2,1, ,1,0, ,0, ,5,5,0,1,47665,1,1,2,-1.48899022469014,-.555499387091431,-1.23667453383741,.139850359971889,-.797651894852082,.931572357908305,-.35484994834738,.102991971927642,-.613163717678661,3,2
76,1,0,0, , , , , , , ,2,1, , , , , , ,5,1,0,2,0,0,0,0,1,0,1, ,0,1,0,0,0, ,0,-1,1,-1,Zuckerwasser,0,0,0,0,0,0,0,0,1,0,0,0,0,0,0,0,0,1,1,0,1,0,1,0,1,0,0,0,0, ,1,3,Ich empfehle Getränke idR gar nicht weiter,"Fanta, Bionade",1,0,0,0,0,1,0,0,0,0,0,0,1,1,1,0,1,1,0,0,1,0,1, , , ,1,.8,.8, , , ,1,6,1,5,1,5,1,1.8,1.2,.6, , , , ,0,-2,1,-2,0,1,-2,0,-1,-2,-1,1,1,1,0,1,0,-1,-2,0,0,-1,-1,1,0, ,-1,1,-2,-2,-1,0,-1,3,6,1,3,7,6,8,3,7,9,6,8,3,5,4,7,9,8,4,8,3,7,3,6,2,6,5,4,3,5,7,3,8,2,8,7,7,5,8,7,8,6,2,2,0,2,2,2,2, , , , ,-1,1,1,-1,-1, , , , , ,1,-2,0,0,-1,-1,-2,0,1,1,1,-1,1,-1,-1,-1,-1,1, , , , , , , ,5,1, , , , ,1, ,3,1, , , ,1, , ,0,-1,0,-1,1,0,1,1994,4, ,3, ,1,0,0,-1,-1,0,-1,0,0,0,4, ,2,0, ,0, ,5,5,0,1,48496,0,1,2,-.392743878884557,-1.22187087627623,.355195106829023,-1.53153547417962,-.890567473994618,.462477027538608,-1.34981483855657,-1.03915161354014,.933824388382141,1,1
77,1,1,0, ,0,1,0,1,0, ,3,1, , , , ,1, ,5,0,-1,1,1,1,0,0,0,0,1, ,0,1,0,0,0, ,2,-2,1,1,Fanta,1,0,0,0,0,0,0,0,0,0,0,0,0,0,0,0,0,0,0,0,1,1,1,0,0,0,0,0,0, ,1,4,zu teuer,"River, Fanta, Fritz, Meriva",1,0,1,0,0,0,0,1,1,1,0,0,0,0,1,0,0,0,0,0,1,0,0, ,1, ,1.2,1.5,1.5, , , ,1,10,1,7,1,8,1,1.55,1.5,.5, , , , ,1,-2,1,-2,-1,1,0,1,-1,-1,0,1,-1,1,0,0,0,-2,-1,1,-1,1,1,1,1,1,1,1,0,-1,1,1,0,3,3,6,4,6,3,10,4,2,5,4,10,3,4,6,3,8,3,3,8,5,3,4,3,5,6,8,3,6,5,3,3,5,3,5,3,6,7,7,3,6,6,1,2,0,1,2,2,1, , , , ,-2,1,-1,-1,1, , , , , ,1,0,-1,0,-1,-1,-1,1,0,0,0,0,1,0,1,0,0,1, , , , , , , ,3,1, , ,1, , , ,2,1, , , , ,1, ,-1,0,0,0,1,-1,1,1995,4, ,3, ,-1,-1,1,1,1,1,-1,-1,-1,0,4, ,2,0, ,0, ,5,5,0,1,27442,0,2,2,-.771087944602108,-1.00455170124821,-.543937816941071,.57252172572908,-.490692737521061,.470785513473342,-.740309121168995,.845091146328147,-.838521578875787,3,2
78,1,0,0, , , , , , , ,1,1, , , , , , ,5,2,-2,1,1,0,0,0,0,0,1, ,0,1,1,0,0, ,2,-1,1,0,Fanta,1,0,0,0,0,0,0,0,0,0,0,0,0,0,0,0,0,1,0,0,0,0,1,1,1,0,0,0,1, ,1,1,Kenne das Produkt nicht,"Fanta, Sinalco, Pepsi, Fritz, Miomate",1,1,1,0,0,0,0,0,1,1,1,1,1,1,1,0,0,1,0,0,1,0,0, , , ,1,1,1, , , ,1,10,1,5,1,5,1,1.5,1.3,.3, , , , ,2,-2,-1,-1,-1,2,1,-1,-1,1,0,1,1,1,1,0,1,-1,-2,1,0,1,1,1,0,1,1,0,0,0,1,0,0,8,7,7,6,5,2,9,6,3,3,3,9,4,3,8,3,7,3,3,8,8,8,3,3,3,7,7,7,7,2,3,1,1,1,3,2,5,5,7,5,7,5,2,2,-2,1,1,2,2, , , , ,-2,-2,2,-2,2, , , , , ,1,-1,-1,-1,-1,-1,-1,1,1,1,-2,1,-2,1,1,-2,-2,1, , , , , , , ,6,2, , , , , ,2,5, , , , , , , ,0,0,-1,1,1,1,1,1995,4, ,3, ,-1,-2,-1,1,1,1,-1,-1,0,1,4, ,2,0, ,1, ,2,2,0,1,49751,0,1,2,-.0948212977392765,-.466010238515514,.0192401564924253,.494215774605772,-.326702999635608,-.0877367220437333,.922281351768009,1.35154203936985,.00460408198683684,3,2
79,1,0,0, , , , , , , ,1,1, , , , , , ,5,2,-2,1,1,1,0,0,0,0,1, ,0,1,0,0,0, ,0,-1,-1,1,"süß, künstlicher Geschmack",0,0,0,0,1,1,0,0,0,0,0,0,0,0,0,1,1,0,1,0,1,0,0,0,0,0,0,0,0, ,1,6,"teuer, Name wird mitbezahlt","Fanta, fitz, vio",1,0,1,0,0,0,1,0,0,1,1,1,0,0,1,0,0,1,0,0,1,0,0, , , ,.5,.5,.6, , , ,1,5,1,3,1,6,.5,.75,.7,.3, , , , ,-1,-2,-1,-1,0,1,-1,0,1,-1,1,1,0,0,2,1,2,0,0,1,-1,2,2,1,1,1,1,1,1,1,0,0,0,1,7,7,4,7,3,8,4,2,3,3,6,2,4,6,3,6,4,3,4,6,5,5,4,3,6,7,4,7,3, ,2,3,4,4,4,3,5,5,4,7,3,-2,2,1,1,0,2,2, , , , ,-1,1,1,-2,1, , , , , ,-1,0,0,-1,-1,0,-2,1,1,1,1,1,1,0,-1,-1,1,1, , , , , , , ,4,3, , , ,3, , ,3,2, , , ,2, , ,-1,0,-1,1,1,-1,2,1996,4, ,3, ,-1,-1,1,1,1,0,-1,0,0,0,4, ,2,0, ,2, ,1,1,0,2,49090,0,2,2,-.138566390279776,.000741399414798175,1.14664636482468,.167186365938759,-.317924154363358,-1.60118573277193,1.07645302429169,1.23838873873023,.70153320068661,3,2
80,1,0,0, , , , , , , ,3,2, , , , , , ,5,0,-1,2,1,0,0,0,0,0,0, ,0,0,0,0,1, ,-1,1,0,2,erfrisches getränk,0,1,0,0,0,0,0,0,0,0,0,0,0,0,0,1,1,0,0,0,1,0,0,0,1,0,1,0,0, ,2,3,"Glasflasche, wenig inhalt","Fanta, Sinalco, Fritz, Vio, mirinda,",1,1,1,1,0,0,1,0,0,1,0,1,1,1,1,0,0,1,0,0,1,0,1, , , , , , ,6,6,6,2,10,2,9,2,9, , , , ,1,1.01,1,.4,1,-1,1,0,1,0,1,-1,1,1,2,1,1,0,0,-1,1,-1,-2,-1,0,1,2,2,1,2,2,-2,-1,-2,0,2,1,6,8,10,1,4,8,10,5,0,5,1,3,0,2,9,8,10,7,1,0,0,4,5,8,0,10,10,7,10,9,0,3,9,8,10,10,0,5,10,5,10,4, , , , , , , ,0,2,1,0, , , , , ,2,2,-2,-1,1,1,1,0,0,1,-1,-2,-1,1,1,-1,2,0,0,-1,-2,0,2, , , , , , , ,4,2, , , ,2, , ,4,3, , ,3, , , ,-1,1,1,0,-1,1,-2,1993,4, ,3, ,-1,-2,1,1,-2,-1,-1,-1,-1,-2,1, ,1,0, ,0, ,4,4,0,2, ,0,1,2,-1.70581495728169,1.49190777088484,-.686715397687996,-1.67874093506651,-.505502592033912,.843697043704691,-.508523362331433,-.0939882093620611,.011153151405877,1,1
81,1,1,0, ,1,0,0,1,0, ,4,1, , , , ,1, ,5,-1,0,2,1,0,0,0,0,0,0, ,0,1,0,0,0, ,0,-1,2,-1,süßdetränk,0,0,0,0,1,0,0,0,0,0,0,0,0,0,0,0,0,0,0,0,0,1,1,0,0,0,0,0,0, ,1,3,unbekanntes getränk,fanta,1,0,0,0,0,0,0,0,0,1,1,0,0,1,1,0,1,1,0,0,1,0,1, ,1, ,.98,.77,.5, , , ,1,8,1,4,1,2,.6,1,.8,.3, , , , ,-2,-1,0,-1,1,1,-1,-1,0,-2,0,1,0,0,1,1,1,-1,-2,-1,0,0,1,1,-2,1,0,1,1,-1,0,0,0,4,8,3,2,1,5,5,4,3,5,3,4,7,4,7,5,4,5,5,7,6,3,3,3,6,6,8,6,5,6,2,6,5,4,8,2,4,5,8,3,8,7,0,1,-1,0,2,2,2, , , , ,-1,1,-1,-2,1, , , , , ,2,-1,0,-1,0,-1,0,1,0,1,0,1,-1,0,-1,-1,-2,1, , , , , , , ,5,1, , , , ,1, ,2,2, , , , ,2, ,-1,0,0,0,1,1,0,1995,4, ,3, ,1,0,0,-1,-1,0,0,0,1,1,4, ,3,0, ,0, ,5,5,0,1,49832,0,1,2,.521921235872766,-.563196588623477,.851356082725778,-1.45196880235019,.536470962192168,-.96811578867638,-2.37910479903087,-.956224324835836,.252692958075405,2,2
82,1,0,0, ,0,0,0,0,0, ,1,2, , , , , , ,5,2,-2,2,1,0,0,0,1,0,0, ,0,1,0,0,0, ,2,-2,1,0,Fanta,1,0,0,0,0,0,0,0,0,0,0,0,0,0,0,0,0,0,0,0,1,0,0,0,0,0,0,0,0, ,2,3,zu zuckerhaltig,Fantafritz,1,0,1,0,0,0,0,0,0,1,1,0,0,0,1,0,0,0,0,0,0,0,0, , , , , , ,1,2,1,2,10,2,9,2,9, , , , ,.75,.8,1.2,.2,1,-2,-1,-2,-1,1,-2,0,0,-1,0,1,0,0,2,1,1,-1,-1,0,0,2,0,2,1,-1,-1,-2,0,1,-1,1,0,1,1,3,2,3,3,8,4,4,6,2,5,1,1,6,1,5,2,2,2,2,1,2,3,5,5,5,2,5,5,0,0,3,1,4,4,1,1,6,0,6,4, , , , , , , ,1,-1,1,-2, , , , , ,-1,2,1,1,-1,1,0,1,0,-1,-1,-2,0,0,1,-1,1,0,0,-1,-1,-1,2, , , , , , , ,2,1, ,1, , , , ,6,1,1, , , , , ,-1,0,0,1,0,0,1,1994,4, ,3, ,0,-1,0,0,0,0,1,1,0,0,4, ,2,0, ,0, ,4,4,0,1,49549,0,2,2,.802270964111032,-.788951615538845,.786665989098797,-.613436226693393,-.918559789895578,-.308979314508844,1.05298597103907,1.32732520755631,-.198121693770199,3,2
83,1,1,0, ,1,1,0,1,0, ,2,1, , , , , , ,5,1,0,0,1,0,0,0,0,0,1, ,0,1,1,0,0, ,2,-1,2,2,nicht an Fanta sondern an andere Limonaden .,0,0,0,0,0,0,0,0,0,0,0,0,0,0,1,1,1,0,0,0,1,0,0,0,1,0,1,0,0, ,1,5,kenne den Geschmack nicht,FantaFritzVökelBionadeBiozisch,1,0,1,0,0,1,0,0,1,1,1,0,0,0,1,0,0,1,0,0,1,0,1, ,1, ,.5,.5,.5, , , ,1,1,1,1,1,1,.55,.65,.6,.35, , , , ,2,-2,2,1,2,2,2,2,2,0,1,1,0,2,0,0,0,-1,-2,0,1,0,-1,1,1,2,2,2,2,0,2,2,1,3,3,7,7,7,3,10,5,1,1,4,7,2,2,7,7,7,2,3,7,8,8,8,3,2,3,8,6,6,2,2,2,7,7,7,2,2,2,6,6,4,2,2,2,2,2,2,2,2, , , , ,1,1,-1,-2,1, , , , , ,1,-1,-1,-1,-1,-1,-1,0,-1,-1,-1,1,0,-1,-1,-1,-2,1, , , , , , , ,1,2,2, , , , , ,2,2, , , , ,2, ,-1,-1,-1,0,1,0,1,1993,5, ,3, ,-1,-2,1,2,2,2,-2,-2,-2,-2,4, ,2,0, ,0, ,5,5,0,1,29571,0,2,2,-2.42332118887987,1.32795037923083,-.621960875071474,1.49044398808294,-.472973279965023,1.62130463830679,-.986565850507023,-.646415901820605,1.33067817846473,3,2
84,1,1,0, ,1,1,0,1,0, ,1,2, , , , ,1, ,4,2,-1,2,1,1,0,0,0,0,1, ,0,1,0,0,0, ,1,-2,1,1,"fruchtig, erfrischend",0,1,0,0,0,0,1,0,0,0,0,0,0,0,0,1,0,0,0,0,1,0,0,0,1,0,0,0,0, ,2,7,schmeckt gut, , , , , , , , , , ,1,1,1,1,0,1,0,0,1,0,0,1,0,0,"Biozisch, Vökel, Bionad",1, , , , ,4,2,1,2,2,2,2,2,1, , , , ,1,2,1.5,.4,0,-2,0,-1,-1,1,-2,0,-1,-1,0,2,0,0,1,1,2,1,-2,0,0,2,2,2,0,1,1,-1,-1,0,0,1,0,6,8,7,4,3,6,9,5,4,5,3,5,5,5,3,3,5,4,2,3,7,4,4,3,2,8,7,1,7,8,1,1,3,3,6,4,3,5,6,5,5,5, , , , , , , ,1,-2,0,0, , , , , ,-1,-1,1,-2,-1,1,0,0,1,-1,-1,-2,0,0,1,0,1,1,0,-1,-1,-2,2, , , , , , , ,5,1, , , , ,1, ,3,1, , , ,1, , ,-1,0,0,1,0,-1,2,1994,4, ,3, ,0,0,1,1,1,0,0,2,1,2,4, ,2,0, ,0, ,6,6,0,1,48432,0,2,2,1.68122263428688,-1.32833788188753,1.18996919048443,.466525431099734,-.788536901629267,-.441362802779231,.270907663687081,.793586990503513,1.48500878853201,4,3
85,1,0,0, , , , , , , ,1,1, , , , , , ,4,2,-2,1,1,0,0,0,1,0,1, ,0,1,0,0,0, ,2,-2,-1,1,trinke Fanta sei bambudscha,1,0,0,0,0,0,0,0,0,0,0,0,0,0,1,1,0,0,0,0,1,0,0,1,0,0,0,1,0, ,1,8,schönes design,vio fanta fritz schweppes,1,0,1,0,0,0,1,0,1,1,1,0,0,0,1,0,0,0,0,0,0,0,0, , , ,1.2,1.5,1.5, , , ,1,10,1,10,1,10,1.5,1.8,1.7,.9, , , , ,-2,-2,-2,-2,0,2,-1,1,2,1,1,1,2,0,2,-2,1,2,0,0,2,1,1,1,1,1,0,-1,2,0,1,2,1,0,7,6,9,3,7,10,5,3,2,3,3,0,4,7,8,8,8,3,10,8,7,5,1,0,10,10,9,3,6,0,1,4,7,6,4,1,5,8,9,6,5,-1,2,-1,2,2,2,2, , , , ,-1,2,-2,2,2, , , , , ,2,-2,1,1,0,-1,-2,-1,-2,1,2,2,1,1,-1,-2,-2,1, , , , , , , ,5,1, , , , ,1, ,1,2, , , , , ,2,1,-1,-1,0,1,-2,2,1994,4, ,3, ,0,-2,-1,2,1,-1,-1,-2,-2,-2,4, ,2,0, ,0, ,3,3,0,3,49088,2,2,2,-2.16570712318793,1.19420454648645,-.778431262736418,.131722914502535,-.59730493590487,-2.72428566037162,1.58512066251812,.148431411313692,3.53307978341972,4,3
86,1,1,0, ,0,1,0,1,1,"Club, Wodka Fanta",4,1, , , , ,2, ,5,0,2,1,1,0,0,0,1,0,0, ,0,1,1,0,0, ,-1,1,2,1,"Trinke Fanta, lebe bunter",1,0,0,0,0,0,0,0,0,0,0,0,0,0,0,1,0,1,1,0,0,0,1,0,0,0,0,1,0, ,1,6,schmeckt mir nicht so gut,"Fanta, Vio Bio, Sinalco, Fritz, Orangina",1,1,1,0,1,0,1,0,0,1,1,1,0,1,0,0,1,1,0,0,1,0,1, ,1, ,1,1,1, , , ,1,10,1,7,1,9,.6,1.1,1,.7, , , , ,2,-2,1,0,0,1,1,1,2,2,2,2,2,0,-1,-1,0,-2,-2,-2,-1,1,0,1,2,1,1,1,1,-1,1,1,1,3,8,8,8,8,7,10,5,2,3,3,5,3,5,8,8,8,4,2,7,8,5,5,5,3,8,7,7,9,9,3,4,5,5,7,6,3,6,6,8,8,5,-2,1,-1,2,0,2,2, , , , ,-2,-2,1,2,1, , , , , ,1,-2,2,0,-1,2,1,-2,1,0,0,0,1,0,0,0,-2,1, , , , , , , ,2,1, ,1, , , , ,1,1, , , , , ,1,0,1,0,1,0,1,1,1996,4, ,3, ,1,-1,0,1,1,1,1,2,1,2,1, ,1,0, ,0, ,2,2,0,1,58730,1,1,2,2.28956444316328,1.92432600711062,-1.79849260772262,1.14251487352778,1.40866433728152,.609645640571902,-1.89618328355394,-.594591392067971,-1.27491224350457,2,2
87,1,0,0, ,0,0,0,0,0, ,1,2, , , , , , ,2,2,-2,1,1,0,0,0,0,0,0, ,0,1,0,0,0, ,2,-2,2,-2,Fanta,1,0,0,0,0,0,0,0,0,0,0,0,0,0,0,0,0,0,0,1,1,0,1,0,1,0,0,1,0, ,2,0,Fanta ist aufgrund der enthaltenen Zuckermenge viel zu süß.,"Fritz, Vio, die Limo",0,0,1,0,0,0,1,0,1,1,0,0,0,1,1,0,1,1,0,1,1,0,1, , , , , , ,3,6,5,2,4,2,6,2,6, , , , ,.75,1.5,.99,.45,-1,-2,-2,-2,0,-2,-2,-2,0,0,1,1,0,0,2,2, ,-2,2,0,1,2,2,2,-2,-1,1,-2,2,2,2,1,-2,0,6,7,6,8,6,10,2,4,8,5,3,0,0,8,8,9,0,8,7,7,0,6,0,0,0,10,3,2,8,0,0,1,0,1,0,0,0,6,6,5,0, , , , , , , ,-2,0,-2,-2, , , , , ,2,2,-1,-2,-1,-2,0,0,0,0,-2,-2,2,1,1,1,1,2,-2,-2,-1,2,2, , , , , , , ,1,2,2, , , , , ,3,2, , , ,2, , ,-2,0,-1,2,0,-2,2,1988,4, ,3, ,-1,-2,0,0,-2,0,-2,0,-1,-2,5, ,2,0, ,1, ,1,1,0,3,49082,3,2,2, , , , , , , , , , , 
88,1,1,0, ,0,1,0,0,1, ,2,2, , ,2, ,1, ,2,1,-1,0,0,0,0,0,0,0,1, ,0,1,0,0,1, ,-2,0,1,-2,Fanta,1,0,0,0,0,0,0,0,0,0,0,0,0,0,0,0,0,0,0,0,1,1,1,0,1,0,0,0,0, ,2,6,Bekanntheit,FantaVio BioFritzJa,1,0,1,0,0,0,1,1,0,1,1,1,1,1,1,0,1,1,0,1,1,0,1, ,1, , , , ,4,3,2,2,9,2,4,2,1, , , , ,.8,1,.9,.29,1,-1,0,-1,-1,1,-2,-2,-1,-1,1,1,0,0,0,1,0,-2,-2,1,0,1,1,2,0,1,2,-1,0,-1,-1,0,0,5,7,6,6,3,3,5,5,6,7,6,4,5,6,9,7,7,6,6,7,7,4,7,6,4,7,5,3,5,6,6,3,7,4,5,7,3,5,5,5,7,5, , , , , , , ,2,-1, ,0, , , , , ,1,2,1,-2,-1,1,0,-1,-1,1,0,0,1,1,0,1,0,1,1,-1,-1,-2,2, , , , , , , ,2,1, ,1, , , , ,6,2,2, , , , , ,-1,-1,0,-1,1,0,1,1988,5, ,3, ,1,-1,0,0,0,-1,-1,0,0,0,1, ,1,0, ,0, ,3,3,0,1,21635,0,1,2,-.341612585136341,-.605923899811741,-.200713009085693,-1.09808375823896,.72490339225508,.157287833760548,-.227092052010302,1.09605784861158,-.511117643771014,3,2
89,1,1,0, ,0,0,0,1,0, ,3,1, , , , ,1, ,5,0,-1,2,1,0,0,0,1,0,1, ,1,1,1,0,0, ,-2,0,0,0,Fanta,1,0,0,0,0,0,0,0,0,0,0,0,0,0,0,0,0,0,0,0,1,0,1,1,1,0,1,0,0, ,1,4,Schmeckt mir selbst nicht so gut,FantaFritzSinalcoSchwipp SchwappDiscount eigene Marken,1,1,1,0,0,0,0,1,1,1,1,1,1,1,1,0,0,1,0,0,1,0,1, ,1, ,1.5,1.3,1.2, , , ,1,10,1,6,1,3,2.3,3,2.6,1.2, , , , ,1,-1,1,0,0,1,-1,0,-1,-1,0,1,1,0,1,0,1,0,-1,0,1,1,0,1,0,0,1,0,1,0,0,1,0,2,8,5,4,6,3,8,7,5,9,6,8,5,8,8,5,10,4,0,9,6,4,6,5,4,8,7,5,5,3,2,6,7,4,8,5,6,7,7,6,8,4,1,0,0,0,1,1,1, , , , ,-1,1,1,-1,1, , , , , ,1,-1,0,0,-1,0,0,-1,1,0,1,1,-1,-1,-2,0,0,1, , , , , , , ,4,1, , , ,1, , ,5,1, ,1, , , , ,0,0,1,-1,0,-1,-1,1998,6, ,3, ,1,-1,0,0,-1,-1,0,0,0,1,3, ,1,0, ,0, ,7,7,3,1,47918,0,1,2,.175078900939427,-.824828020024752,.429139232986617,-1.42666894306321,.777862437037683,.628110668412906,-.644134715024682,.265519943460022,1.08945723918602,4,3
90,1,1,0, ,0,0,0,1,0, ,1,2, , , , ,2, ,2,-1,-2,-1,1,0,0,0,0,0,0, ,0,1,0,0,0, ,-2,-2,0,-2,"Orangen, Durstlöscher, spritzig, erfrischend",0,1,0,0,0,0,0,0,0,1,0,0,0,0,1,1,0,0,0,0,1,1,1,1,0,0,0,0,0, ,2,0,"Jeder kennt Fanta, warum sollte man diese empfehlen ?","Fanta, SchwipSchwap, Fritz",1,0,1,0,0,0,0,0,1,1,0,0,0,0,1,0,0,1,0,0,1,0,0, ,1, , , , ,3,4,5,2,2,2,5,2,4, , , , ,.75,1,.9,.45,0,-2,-1,-2,-2,2,-2,0,0,-2,0,1,1,-1,0,1,1,-2,0,-2,-2,-2,1,2,0,1,1,-2,-2,-1,1,2,0,7,5,2,2,6,2,10,1,4,8,0,8,1,2,5,2,8,5,5,10,3,3,3,3,2,7,8,2,8,2,1,1,5,1,7,1,1,3,6,7,6,5, , , , , , , ,1,-2,0,-1, , , , , ,2,-1,-1,-1,-1,1,-2,-1,-2,-1,-1,-1,1,-1,0,-1,0,1,1,-2,-2,0,2, , , , , , , ,3,3, , ,3, , , ,2,3, , , , ,3, ,-2,1,-1,1,1,-2,1,1997, , , , ,1,0,-2,1,1,-1,0,0,0,0,3, ,1,0, ,0, ,2,2,0,3,49082,8,1,2,.215868129949296,-1.24187656251652,-.256517099675356,.22702674237062,-.310052374094892,-1.1386144757613,-.0631995326351018,-2.13796612782747,-1.55980356050094,4,3
91,1,1,0, ,0,0,0,1,0, ,1,1, , , , , ,1,4,1,-2,1,1,0,0,0,1,0,0, ,0,1,1,0,0, ,1,-2,1,0,FantaOrangeSüßZuckerFeiern,1,0,0,0,1,0,0,0,1,1,1,0,0,0,0,1,0,0,0,0,1,0,1,0,1,0,1,0,0, ,1,7,bereits konsumiert,FantaFritz-ColaOranginaVio-BioInnocent,1,0,1,0,1,0,1,0,0,1,0,0,0,1,1,0,0,1,0,0,1,0,1, ,3, ,1,1.1,1.4, , , ,1,8,1,10,1,7,.9,1.5,1.25,.5, , , , ,1,-2,0,-1,1,1,1,1,0,-1,2,1,0,0,1,1,2,-1,-1,-1,-1,1,1,1,1,1,2,2,2,0,1,1,2,0,3,7,5,6,8,10,3,1,5,1,1,0,1,7,5,4,7,1,9,5,5,5,1,0,8,8,2,2,6,0,1,5,5,3,3,0,5,7,5,7,3,-1,2,1,2,2,2,2, , , , ,-1,2,2,-2,2, , , , , ,0,-1,1,1,1,-1,-2,0,1,2,1,2,-1,-1,-1,0,0,1, , , , , , , ,5,2, , , , ,2, ,4,2, , ,2, , , ,-1,0,-1,1,0,-2,2,1997,4, ,3, ,1,-1,-1,-1,1,-2,1,-1,-1,1,3, ,1,0, ,0, ,5,5,0,1,21635,1,1,2,-.028964947140835,.234574905022403,.883206496043809,-1.68584155081099,-.824443728150609,.289213566466672,.766517373399826,.189848115887749,-.5558377010469,1,1
92,1,0,0, , , , , , , ,2,1, , , , , , ,2,1,-2,1,1,0,0,0,1,0,1, ,0,1,1,0,1, ,1,-1,-2,-1,an erfrischung und fanta,1,1,0,0,0,0,0,0,0,0,0,0,0,0,0,1,1,0,0,0,1,1,0,1,0,0,0,0,0, ,1,1,glasflasche ist nervig und nicht ganz mein geschmack,Fanta Sinalco,1,1,0,0,0,0,0,0,0,1,1,1,1,1,1,1,1,1,0,0,1,0,1, , , ,1,1,1, , , ,1,8,1,2,1,2,.7,1,.9,.5, , , , ,-1,-2,-1,-2,-2,2,-1,-1,0,-1,-1,2,0,1,-1,-1,1,-2,-2,-2,-2,2,-1,1,1,2,1,2,1,2,2,0,-1,3,9,7,7,7,8,10,6,2,2,4,3,0,5,5,5,8,2,0,8,3,1,5,1,1,9,2,6,8,2,0,3,7,4,7,3,0,4,7,8,7,3,0,-2,2,2,2,-1,1, , , , ,-2,-1,2,-1,2, , , , , ,1,1,0,-1,-2,-2,-1,0,2,-1,-1,0,-1,0,0,-1,1,1, , , , , , , ,1,2,2, , , , , ,2,3, , , , ,3, ,1,-1,-1,0,1,-1,-1,1994,4, ,3, ,-1,-2,1,1,-1,1,0,-2,-1,-1,1, ,1,0, ,0, ,1,1,0,2,49080,1,1,2,-1.10808729873694,-1.27218122158679,-1.11502073180093,-.121917083164619,-.433599015794171,-1.14761055125486,.78656204735659,.367557202619566,-2.14306464886777,3,2
93,1,0,0, , , , , , , ,0,1, , , , , , ,5,1,-2,2,1,0,0,0,0,0,0, ,0,1,0,0,0, ,2,-2,-1,-1,"zu süß, künstlich",0,0,0,0,1,1,0,0,0,0,0,0,0,0,0,0,0,0,0,0,1,0,1,0,0,0,0,0,0,künstlich,1,0,"die Farbe ist zu unnatürlich, Etikett und Preis sprechen mich nicht an","Fanta, Fritz",1,0,1,0,0,0,0,0,0,1,0,0,0,1,1,0,0,0,0,0,0,0,0, , , ,.6,.2,1, , , ,1,7,1,1,1,10,.8,.9,.81,.5, , , , ,-1,-2,2,-2,-2,2,-2,-2,1,0,1,2,-1,1,1,2,2,-2,0,-1,1,2,1,1,-2,-1,0,1,1,2,2,0,-1,2,6,5,4,8,1,8,5,1,7,3,4,2,6,2,3,5,2,5,6,2,2,5,4,1,7,3,2,7,1,1,3,0,1,8,2,1,4,6,2,5,2,1,1,-1,0,1,1,1, , , , ,-1,1,-1,-2,-2, , , , , ,1,1,-1,-2,-2,-2,-2,0,-1,2,0,2,0,1,-1,-2,1,1, , , , , , , ,1,3,3, , , , , ,6,3,3, , , , , ,0,0,0,1,1,-1,-1,1999,4, ,3, ,-1,-2,0,2,2,2,-1,-1,-1,-1,3, ,1,0, ,4,relativ gesunde ausgewogene Ernährung,3,3,0,2,49134,0,2,2,-1.16101931991689,-.235706137100754,1.0784239936006,1.79170306523006,-1.51121164687232,1.02730251611791,.083270561982379,.135415725248418,-.268923979525959,3,2
94,1,1,0, ,1,1,0,1,0, ,3,1, , , , , , ,5,0,-2,1,1,1,0,0,0,0,0, ,0,1,0,0,1, ,2,-2,0,-2,Fanta,1,0,0,0,0,0,0,0,0,0,0,0,0,0,0,1,1,0,0,0,1,1,1,0,0,0,0,0,0, ,1,0,Preis und Geschmack,"Fanta, Vio, Fritz Kola, Auenwald Orange, Lesmona Orange",1,0,1,0,0,0,1,0,1,1,1,1,1,1,1,0,0,1,0,0,1,0,1, ,1, ,.55,.65,.65, , , ,1,1,1,1,1,7,.55,.75,.65,.2, , , , ,0,-2,1,0,1,1,2,2,2,1,2,1,-1,1,1,0,1,-1,-2,-2,-1,0,0,1,0,0,1,-2,0,-1,2,0,2,2,2,0,0,10,0,10,8,0,0,3,10,5,5,5,5,5,5,5,5,5,5,10,7,0,0,8,5,5,5,0,0,3,3,3,3, , , , , , ,-2,-2,0,0,0,2,2, , , , ,-1,-1,1,-1,1, , , , , ,2,1,0,-1,-2,-2,-2,-2,0,-2,-2,1,0,-2,0,0,-2,1, , , , , , , ,5,3, , , , ,3, ,6,3,3, , , , , ,-2,-1,-1,0,0,-2,2,1994,4, ,3, ,-2,-1,0,1,1,1,-2,1,-1,1,1, ,1,0, ,0, ,2,2,0,1,21720,0,2,2,-.220039231041226,1.5153316004545,-.145214612755195,.605693795520074,-1.2459474386673,.250183390692779,-.155238277505193,-1.56463827304189,-.398716549589071,1,1
95,1,0,0, , , , , , , ,2,1, , , , , , ,5,0,0,1,1,0,0,0,0,0,1, ,0,1,0,0,0, ,-1,-1,-1,0,Zucker,0,0,0,0,0,0,0,0,1,0,0,0,0,0,0,0,0,1,0,0,1,0,0,0,1,0,1,0,0, ,1,5,Fritz Kola ist eine coole Marke,"Fanta, Fritz Limo, Freeway",1,0,1,0,0,0,0,1,0,1,1,1,1,1,1,0,0,1,0,0,1,0,1, , , ,1,1,1, , , ,1,5,1,5,1,1,.8,2,1.5,.5, , , , ,-1,-2,0,-1,1,0,-1,0,0,-1,0,1,1,1,2,0,0,-1,-2,-1,1,-1,-2,1,1,1,2,1,2,-2,0,1,2,5,8,7, ,4, ,10,5,2, , , ,2,3,3, , , ,4,7,7, , , ,1,5,10,2,7,4,2,2,3, , , , , , , , , ,-1,1,1,1,1,1,1, , , , ,-2,-1,1,-1,-1, , , , , ,0,1,1,0,-1,-1,-2,2,1,0,0,0,2,-1,0,0,0,1, , , , , , , ,3,1, , ,1, , , ,6,2,2, , , , , ,0,-1,0,0,1,-1,2,1994,4, ,3, ,-2,-1,-1,1,0,1,-1,-1,0,0,1, ,1,0, ,0, ,2,2,0,3,49080,4,1,2,-.556345562305308,-.0974772064080461,.299388516860751,.153174458911337,-.907640980126519,-.536522246016906,-1.79448674370232,-1.60147525596462,1.31197340901673,4,3
96,1,1,0, ,1,1,0,1,1, ,4,2, , , , ,5, ,5,1,-1,1,1,0,0,0,0,0,1, ,0,1,0,0,1, ,-2,0,0,-1,Fanta,1,0,0,0,0,0,0,0,0,0,0,0,0,0,0,0,0,0,0,0,1,0,0,0,0,0,0,0,0, ,2,7,Geschmack,FantaFritzGut und Günstig,1,0,1,0,0,0,0,1,0,1,0,1,1,1,1,0,0,1,0,0,1,0,0, ,1, , , , ,1,1,1,2,5,2,4,2,3, , , , ,.5,.8,.7,.3,0,-1,1,-1,0,1,0,-1,-1,0,0,1,0,1,0,1,2,-1,-1,-1,1,1,0,2,-1,1,1,-2,0, ,0,1,0,2,5,5,6,3,1,9,4,2,5,3,7,2,4,5,5,7,3,1,8,5,2,5,1,2,6,4,6,4,2,2,3,4,4,7,2,2,5,6,5,7,2, , , , , , , ,1,-1,-1,1, , , , , ,1,-1,-1,1,-1,1,-1,1,-1,-1,-2,-1,1,1,0,1,1,1,-1,-1,-1,-1,2, , , , , , , ,1,2,2, , , , , ,5,1, ,1, , , , ,0,1,1,-1,0,-1,2,1994,4, ,3, ,0,0,1,1,1,1,1,2,0,1,4, ,2,0, ,0, ,5,5, ,1,48231,7,1,2,1.19552436401495,-.818030318737119,.873465271154464,.700657143398572,-.420767081433019,.751125899628074,-.604756217956815,-.373598915500774,.383244601259994,3,2
97,1,0,0, ,0,0,0,0,0, ,2,1, , , , , , ,2,2,-2,2,1,0,0,0,0,0,0, ,0,1,0,0,0, ,1,-1,0,-1,"Zuckeroft übersüßtFantalieber die weniger süßen, wenn überhaupt",0,0,0,0,1,0,0,0,1,0,0,0,0,0,1,0,1,0,1,1,1,0,1,0,0,0,0,0,0, ,1,7,lecker,FantafritzVio bio limo sinalcomirinda,1,1,1,1,0,0,1,0,1,1,1,1,0,1,1,0,0,1,0,1,1,0,0, , , ,1.2,1,.9, , , ,1,5,1,5,1,8,.7,1,.8,.5, , , , ,2,-2,0,-1,0,-1,-1,-1,0,0,1,1,0,0,2,2,2,-1,0,-1,-2,2,1,1,2,1,2,1,2,-1,0,2,2,5,6,8, ,9,7,10,5,6, ,6,4,5,5,8, ,9,5,1,7,5, ,5,5,2,5,10, ,9,8,0,1,3, ,6,3, , , , , , ,-1,2,0,2,2,2,2, , , , ,-1,1,1,-2,-1, , , , , ,0,-1,0,0,1,-1,-2,1,1,0,0,1,1,1,-2,0,1,1, , , , , , , ,3,1, , ,1, , , ,6,2,2, , , , , ,-1,1,1,2,1,-2,0,1997,4, ,3, ,0,-1,0,1,0,0,0,0,0,0,1, ,1,1,"Lactose, Fructose, Sorbit",0, ,2,2, ,1,59348,0,2,2,.185692039656705,-.181232244182173,1.62689365321018,-.335830276162208,-.645872641654416,.533140740577052,1.08241088902271,.902861224438399,-1.2744357120003,3,2
98,1,1,0, ,1,1,0,1,1,Mensa,5,2, ,8, , ,2, ,5,2,-2,2,1,0,0,0,0,0,0, ,0,1,1,0,0, ,0,0,0,0,zucker,0,0,0,0,0,0,0,0,1,0,0,0,0,0,0,0,0,0,0,0,1,0,1,0,0,0,1,0,0, ,2,0,Jeder sollte das trinken was er mag,Fritz-limoFanta,1,0,1,0,0,0,0,0,0,1,1,1,0,1,1,0,1,1,0,0,1,0,1, ,2, , , , ,2,2,2,2,5,2,1,2,5, , , , ,.5,1,.75,.4,1,-2,0,-1,-2,2,-2,0,-1,-2,-2, , , , , , , , , , , , ,2,-2,0,0,-2,-1,-1,1,1,0, , , , , , , , , , , , , , , , , , , , , , , , , , , , , , , , , , , , , , , , , , , , , , , , , ,0,-2,-2,2, , , , , ,-1,2,-2,-1,-1,1,-1,-1,0,0,-2,-2,0,0,0,0,0,0,0,0,0,0,2, , , , , , , ,5,1, , , , ,1, ,4,1, , ,1, , , ,1,1,2,0,2,0,2,1996,4, ,3, ,1,0,0,0,0,0,0,0,0,0,1, ,1,0, ,0, ,8,8,0,1,46325,0,1,2, , , , , , , , , , , 
99,1,1,0, ,0,1,0,0,0, ,4,1, , , , ,2, ,2,0,-2,0,1,0,0,0,0,0,1, ,1,1,0,0,0, ,-1,1,2,-1,Fanta,1,0,0,0,0,0,0,0,0,0,0,0,0,0,0,1,0,0,1,0,1,0,1,1,0,0,0,0,0, ,1,1,Trinke ich selber nicht oft und mir schmeckt sie nicht so gut,"Fanta, Fritz, Vio Bio, River, Bluna, Sinalco, Gerrit",1,1,1,0,0,0,1,1,1,1,1,0,1,0,1,0,0,1,0,0,1,0,0, ,1, ,1.3,1.2,1.2, , , ,1,9,1,9,1,9,.95,1.7,1.4,.7, , , , ,2,-1,2,-1,-1,1,-1,0,1,1,1,1,-2,-1,-1,-1,0,-2,-2,-1,-1,0,-1,1,0,1,1,2,0,0,2,-1,0,1,3,3,3,6,6,9,6,2,4,0,4,1,2,2,4,7,2,1,8,1,1,1,2,0,8,7,4,8,6,1,1,3,2,9,3,1,2,7,4,4,4,0,0,1,1,1,-1,1, , , , ,1,-1,-1,-2,-2, , , , , ,1,-1,-1,0,-1,1,1,-2,2,0,-2,-1,-2,-1,-1,-2,-2,1, , , , , , , ,6,2, , , , , ,2,1,2, , , , , ,2,0,-1,-1,0,2,0,-1,1997,4, ,3, ,-1,-1,0,1,0,-1,0,1,0,1,1, ,1,0, ,0, ,1,1,0,2,49090,1,1,2,.683140897341746,.690740157244343,-1.79299537340991,-.295603606699756,1.57853612398693,1.12753766837443,.691147457853236,-.745422933346184,-1.50020816839946,4,3
100,1,0,0, , , , , , , ,1,1, , , , , , ,2,0,-2,1,1,0,0,0,0,0,0, ,0,1,0,0,0, ,-2,-2,-1,1,süß,0,0,0,0,1,0,0,0,0,0,0,0,0,0,0,0,0,1,1,0,1,0,0,1,0,0,0,0,0, ,1,3,zu süß,"fanta, fritz, vio, sinalco, aldi,",1,1,1,0,0,0,1,1,0,1,1,1,1,1,1,0,1,1,0,1,0,0,1, , , ,.7,.5,.8, , , ,1,2,1,1,1,4,.7,1.2,1,.4, , , , ,-1,-2,-1,0,1,0,-1,-1,1,1,1,1, ,0,1,2,1,-2,-1,-2,0,1,-1,1,0,1,1,1,1,-2,1,1,1,2,2,2,5,5,6,10,5,2,5,3,0,0,0,2,4,2,4,0,10,7,3,4,2,1,3,6,1,5,4,0,0,0,1,2,1, , , , , , ,-2,2,0,-2,2,2,2, , , , ,-2,1,-1,-2,1, , , , , ,0,-1,1,0,-1,0,-2,1,1,0,-1,-2,1,-1,0,0,0,1, , , , , , , ,3,1, , ,1, , , ,2,3, , , , ,3, ,-2,1,0,2,-2,2,1,1995,4, ,3, ,-2,-1,1,1,1,2,-1,-2,-1,-1,1, ,1,0, , , ,2,2,0,3,49088,2,1,2,-1.37220537405711,.930477731031147,.464519746833114,.887529199966254,-.564934193652804,-.724913930726889,-.360039741187227,-.653740835647897,-.672127542358521,3,2
101,1,0,0, , , , , , , ,1,1, , , , , , ,5,1,-2,0,0,0,0,0,0,0,0,Immer die selbe,0,1,0,0,1, ,2,-1,-2,-1,Fanta,1,0,0,0,0,0,0,0,0,0,0,0,0,0,0,1,0,0,1,0,1,0,0,0,1,0,0,0,0, ,1,2,"Die Flasche sieht ansprechend aus, aber ich kenne das Produkt nicht",FantaFritz,1,0,1,0,0,0,0,0,0,1,1,1,1,1,1,0,1,1,0,0,0,0,1, , , ,.8,.75,.5, , , ,1,10,1,7,1,2,.65,.81,.8,.4, , , , ,-2,-2,0,-2,-2,2,0,-2,-1,-1,0,2,0,1,0,0,1,-2,-2,-1,-1,1,0,1,1,2,1,1,2,0,1,2,0,6,7,8,4,2,2,8,7,4,10,0,5,2,4,6,1,8,3,2,1,3,1,2,0,1,3,8,2,2,2,1,1,5,3,8,5,1,2,5,0,8,5,0,2,1,2,2,2,2, , , , ,-1,1,-1,1,1, , , , , ,2,-1,1,0,-2,-1,-1,1,-2,-1,-2,0,1,-2,0,-2,-2,1, , , , , , , ,1,2,2, , , , , ,3,1, , , ,1, , ,-1,0,1,-1,2,0,1,1996,4, ,3, ,-1,-1,1,-1,-1,0,1,1,1,2,1, ,1,0, ,0, ,2,2,0,3,49074,1,1,2,1.62258424943724,-1.21466079268854,-.203799626384483,-1.16282266874486,-.457038514042911,-.920063067405302,.369447574059494,-.124868688916697,-1.3124464526023,3,2
102,1,1,0, ,0,1,0,1,0, ,2,1, , , , ,2, ,2,0,-1,1,1,0,0,0,0,0,1, ,1,1,0,0,0, ,1,-1,-2,0,FantaMixgetränke mit Fanta,1,0,0,0,0,0,0,0,0,0,0,0,0,0,0,0,1,0,0,0,1,1,0,0,0,0,0,0,0, ,1,7,"Die Limo schmeckt gut, aber wir tauschen uns nicht häufig aus was gut zu empfehlen ist.",FantaSinalcoFritz,1,1,1,0,0,0,0,0,0,1,1,0,0,0,1,0,0,1,0,0,1,0,0, ,1, ,1.2,1.2,1.3, , , ,1,9,1,6,1,6,1,1.8,1.5,.6, , , , ,-1,0,1,-1,0,1, ,1,1,0,1,1,-2,0,-1,-1,1,-2,-2,-2,-1,0,-1,1,1,2,1,1,1,0,1,1,1,2,5,7,5,9,4,8,3,2,2,0,7,0,3,6,5,9,2,4,7,3,3,3,4,1,4,6,6,4,5,0,1,4,3,6,1,2,2,5,3,9,2,2,0,1,2,1,-1,1, , , , ,-2,-1,-1,2,1, , , , , ,0,-1,0,-1,-1,-2,-1,-1,0,0,0,1,-1,1,0,-2,-1,1, , , , , , , ,5,1, , , , ,1, ,4,1, , ,1, , , ,0,-1,0,-1,2,-1,1,1999,4, ,3, ,0,-1,1,2,1,0,-2,-1,-2,-2,1, ,1,0, ,0, ,6,6,0,1,49434,0,1,2,-2.34024418915128,.389617646843114,-.93305109265233,.437065492044231,.375023941959112,-.0600957607949114,-.599264761991978,-1.45433054982938,-.992360437989425,3,2
103,1,1,0, ,1,1,0,1,0, ,2,2, , , , ,2, ,2,0,-1,1,1,0,0,0,0,0,0, ,0,1,0,0,0, ,-1,-1,1,-1,Fanta,1,0,0,0,0,0,0,0,0,0,0,0,0,0,0,0,0,0,1,0,0,0,1,1,0,0,0,0,0, ,2,6,"man kennt Fanta und weiß wie sie schmeckt, im Gegenteil zu anderen Marken.","Fanta, Sinalco",1,0,1,0,0,0,0,0,0,1,1,1,0,0,1,0,0,1,0,0,1,0,0, ,1, , , , ,6,6,6,2,8,2,8,2,6, , , , ,.7,1.2,.85,.5,0,-2,0,-2,0,1,-1,0,1,-1,0,1,1,0,0,-1,-1,-1,-2,1,0,1,0,2,0,1,0,-2,1,1,-1,1,0,3,5,8,5,9,3,9,7,3,9,3,9,2,3,5,2,8,3,3,5,7,4,7,3,2,7,8,3,7,3,2,3,5,3,7,2,2,3,4,3,6,3, , , , , , , ,1,-1,-1,0, , , , , ,-1,1,-1,-1,-1,1,-1,-1,-1,1,0,-2,0,0,0,1,1,0,1,0,-1,0,2, , , , , , , ,6,2, , , , , ,2,1,2, , , , , ,2,0,-1,0,0,0,-1,1,1996,4, ,3, ,0,-1,0,0,-1,0,-1,-1,-1,0,1, ,1,0, ,0, ,3,3,0,2,33129,0,1,2,-.891944548980673,.252601771938455,-1.47086886250586,-1.09152503846283,-.728674620015453,-.512987650288343,-.668091405267635,.776793661833439,.490023874108188,1,1
104,1,1,0, ,0,1,0,1,0, ,4,2, ,24,1,1, ,2,5,1,-2,2,1,0,1,1,0,0,1, ,1,1,1,0,1, ,-2,2,2,1,"-fruchtig, leicht sauren Geschmack,- erfischung- Mischgetränk für Korn/Jägermeister",0,1,0,0,0,0,1,0,0,0,0,1,0,0,1,1,0,0,0,0,0,1,1,0,1,0,1,0,0, ,2,3,Das Preis/Leistung/Geschmacksverhältnis stimmt nicht überein. Der Preis wäre mir für den Geschmack persönlich zu teuer.,Fritz LimonadeFantaBlunaVioja!gut und günstig,1,0,1,0,0,0,1,1,1,1,0,0,0,0,1,0,0,0,0,0,1,0,0, ,3, , , , ,1,4,3,2,1,2,8,2,6, , , , ,.6,.9,.8,.4,2,0,2,2,2,1,2,0,1,2,2,2,1,-1,1,1,1,-2,0,0,-2,1,2,2,-2,0,0,-2,-2,2,0,1,1,2,3,10,3,8, ,10,5,6,5,7, ,1,3,10,2,10, ,2,6,10,4,7, ,0,8,8,1,9, ,0,1,4,3,7, ,0,3,8,3,10, , , , , , , , ,1,-1,1,1, , , , , ,1,-1,-1,1,-2,0,-2,2,-1,1,1,1,2,0,2,2,2,2,1,-1,0,1,2, , , , , , , ,2,2, ,2, , , , ,5,2, ,2, , , , ,0,2,2,1,0,0,2,1997,4, ,3, ,1,-2,0,1,-1,0,0,1,0,0,1, ,1,0, ,4,Die komplette Nahrung in einem Zeitraum von 8 Stunden einzunehmen.,unter d,2,0,1,59457,2,1,2,.265264908006492,1.68183897393428,.451677683459812,-.845051420763583,2.25798764761387,1.25047429950653,.492280740025088,.269216473540152,-1.82216694857227,2,2
105,1,1,0, ,0,1,0,0,1, ,5,2, ,5, , , , ,2,0,0,0,1,0,0,0,0,0,0, ,0,1,1,0,1, ,-2,1,1,0,Saufen,0,0,0,0,0,0,0,0,0,0,1,0,0,0,0,1,0,0,0,0,1,1,1,0,1,0,0,0,0, ,2,6, ,"Fritz, Fanta, Bionade",1,0,1,0,0,1,0,0,0,1,0,0,1,1,1,0,1,1,0,1,1,0,1, ,3, , , , ,2,4,1,2,5,2,8,2,3, , , , ,1,2, , ,2,-1,1,2,0, , ,1,1,0,1,2,1,0,1,0,0,0,0,0,1,0,1,2,-1,0,0,-2,2,0,0,0,1,2,6,6,2, , ,1,8,8, , , ,2,4,6, , , ,1,7,10, , , ,2,6,10, , , ,0,1,4, , , ,3,3,6, , , , , , , , , , ,1,1,0,0, , , , , ,-1,2,-2,1,1,0,1,-1,1,0,0,0, , , , , , , , , , ,2, , , , , , , ,6,2, , , , , ,2,2,2, , , , ,2, ,0,1,0,2,1,0,2,1996,4, ,3, ,0,0,1,0,1,0,1,1,0,0,1, ,1, , ,0, ,24,24,0,1,49090,1,1,2,.724270587718701,.556604787493431,-.390383782506196,-.148180710759171,.645121299316936,.616191531464473,-1.13201136843145,-.246259196329359,1.24761688436432,4,3
106,1,1,0, ,0,1,0,1,0, ,2,1, ,1, , , , ,4,2,-2,0,1,0,0,0,0,0,1, ,0,1,0,0,1, ,-2,1,-2,1,Fanta,1,0,0,0,0,0,0,0,0,0,0,0,0,0,0,1,0,1,0,0,1,0,0,1,1,0,0,0,0, ,1,9,hebt sich von der Masse (Fanta) ab.,"Fanta, Fritz, Sinalco, 7up",1,1,1,0,0,0,0,0,1,1,1,0,0,0,1,0,0,1,0,0,1,0,0, ,3, ,.6,.7,.45, , , ,1,8,1,9,1,3,.6,.8,.7,.35, , , , ,0,-1,1,0,2,0,-1,-1,2,0,1,2,1,0,0,1,1,-2,-1,-1,0,-2,1,1,2,1,1,0,1,-1,0,1,2,5,8,10,2,4,3,10,5,3,7,1,9,1,2,7,4,7,7,2,7,9,8,6,3,1,6,9,1,5,7,1,1,2,0,9,7,0,2,8,4,10,2,2,1,2,2,2,0,2, , , , ,-2,1,1,-2,1, , , , , ,-2,0,-1,0,1,0,0,2,0,1,-1,0,1,0,-2,-1,0,1, , , , , , , ,5,2, , , , ,2, ,4,2, , ,2, , , ,0,-1,1,1,1,2,0,1998,4, ,3, ,-1,-2,0,1,1,1,-1,0, ,1,1, ,1,0, ,0, ,2,2,0,3,49074,1,1,2, , , , , , , , , , , 
107,1,1,0, ,0,1,0,1,0, ,4,1, , , , ,1, ,4,0,0,2,1,0,0,0,0,0,1, ,0,1,0,0,0, ,-1,-1,-1,0,Fanta,1,0,0,0,0,0,0,0,0,0,0,0,0,0,0,1,0,0,0,0,1,1,0,1,0,0,1,0,0, ,1,7,Geschmack und Aussehen,"Fanta, Fritz",1,0,1,0,0,0,0,0,0,1,0,0,1,1,1,0,0,1,0,0,1,0,0, ,1, ,1,1,1, , , ,1,9,1,7,1,3,.5,1.5,1.25,.4, , , , ,0,-2,0,-1,0,1,1,1,1,0,1,1,-1,1,0,-1,-1,-1,-1,-1,-1,0,0,1,1,2,2,0,2,0,1,2,1,4,7,9,4,7,6,10,5,4,4,5,6,2,4,6,3,8,6,5,8,6,0,8,5,2,7,9,1,6,7,0,3,5,0,8,4,4,5,6,2,8,6,2,2,2,2,2,2,2, , , , ,-2,1,-1,-1,2, , , , , ,1,-1,0,0,-1,-1,-2,1,1,1,1,1,-1,1,0,0,0,1, , , , , , , ,2,1, ,1, , , , ,2,1, , , , ,1, ,-1,0,0,1,0,-1,0,1995,4, ,3, ,0, ,1,0,0,0,1,1,1,1,1, ,1,0, ,0, ,1,1,0,3,49074,1,1,2,1.47839269513938,.760275724140952,-1.62382402784476,-.403430907660378,-.979325039096301,-.735105132894053,-1.22907675548087,-.559415153385701,-.273336990886454,1,1
108,1,1,0, ,0,1,0,1,0, ,2,1, , , , , , ,5,2,-2,1,1,0,0,0,0,1,1, ,0,1,0,0,0, ,2,-1,0,1,Zucker,0,0,0,0,0,0,0,0,1,0,0,0,0,0,0,0,0,0,0,0,1,0,1,0,0,0,1,0,0,Diabetes,1,10,"Sympathische Gestaltung, Glasflasche","Fanta, fritz, vio, sinalco",1,1,1,0,0,0,1,0,0,1,1,0,0,1,1,0,1,1,0,0,1,0,1, ,3, ,.5,2,2, , , ,1,2,1,6,1,5,.5,2,1.5,.3, , , , ,0,-2,0,-1,1,0,-1,-1,1,0,1,2,1,0,1,2,1,-2,0,-1,-2,0,1,1,-1,0,1,1,1,-2,1,2,2,0,0,4,3,3,3,9,6,2,3,4,2,1,0,4,5,6,3,2,8,4,5,5,5,1,2,7,5,2,3,0,0,2,4,2,2,0,0,8,7,4,4,-1,2,1,0,2,0,2, , , , ,-1,1,1,-2,1, , , , , ,-1,-2,0,-1,1,0,-1,1,-2,-1,-1,0,0,-1,-2,-2,0,1, , , , , , , ,3,3, , ,3, , , ,1,3, , , , , ,3,-1,0,1,2,1,-2,0,1997,4, ,3, ,1,1,1,0,-1,-1,0,1,0,2,1, ,1,0, ,2, ,3,3,0,2,49090,4,1,2,.928697280508415,.64947857495167,.879114959912498,-1.44157791426788,.0881633948927119,-.266036690932729,.903940135838954,-.640352890493705,-1.39795335222726,1,1
109,1,1,0, ,0,1,0,1,1, ,3,2, , ,2, ,3, ,2,1,-1,-1,1,0,0,0,0,0,0, ,0,1,0,0,0, ,0,1,0,1,An Feiern,0,0,0,0,0,0,0,0,0,0,1,0,0,0,0,1,1,0,1,0,1,0,1,0,0,0,0,0,0, ,2,3,Zu künstlich und teuer.,"Fanta, Vio Bio, Fritz, Mirinda, Sinalco",1,1,1,1,0,0,1,0,0,1,1,1,1,0,1,0,0,1,0,0,1,0,1, ,11, , , , ,1,3,3,2,1,2,7,2,9, , , , ,.69,.99,.89,.49,1,-1,1,0,1,0,0,0,1,0,2,1,0,0,0,1,1,-2,-1,-1,-1,0,0,2,-1,1,1,-2,-1,0,0,0,0,3,3,7,9,7,3,10,5,2,2,4,10,0,2,7,8,10,2,3,8,4,4,5,3,2,4,8,2,8,4,0,0,6,8,8,0,0,2,7,7,8,0, , , , , , , ,-1,0,0,1, , , , , ,1,1,-2,-1,-1,-1,0,1,0,1,0,0,1,0,1,-1,1,2,1,-1,0,1,2, , , , , , , ,1,3,3, , , , , ,4,3, , ,3, , , ,-1,1,1,1,-1,-1,1,1992,4, ,3, ,0,0,1,1,1,1,0,0,0,1,1, ,1,0, ,0, ,4,4,0,2,49134,0,1,2,.375098484132394,.930858933848262,.08102648307998,.539535008362068,.813021228393729,.669779333523942,-.323774365346437,-.789324801691286,-1.01771130896537,4,3
110,1,1,0, ,1,1,0,1,1, ,3,2, , , , ,1, ,2,0,0,1,1,0,0,0,0,0,0, ,1,1,1,0,0, ,-2,0,1,-1,an Korn,0,0,0,0,0,0,0,0,0,0,0,1,0,0,0,0,0,0,0,0,1,0,1,0,0,0,1,0,0, ,2,3,man muss Fanta nicht empfehlen,fritzFantaSinalcoVio Fanta,1,1,1,0,0,0,1,0,0,1,1,1,1,1,1,0,0,1,0,0,1,0,1, ,3, , , , ,5,5,3,2,9,2,8,2,5, , , , ,.89,1.2,1.01,.3,1,-2,0,-2,0,1,0,-1,0,-2,0,1,0,1,0,0,1,-2,-1,-1,0,1,0,2,-2,0,0,-2,-1,1,1,1,0,3,6,7,4,5,3,8,5,4,4,7,2,1,2,4,5,6,3,3,3,1,2,3,2,2,4,6,4,5,1,0,0,0,0,0,0,2,2,4,5,7,2, , , , , , , ,1,-1,1,-1, , , , , ,1,-1,-1,1,-1,0,-1,-1,1,-1,-1,-2,-1,-1,-1,0,-1,-1,0,-1,-1,-1,2, , , , , , , ,3,1, , ,1, , , ,4,1, , ,1, , , ,-1,0,0,0,0,-1,0,1996,4, ,3, ,0,-1,-1,1,0,1,0,1,0,0,1, ,1,0, ,0, ,3,3,0,3,49074,1,1,2,.479626246220594,-.741086876387028,-.0682759337858443,.367868603898012,-1.07951678736324,.525689380631501,-1.37440325065632,-.164158631713508,-.480660260140891,3,2
111,0,0,1,Ich empfinde Orangenlimonade als zu süß und mich stört der meist künstliche Geschmack., , , , , , , ,2, , , , , , , , , , , , , , , , , , , , , , , , , , , , ,An die Marke Fanta und eine knallige gelb-orange Farbe.,1,0,0,0,0,0,0,0,0,1,0,0,0,0,0,0,0,0,1,0,1,0,1,1,1,0,0,0,0, ,2,4,"Da ich Fanta nicht mag, würde ich sie auch nicht weiterempfehlen. Das einzig gute an dem Getränk ist die schöne Verpackung, die an die Kindheit erinnert.","Fanta, Vio Bio, Fritz, Salvus Orangenlimo",1,0,1,0,0,0,1,0,1,1,1,0,0,1,1,1,0,1,0,0,1,0,1, , , , , , ,2,3,5,2,2,2,6,2,6, , , , ,.7,1,.99,.4, , , , , , , , , , , , , , , , , , , , , , , ,2,-1,0,2,-2,0,0,0,1,1,1,5,8,2,8,1,9,2,2,8,4,9,1,2,6,2,5,2,4,8,7,3,7,2,3,7,9,4,8,1,0,2,4,2,4,1,2,4,6,5,7,1, , , , , , , ,-1,-2,1,0, , , , , ,-1,-1,-1,1,-1, , , , , , , , , , , , , , , , , ,2, , , , , , , ,5,3, , , , ,3, ,1,2, , , , , ,2,-1,-1,1,0,1,-1,-2,1997,4, ,3, ,1,-1,1,0,1,-1,1,1,1,1,1, ,1,0, ,0, ,5 Perso,5,0,2,49088,1,1,2, , , , , , , , , , , 
112,1,1,0, ,1,1,0,1,0, ,4,2, , , , ,3,1,2,1,-1,1,1,0,0,0,1,1,1, ,0,0,0,0,1, ,0,-2,-2,0,Orange,0,0,0,0,0,0,0,0,0,1,0,0,0,0,0,0,0,0,0,0,0,0,0,0,1,0,1,0,0, ,2,6,schmeckt gut,FantaSinalco,1,1,0,0,0,0,0,0,0,1,1,0,1,0,1,0,0,1,0,0,0,0,1, ,1, , , , ,2,2,2,2,6,2,5,2,4, , , , ,.5,1.5,1,.3,0,-2,0,0,0,1,0,1,-1,-1,0,1, ,0,1,-1,1,0,-1,0,0,1,1,2,1,1,1,1,0,0,0,1,0,6,8,6,5,4,5,8,5,6,8,6,8,7,7,7,6,7,6,7,8,8,6,7,8,7,9,8,6,6,6,5,5,6,5,7,5,7,8,8,7,8,7, , , , , , , ,0,0,1,0, , , , , ,-1,1,1,-1,-1,1,0,0,1,-1,0,0,0,1,1,0,1,0,0,-1,1,-1,2, , , , , , , ,1,1,1, , , , , ,6,1,1, , , , , ,-1,1,0,1,1,1,1,1995,6, ,3, ,0,0,0,1,-1,0,-1,0,0,0,1, ,1,0, ,0, ,2,2,0,3,49090,1,1,2,-.251687938582227,-.80915190290726,-.0778564746807206,-.460801300239186,.611551265820896,-.59649625003765,.0764525601979464,.0508806437447231,1.04608332657867,4,3
113,1,1,0, ,1,1,0,0,1, ,4,1, , , , ,4, ,5,-2,2,0,1,0,0,0,0,0,1, ,0,1,1,0,0, ,-1,-1,2,0,Fanta,1,0,0,0,0,0,0,0,0,0,0,0,0,0,0,0,0,0,0,0,0,0,1,1,0,0,0,1,0, ,1,7,Die Marke Fritz hat tolle Produkte im Sortiment,"Vio,Fanta,Fritz,River(Aldi),Freeway",1,0,1,0,0,0,1,1,0,1,1,0,0,1,1,0,0,1,0,1,0,0,0, ,1, ,1.3,1.5,1.3, , , ,1,10,1,10,1,5,1,1.7,1.6,.3, , , , ,2,-2,2,-1,-1,2,2,-1,-1,-1,1,2,0,0,-1,-1,-1,-1,-2,-1,2,2,-2,1,0,2,2,-1,2,-2,0,2,2,3,6,9,0,6,0,10,2,4,6,3,6,0,1,4,7,8,9,3,7,5,6,6,7,0,4,10,7,10,6,0,0,2,6,4,5,1,0,9,2,9,5,2,-2,-2,0,-2,2,-2, , , , ,-2,1,-2,-2,1, , , , , ,2,-1,-1,-1,2,0,-2,0,1,-1,-1,-1,-1,-1,-1,-1,-1,1, , , , , , , ,4,2, , , ,2, , ,4,1, , ,1, , , ,0,-1,0,1,2,1,2,1999,4, ,3, ,1,0,0,1,-1,2,-1,-1,-1,-1,1, ,1,0, ,0, ,5,5,1,1,48432,7,1,2,-1.13402874104872,-.347816905678934,-1.56098755295474,.339330801389585,-1.24162309014235,2.0770923904154,-3.77334797820963,.276560329503384,1.00518077697919,2,2
114,1,1,0, ,1,1,0,1,1, ,6,2, , , , ,12, ,5,1,0,1,1,0,0,0,0,0,1, ,1,1,1,0,1, ,-1,1,2,1, , , , , , , , , , , , , , , , ,0,0,0,0,0,1,0,1,1,1,0,0,0,0, ,2,7,leckerer geschmack und gute Dosierung,"Fanta, Fritz, Vio, Granini, Emsland Sonne,",1,0,1,0,0,0,1,0,1,1,0,1,1,1,1,0,1,1,0,0,1,0,1, ,1, , , , ,5,4,4,2,8,2,4,2,4, , , , ,.75,1.1,1,.6,2,2,2,-1,0,1,2,0,-1,-1,0,2,1,0,-1,-1,1,0,-2,-1,1,0,0,2,1,1,1,-2,-1,0,-1,0,0,2,6,7,2,6,0,10,3,4,9,3,10,3,5,6,4,7,1,5,9,7,5,7,5,2,8,10,2,7,2,3,4,4,3,6,0,3,4,4,3,4,2, , , , , , , ,1,0,-1,2, , , , , ,1,2,-1,-1,1,0,0,-1,1,-1,-1,-2,1,-1,0,1,1,-1,0,-1,-2,-1,2, , , , , , , ,5,1, , , , ,1, ,3,1, , , ,1, , ,2,0,1,-1,1,-1,2,1996,4, ,3, ,1,-1,1,1,-1,-1,0,1,0,1,1, ,1,0, ,0, ,5,5,0,1,49434,4,1,2,.15746186440632,-.814569102538436,-.0396747537885406,-1.28829314967835,.814067357595638,1.98009430624675,-1.23881945014237,-.651093690515844,1.05282078505042,1,1
115,1,0,0, , , , , , , ,1,2, , , , , , ,5,1,-2,1,1,0,0,0,1,0,0, ,0,1,0,0,0, ,2,-2,0,-1,Fanta,1,0,0,0,0,0,0,0,0,0,0,0,0,0,0,0,1,1,0,0,0,0,1,1,0,0,0,0,0, ,2,5, ,FantaVio,1,0,0,0,0,0,1,0,0,1,1,1,1,1,1,0,1,1,0,0,1,0,1, , , , , , ,4,5,6,2,4,2,5,2,6, , , , ,1,1.5,1.2,.7,0,-2,1,-2,-2,0,-2,-2,0,-1,0,1,2,0,1,-1,1,0,0,-1,0,1,1,2,-1,1,1,-2,2,0,1,0,0,5,7,6,3,5,2,10,3,3,5,2,8,3,4,5,3,5,3,3,3,6,5,7,4,3,5,8,5,9,2,3,3,6,3,5,3,5,5,7,5,5,5, , , , , , , ,1,-2,0,0, , , , , ,2,-1,-1,1,-1,-1,-1,0,0,-2,0,-2,1,0,0,0,1,1,1,-1,-1,2,2, , , , , , , ,3,1, , ,1, , , ,2,1, , , , ,1, ,-2,0,-1,0,0,-1,0,1996,4, ,3, ,0,-1,0,1,-1,-1,0,0,0,0,1, ,1,0, ,0, ,4,4,1,1,48531,0,2,2,.0533396505186139,-.837601713341015,-.31980642098304,-.742662509603243,-.535426664107275,.0196338033536799,1.01088938904563,-.294399972880835,.689515359956703,4,3
116,1,1,0, ,1,1,0,0,0, ,4,2, , , , ,6, ,4,1,-2,1,1,0,0,0,0,0,0, ,0,0,0,0,1, ,-1,1,-1,-1,Fanta,1,0,0,0,0,0,0,0,0,0,0,0,0,0,0,0,0,0,0,0,1,0,0,0,1,0,0,0,0, ,2,2,Verpackung,"Fanta, Fritz",1,0,1,0,0,0,0,0,0,1,1,1,1,0,1,0,0,1,0,0,1,0,1, ,7, , , , ,2,3,2,2,6,2,6,2,3, , , , ,.7,1,.9,.3,-1,-1,-2,-2,-1,1,-1,-1,-1,-1,-1,1,-1,1,0,-1,0,-2,-1,1,-2,1,1,2,1,0,1,-2,-1,1,-1,0,0,7,8,3,3,5,3,7,4,2,2,2,4,2,3,4,4,5,3,5,9,5,3,4,2,3,5,7,4,6,3,1,2,3,2,4,2,1,3,5,5,4,2, , , , , , , ,2,-2,-2,-1, , , , , ,1,1,-1,-2,-1,-1,1,0,-1,-2,-1,-1,-1,0,1,0,1,-1,-1,-1,-1,-1,2, , , , , , , ,6,2, , , , , ,2,6,2,2, , , , , ,-1,1,1,0,0,1,0,1995,4, ,3, ,-1,-2,0,1,1,1,-1,-1,-1,-1,2, ,1,0, ,0, ,2,2,0,3,49088,0,2,2,-1.05735463166708,-1.34358195565654,-1.02544743794035,.527227502625047,.413899371298355,-2.19854905551201,.521750039587566,1.05026210796843,-1.31916313988509,3,2
117,1,1,0, ,1,1,0,0,0, ,4,1, , ,1, , , ,4,2,-2,0,1,0,0,0,0,0,0, ,0,1,1,0,0, ,0,1,0,-1,Fanta,1,0,0,0,0,0,0,0,0,0,0,0,0,0,0,0,0,0,0,0,1,1,1,0,1,0,1,0,0, ,1,7, ,"Fanta, Mirinada, Fritz, Sinalco, Freeway, River",1,1,1,1,0,0,0,1,0,1,1,1,0,1,1,0,0,1,0,0,1,0,0, ,1, ,.7,.8,.9, , , ,1,10,1,10,1,10, ,1,.9,.5, , , , ,1,-2,0,-2,-1,1,1,0,0,-1,0,2,-1,2,2,2,2,-1,0,-1,0,2,2,1,1,2,2,2,2,-1,2,2,0,1,7,7,5,6,5,10,5,2,3,2,3,1,3,4,3,7,4, , , , , , ,1,3,4,4,4,4,1,2,3,3,7,3,2,2,4,4,6,3,0,0,2,1, ,2,2, , , , ,-1,1,-1,-2,-1, , , , , ,1,-1,0,-1,-1,0,-1, ,1,2,2,2,0,2, ,-1,2,1, , , , , , , ,3,1, , ,1, , , ,1,2, , , , , ,2,-1,1,0,1,2,-1,2,1994,4, ,3, ,1, ,1,1,1,1,0,1,1,1,4, ,3,0, ,0, ,4,4,0,1,45721,1,1,2,1.17440799020361,-1.00400847729252,1.59425871713114,.787211373923177,-.0332346826976063,.332234580988757,.9732245151188,.517337183007359,-.266542705033561,3,2
118,1,1,0, ,0,0,0,1,0, ,2,2, , , , ,2, ,2,2,-2,0,1,0,0,0,0,0,0, ,0,0,0,0,0,wenn ich das BEdürfnis nach was,-2,-2,0,1,"frische,ausgeglichenes zucker-Säure-verhältnis",0,1,0,0,0,0,0,0,0,0,0,0,0,0,1,1,0,0,0,0,1,0,0,0,1,0,0,0,0, ,2,5,die größe der flasche.zudem sind glasflaschen schwerer als Plastikflaschen,Fantavio bioFrizzSinalco,1,1,1,0,0,0,1,0,0,1,1,1,1,1,1,0,1,1,0,0,1,0,1, ,10, , , , ,4,5,6,2,6,2,4,2,7, , , , ,.89,1.2,1,.69,0,-2,-1,0,1,1,0,-1,1,1,1,1,0,0,2,2,2,-1,0,1,-1,2,2,2,1,0,0,-1,0,1,-1,1,0,4,6,6,5,6,4,8,5,6,1,3,6,2,3,6,6,6,4,3,8,5,3,4,4,3,5,4,6,6,6,0,2,4,3,6,4,4,3,8,5,5,5, , , , , , , ,2,-2,-1,0, , , , , ,1,1,-1,-2,-1,-1,0,0,1,-2,-2,-2,0,2,2,1,2,0,2,0,0,1,2, , , , , , , ,4,1, , , ,1, , ,5,1, ,1, , , , ,-1,0,-1,0,1,0,1,1992,4, ,3, ,1,-1,0,2,0,0,0,-1,-2,-1,2, ,1,1,Gluten,4,wenn möglich Glutenfrei,2,2,0,1,49497,1,2,2,-1.21867870215279,.72666314330879,1.54498004699716,-.159860580887156,-1.03346700050025,-.844628375331422,.811369576992004,1.69336711382928,-.256115778306514,3,2
119,0,1,0, ,0,0,0,1,0, ,2,2, , , , ,3, ,3,2, ,2,1,0,0,0,0,0,0, ,0,1,0,0,0, ,0,-2,0,-2,"künstlich hergestelltes Erfrischungsgetränk mit Zucker, Geschmacksverstärkern und Aromen",0,1,0,0,0,1,0,0,0,0,0,0,0,0,1,0,0,0,1,0,1,0,1,1,0,0,0,0,0, ,2,6,Hoher Preis im Vergleich zu Grundnahrungsmitteln,"Fanta, Fritz, Caluna",1,0,1,0,0,0,0,0,1,1,1,1,1,1,1,0,0,1,0,0,1,0,0, , , , , , ,1,2,2,2,7,2,7,2,7, , , , ,.55,.9,.65,.2,0,-2,0,-1,1,0,-2,-2,1,-1,0,1,0,0,1,0,0,-1,-2,-1,1,0,1,2,-2,-2,0,-2,-1,1,1,1,1,1,5,4,6,1,4,10,2,1,1,1,8,0,0,0,0,2,0,0,9,3,1,2,3,0,2,9,7,6,10,0,0,0,0,4,3,0,0,1,4,5,1, , , , , , , ,1,1,2,-1, , , , , ,-1,-1,-2,-2,-1,2,-2,-1,-2,0,-2,-2,1,0,2,2,1,0,0,-1,-2,-2,2, , , , , , , ,1,2,2, , , , , ,1,2, , , , , ,2,0,1,1,0,0,-1,2,1994,4, ,3, ,1,0,0,1,-1,0,0,0,0,0,1, ,1,0, ,0, ,3,3,0,2,34369,0,1,2, , , , , , , , , , , 
120,1,0,0, , , , , , , ,1,1, , , , , , ,5,1,-1,1,1,0,0,0,0,0,1, ,0,1,0,0,0, ,1,-2,0,0,Fanta,1,0,0,0,0,0,0,0,0,0,0,0,0,0,0,0,0,1,0,0,0,0,0,0,0,0,0,0,0,Opa,1,8,Geschmack,"Fanta, Fritz",1,0,1,0,0,0,0,0,0,1,0,0,0,1,1,0,0,1,0,0,0,0,0, , , ,1,1,1, , , ,1,3,1,3,1,3,1,2.5,2,0, , , , ,0,-2,1,-1,-1,1,-2,-1,-1,-2,-1,0,-1,1,0,-1,0,-2,-1,-1,1,2,1,1,1,2,1,1,1,0,0,1,1,2,5,6,3,5,4,9,5,4,7,4,6,2,4,7,2,6,4,4,6,6,7,5,5,7,7,7,4,7,7,0,1,5,1,5,3,5,5,6,2,6,5,1,2,1,0,1,1,2, , , , ,-2,-1,1,-2,1, , , , , ,1,-1,0,0,-1,-2,2,1,0,-1,-1,0,1,0,1,0,0,1, , , , , , , ,3,2, , ,2, , , ,6,2,2, , , , , ,-1,-1,-1,-1,1,2,1,1994,4, ,3, ,0,-1,-1,1,0,-1,-1,-1,0,0,4, ,3,0, ,0, ,6,6,0,1,47546,8,1,2,-.682905704552506,-1.69754653336989,-.880310701830636,-.495065049033553,.849746137122241,.404096779435711,.136870665941151,.519005231396101,-.480204013899685,3,2
121,1,1,0, ,1,1,1,1,1, ,5,2, ,10, , , , ,1, , , ,1,0,0,0,0,0,0, ,0,0,0,0,1, ,-2,2,-2,-2, , , , , , , , , , , , , , , , ,0,1,0,0,0,1,1,0,1,0,0,1,0,0, ,2,0, , , , , , , , , , , ,1,1,0,1,1,1,0,1,1,0,0,1,0,1, ,5, , , , ,1,1,1,2,1,2,1,2,1, , , , ,.3,.31,.3,.02,-2,-2,-2,2,2,-2,-2,-2,2,2,-2,-2,-2,-2,-2,-2,-2,-2,-2,-2,-2,-2,-2,2,-2,-2,-2,-2,-2,2,2,2,-2,10,0,10,0,0,10,10,0,10,0,0,10,10,0,10,0,0,10,10,0,10,0,0,10,10,0,10,0,0,10,10,0,10,0,0,10,10,0,10,0,0,10, , , , , , , ,2,-2,-2,-2, , , , , ,-2,-2, ,-2,-2, , , , , , , , , , , , , , , , , ,2, , , , , , , , , , , , , , , ,6,2,2, , , , , , , , , , , , ,1991,0, ,3, ,2, , , , , , , , , ,3, ,3,0, ,0, ,1,1,0,1,33689,0,1,2, , , , , , , , , , , 
122,1,0,0, , , , , , , ,1,2, , , , , , ,3,2,-2,1,1,0,0,0,0,0,1, ,0,1,0,0,0, ,2,-1,1,1,FantaFritz Limonaden,1,0,0,0,0,0,0,0,0,0,0,0,0,0,1,1,0,0,0,0,1,0,1,0,1,0,1,0,0, ,2,7,schmeckt gutist bekannt,FantaFritz Vio BioSelters,1,0,1,0,0,0,1,0,1,1,1,1,1,1,1,1,1,1,1,1,1,0,1, , , , , , ,3,3,3,2,7,2,7,2,7, , , , ,.6,1.5,1,.55,1,-2,0,0,1,0,1,0,2,2,2,1,1,0,1,0,1,-2,1,0,1,1,1,2,-1,1,1,-1,0,1,0,2,0,2,8,8,3,6,2,9,5,3,7,3,9,2,2,7,2,7,3,3,8,8,5,5,5,1,5,7,3,3,3,0,0,0,0,0,0,3,4,7,7,8,3, , , , , , , ,0,-2,1,0, , , , , ,2,1,-1,-2,-1,-1,0,-1,0,0,-2,-2,1,2,2,2,2,1,0,-2,-2,1,2, , , , , , , ,4,2, , , ,2, , ,3,2, , , ,2, , ,-2,1,0,1,0,-1,1,1992,4, ,3, ,0,-1,-1,1,1,0,0,0,0,1,5, ,2,0, ,0, ,4,4,0,3,49080,1,2,2,.378558151083333,2.01913489087256,-.280747936683284,-.0374546696606044,-1.43753671132468,.494998486206406,.809380370374932,.678391339373827,-.178610886815176,1,1
123,0,0,1,-zu ungesund-kein Verlangen nach Limonade, , , , , , , ,2, , , , , , , , , , , , , , , , , , , , , , , , , , , , ,Sommer,0,0,1,0,0,0,0,0,0,0,0,0,0,0,0,1,0,0,1,0,1,0,0,0,0,0,0,0,0, ,2,2,"Dadurch das ich selber keine Limonade trinke, würde ich sie auch nicht weiterempfehlen",VioFantaOrangina,1,0,0,0,1,0,1,0,0,1,1,1,0,0,1,1,1,1,0,0,1,0,1, , , , , , ,6,6,6,2,2,2,2,2,2, , , , ,1,2,1.5,.8, , , , , , , , , , , , , , , , , , , , , , , ,2,0,1,1,-2,0,1,0,-2,-2,6,8,8,6,8,10,10,8,4,2,3,8,2,5,5,5,8,7,2,2,3,3,5,5,2,2,7,3,7,8,2,2,9,5,9,4,1,1,8,7,9,4, , , , , , , ,2,-1,-1,2, , , , , ,1,-1,-1,-2,-2, , , , , , , , , , , , , , , , , ,2, , , , , , , ,2,3, ,3, , , , ,3,2, , , ,2, , ,-2,1,0,2,-1,1,2,1993,5, ,3, ,-1,-2,0,2,1,1,-2,0,-1,0,1, ,1,0, ,0, ,5,5,0,1,31855,6,2,2, , , , , , , , , , , 
124,1,1,0, ,1,1,0,1,0, ,3,2, , , , ,2, ,4,2,-2,2,1,0,0,0,0,0,0, ,0,1,1,1,0, ,-1,0,1,-2,Übergewicht,0,0,0,0,0,0,0,0,0,0,0,0,0,0,1,1,0,0,0,0,0,1,1,0,1,0,0,1,0, ,2,0,- Glasflasche kann kaputt gehen- Diabetes - zu viel Zucker,Fritz Fanta Bio Limo Fanta,1,0,1,0,0,0,0,0,1,1,0,1,0,0,1,0,1,1,0,0,1,0,1, ,1, , , , ,4,4,6,2,5,2,2,2,5, , , , ,.7,1,.8,.5,1,-2,0,-1,0,1,2,0,1,0,1,1,0,0,1,1,2,1,0,1,0,1,2,2,-2,0,0,-2,0,1,1,1,0,5,7,5,5,5,4,8,3,3,2,3,4,2,3,7,3,7,3,5,8,7,3,5,2,1,3,9,3,7,4,1,1,5,3,5,3,2,3,3,2,7,4, , , , , , , ,2,-2,-2,-2, , , , , ,1,2,-2,-1, ,0,-1,-2,0,0,0,0,2,-2,2,1,2,2,0,-2,-2,1,2, , , , , , , ,2,1, ,1, , , , ,2,1, , , , ,1, ,0,0,1,-1,0,-2,-1,1995,4, ,3, ,1,-1,0,1,1,2,-1,-2,-1,1,4, ,2,0, ,0, ,4,4,0,3,27607,1,1,2,-.829529322003998,.290530142292559,.809294672648909,.841905519809376,.489685008682397,-.267503449330933,.852973615674734,.709122560852758,1.61541596832934,3,2
125,1,0,0, , , , , , , ,2,2, , , , , , ,3,2,-2,-2,1,0,0,0,0,0,1, ,0,1,0,0,0, ,-2,0,0,0,sehr süß,0,0,0,0,1,0,0,0,0,0,0,0,0,0,0,0,0,1,0,0,1,0,1,0,1,0,0,0,0, ,2,1, ,"fanta, vio, fritz,",1,0,1,0,0,0,1,0,0,1,0,0,0,0,1,0,0,1,0,0,1,0,1, , , , , , ,4,4,5,2,6,2,6,2,7, , , , ,.6,1,.8,.4,0,-2,1,1,1,-1,1,1,0,-1,1,1,0,1,2,1,2,-1,2,-1,0,1,2,2,-1,-1,-1,-2,-2,2,0,0,0,5,7,7,6,6,6,9,7,4,6,4,5,2,2,2,4,4,8,6,10,10,4,8,6,0,8,8,2,8,7,2,2,4,3,3,4,2,2,2,3,2,3, , , , , , , ,1,-1,0,2, , , , , ,-1,-2,-2,1,-2,-1,-1,-1,1,0,-1,-2,0,-1,1,-1,1,1,1,0,-1,1,2, , , , , , , ,1,1,1, , , , , ,6,1,1, , , , , ,-1,0,-1,1,1,-1,1,1994,4, ,3, ,0,-1,-1,1,0,-1,-1,-1,0,-1,3, ,1,0, ,0, ,3,3,0,3,49074,1,2,2,-.986496433495614,-.0948932587397901,1.42117419164474,-.830176214553679,-.665949735252376,.562070423720174,.977813794958026,-.314741692770745,.383225527103855,4,3
126,1,1,0, ,0,1,0,1,1, ,5,1,4, , , ,5, ,5,1,-1,2,0,0,0,0,0,0,1, ,1,1,1,0,1, ,-1,1, ,1,Eine Dose kalter Fanta,1,0,0,0,0,0,0,0,0,0,0,0,0,0,0,1,0,0,0,0,0,0,0,0,1,0,1,0,0, ,1,5,Ich kenne das Produkt nicht vom Geschmack,Fruchtig lecker erfrischend Durstlöschend, , , , , , , , , ,1,1,1,1,1,1,0,1,1,0,0,1,0,1, ,1, ,1.5,1.5,1.5, , , ,1,10,1,6,1,5,.4,1.6,1.5,.1, , , , ,1,1,0,-2,-2,2,0,-1,1,0,1,1,0,0,0,-1,0,-2,-2,1,0,1,1,1,0,2,2,0,1,0,2,0,0,5,7,5,5,6,5,8,5,2,5,3,5,5,5,8,5,9,5,5,7,7,5,5,5,2,6,6,5,5,5,5,5,5,5,5,5,3,7,8,5,8,5,-2,-2,0,2,0,1,-1, , , , ,-1,-1,1,-1,1, , , , , ,2,-2,0,-2,-2,-2,2,-2,0,1,1,1,-2,0,0,-2,-2,1, , , , , , , ,1,1,1, , , , , ,3,1, , , ,1, , ,-1,2,2,0,2,1,2,1995,4, ,3, ,0,-2,1,-1,-1,-2,0,1,0,1,1, ,1,0, ,0, ,1,1,0,1,26624,1,1,2,.355635714383758,.149663488731236,-1.01718988351284,-2.49234700411599,1.92869988402528,-.106441373910942,-.132130871122191,1.57413686150334,-1.32764938669677,1,1
127,1,0,0, , , , , , , ,1,1, , , , , , ,5,1,-1,1,1,0,0,0,0,0,1, ,0,1,1,0,0, ,0,-1,0,1,zu süß,0,0,0,0,1,0,0,0,0,0,0,0,0,0,0,0,0,0,0,0,1,0,1,1,1,0,0,0,0, ,1,7,die Marke,Vio Fanta Fritz mirinda,1,0,1,1,0,0,1,0,0,1,1,1,1,1,1,0,0,1,0,0,0,0,0, , , ,.5,1,.75, , , ,1,5,1,8,1,6,.6,1.15,1,.4, , , , ,1,-2,0,-1,1,0,2,1,0,-1,1,1,0,1,-1,-1,1,-2,0,0,-1,0,0,1,1,1,1,0,2,-1,0,0,1,3,5,7,4,7,8,8,7,6,7,3,7,2,4,7,3,5,5,3,5,4,3,3,2,2,5,8,1,7,6,2,2,5,4,5,6,2,2,4,4,5,6,-2,2,-1,0,0,0,2, , , , ,-1,-1,-1,-1,1, , , , , ,-2,0,1,0,1,-1,-2,0,1,1,0,2,1,-1,-2,0,1,1, , , , , , , ,3,2, , ,2, , , ,2,2, , , , ,2, ,-1,1,-1,1,1,-1,0,1997,4, ,3, ,-1,-1,-1,1,0,1,0,0,-1,0,3, ,1,0, ,2, ,2,2,0,3,49525,3,2,2,-.218026017247192,.187184876583905,-.864887425571477,.150133149865553,-.956069592145547,.264087457585126,-.176478162068867,-.336884660821039,-.561297927303652,1,1
128,1,1,0, ,0,1,0,0,0, ,3,1, ,1, , , , ,3,2,-2,-1,1,0,0,0,0,0,1, ,0,0,1,0,0, ,1,-1,-2,1,fruchtig,0,0,0,0,0,0,1,0,0,0,0,0,0,0,0,1,0,0,1,0,0,0,0,1,1,0,0,0,0, ,1,7,fruchtiges AussehenGlasflasche,FantaOranginaBlunaFritzVioLemonaidSinalco,1,1,1,0,1,0,1,0,1,1,1,0,1,1,1,0,0,1,0,0,1,0,1, ,3, ,.69,.89,.89, , , ,1,5,1,7,1,7,.69,.89,.75,.49, , , , ,-2,-2,-2,-1,1,0,0,-1,1,0,1,1,1,0,1,1,1,-1,0,0,-1,0,2,1,0,1,1,2,2,-1,0,1,0,2,3,7,5,8,7,9,8,5,6,5,6,1,1,5,6,7,7,1,7,7,4,6,2,0,1,8,5,6,6,1,1,4,5,6,6,1,2,8,6,6,8,0,2,1,0,2,1,1, , , , ,1,1,1,-1,1, , , , , ,-2,-2,0,0,0,1,0,1,2,1,1,1,1,1,-1,-1,0,1, , , , , , , ,6,2, , , , , ,2,2,3, , , , ,3, ,-2,1,0,1,-2,-1,2,1996,4, ,3, ,0,-1,1,1,0,0,-1,-1,-1,-1,5, ,2,0, ,0, ,4,4,0,3,49080,0,2,2,-1.15625274745997,.715128842531955,.192699057876833,-.211720644901246,1.12276750979234,-2.53959482017724,1.15693584436064,-.495799056227852,.300375271995192,3,2
129,1,1,0, ,1,1,0,0,0,Mensa,2,2, , ,1, , ,1,2,-2,-2,0,1,0,0,0,0,0,1, ,0,1,1,0,0, ,-1,1,1,1,fanta fanta,1,0,0,0,0,0,0,0,0,0,0,0,0,0,0,1,0,0,0,0,1,0,1,0,0,0,0,0,0, ,2,5,soll er selbst probieren und sich ein Urteil bilden.,"fanta, vio, fritz, orangina, stern",1,0,1,0,1,0,1,0,1,1,1,1,0,0,1,0,1,1,0,1,1,0,1, ,12,Hausmarke lidl, , , ,6,6,6,2,5,2,6,2,6, , , , ,1.25,1.26,1.25,.1,1,-2,-2,-1,0,1,2,-2,1,1,2,1,1,2,1,-1,0,-2,-1,-1,-2,1,0,2,-1,0,0,-2,0,1,1,0,0,10,6,7,10,5,7,10,3,1,10,3,0,10,1,3,10,4,2,10,9,7,10,7,1,3,4,9,6,6,4,5,1,3,5,6,3,6,1,3,7,0,0, , , , , , , ,1,-2,1,1, , , , , ,1,1,-1,1,-1,-1,1,-2,-1,-2,-1,-1,-2,-2,0,-2,1,-2,-2,0,-2,-1,2, , , , , , , ,3,2, , ,2, , , ,3,2, , , ,2, , ,-1,0,0,0,0,-2,-1,1995,4, ,3, ,-1,-2,-1,1,1,1,-2,-1,-2,-2,2, ,1,0, ,0, ,4,4,0,3,49082,2,1,2,-1.79416305660001,1.12907855811256,-1.488646773885,.614635123658341,-.356639340063948,-1.39783845437639,-.48896267679012,.202375918995037,-1.95657027421514,3,2
130,1,1,0, ,0,1,0,0,0, ,3,1, , ,1, , , ,2,1,-1,0,1,0,0,0,0,0,0, ,0,1,1,0,0, ,-2,0,-1,0,An Orangenlimonade,0,0,0,0,0,0,0,0,0,0,0,0,0,0,1,1,0,1,0,0,1,0,0,0,1,0,1,0,0, ,1,5,Ich kenne die Limonade noch nicht gut genug um ein abschließendes Urteil zu sprechen,"Vita Orange (Thüringer Waldquell), Fanta, Fritz",1,0,1,0,0,0,0,0,1,1,1,0,1,1,1,1,1,1,0,0,1,0,1, ,12,Vita Orange,1,1.2,1.5, , , ,1,7,1,7,1,4,.45,1.21,1.2,.2, , , , ,-1,-2,0,-1,1,1,0,-1,-1,-1,-1,1,-1,0,1,0,1,-2,-1,-1,0,1,1,1,0,0,0,0,0,0,0,0,0,8,8,6,4,7,7,8,5,4,8,3,5,2,3,5,2,7,4,5,5,2,5,5,2,3,3,3,1,2,2,1,1,3,1,5,3,2,2,5,5,5,2,0,2,0,-2,2,1,2, , , , ,1,-1,-2,-1,1, , , , , ,-1,-1,0,0,-2,-1,-2,-1,-2,0,1,0,-1,0,0,0,0,1, , , , , , , ,3,1, , ,1, , , ,3,1, , , ,1, , ,1,-1,0,0,1,0,1,1988,4, ,3, ,-1,-1,0,1,1,0,0,0,-1,1,3, ,3,0, ,0, ,6,6,0,2,49090,0,1,2,.0231192091665955,-1.02237124291657,.50042123277467,.190377406701886,-.709488499396138,-.303593110763984,-.280400683174019,-.356666221008833,-.242508304404748,3,2
131,1,0,0, , , , , , , ,2,2, , , , , , ,3,1,-1,0,1,0,0,0,0,0,1, ,0,1,1,0,0, ,-1,2,0,1,"Erfrischung, den Sommer",0,1,1,0,0,0,0,0,0,0,0,0,0,0,0,1,1,0,1,0,1,0,0,0,0,0,0,1,0, ,2,7,klassisches Produktschmeckt immer noch gut,FritzOranginaFantaseven Up,1,0,1,0,1,0,0,0,1,1,1,0,0,1,1,0,1,1,0,1,1,0,1,Vita Orange, , , , , ,5,5,6,2,10,2,9,2,10, , , , ,.85,.9,.85,.6,-1,-2,-1,1,2,0,2,0,2,2,2,1,0,0,-1,-2,0,-2,1,2,0,2,2,2,1,2,2,-2,-1,1,0,2,2,4,7,8,6,7,7,10,5,7,4,6,5,0,3,3,3,4,3,3,5,8,3,4,3,0,6,8,3,5,5,0,3,3,3,4,3,0,5,5,5,5,5, , , , , , , ,0,0,0,2, , , , , ,2,1,-1,-2,1,0,-2,1,-2,0,1,0,-2,-1,-2,1,-2,-2,-1,1,1,2,2, , , , , , , ,3,1, , ,1, , , ,1,3, , , , , ,3,-2,2,0,1,0,-2,1,1994,4, ,3, ,-1,-2,-1,2,2,0,-2,0,-1,-1,5, ,2,0, ,2, ,4,4,0,3,49080,1,2,2,-1.04048691750691,2.42233499530355,-2.3763151635116,1.04455777881479,.831369686834381,-1.73453204059512,.351251053983618,1.46598837896462,.188490761362129,1,1
132,1,1,0, ,1,1,0,1,1, ,3,2, , , , ,4, ,2,1,-2,1,1,0,0,0,1,0,1, ,0,1,0,0,0, ,2,-2,1,0,Fanta,1,0,0,0,0,0,0,0,0,0,0,0,0,0,0,0,1,1,0,0,1,0,1,0,0,0,0,0,1, ,2,10,schmeckt gut,"Fanta, Fritz, Vio, die Limo,",1,0,1,0,0,0,1,0,1,1,1,0,1,0,1,1,1,1,1,0,1,0,0, ,3, , , , ,4,5,5,2,3,2,4,2,3, , , , ,.79,1,.9,.69,1,-1,1,-1,0,1,-2,-1,1,1,1,2,0,0,2,0,1,-2,0,-1,-2,2,0,2,-2,-1,1,-2,1,1,1,0,2,1,7,9,4,7,9,10,3,5,5,4,3,5,5,8,5,9,8,5,9,9,7,5,8,2,9,9,5,3,8,1,1,3,2,5,5,3,0,7,7,9,5, , , , , , , ,1,-2,-1,2, , , , , ,-1,-1,-1,-1,-1,2,-2,0,-1,2,0,-2,-2,1,2,2,2,-2,1,0,0,1,2, , , , , , , ,5,1, , , , ,1, ,6,2,2, , , , , ,1,1,1,1,0,-1,-1,1994,4, ,3, ,1,0,0,1,1,0,1,1,1,0,2, ,1,0, ,0, ,2,2,0,2,49201,4,1,2,1.21148174179926,.628361954489438,.221985006169797,.203551813173624,.0658213415790614,.349767528953454,.811613588517404,.655209696245042,-2.0040452350823,3,2
133,1,0,0, ,0,0,0,0,0, ,2,1, , , , , , ,5,1,-1,1,1,0,0,0,0,0,1, ,0,1,0,0,0, ,1,-1,0,1,"süß, viel Zucker",0,0,0,0,1,0,0,0,1,0,0,0,0,0,0,0,0,0,1,0,1,0,0,0,0,0,0,0,0, ,1,8,guter Geschmack,"Fanta, Fritz, vio Limonaden, Bionade, ja, gut und günstig",1,0,1,0,0,1,1,1,0,1,1,1,1,1,1,1,1,1,0,0,1,0,1, , , ,.8,.8,.8, , , ,1,10,1,9,1,9,.7,1,.9,.55, , , , ,1,-2,0,-1,2,0,-1,0,0,-1,1,1,0,0,0,0,-1,-1,-1,-1,-1,0,0,1,0,1,1,1,2,-1,0,2,1,2,4,7,6,4,5,10,3,6,5,5,6,1,1,4,3,8,3,3,8,9,5,7,2,2,5,9,6,8,2,1,1,4,3,6,2,1,2,8,5,7,4,-1,2,0,1,0,0,1, , , , ,-1,1,1,-1,1, , , , , ,1,0,0,0,-1,0,-1,0,0,1,1,0,1,1,1,-1,-1,1, , , , , , , ,6,1, , , , , ,1,5,1, ,1, , , , ,-1,0,0,1,0,-1,1,1996,4, ,3, ,-1,-1,0,0,1,0,0,0,0,0,1, ,1,0, ,1, ,4,4,0,1,28870,1,2,2,.160931178708024,.39470781159596,-1.08260948730167,-.226957295459777,.0864756223721309,-.207066115418975,-.0466679829810411,-.769315144647079,-.0399602720596086,1,1
134,1,1,0, ,1,1,0,0,1, ,5,2, ,1, , , ,2,2,1,-1,0,1,0,0,0,0,0,1, ,1,1,1,0,1, ,0,1,1,1,Fanta,1,0,0,0,0,0,0,0,0,0,0,0,0,0,0,1,0,0,0,0,1,1,0,0,1,0,1,0,0, ,2,6,Jeder kennt Fanta bereits,FritzFantaVioDeitVilsa,1,0,1,0,0,0,1,0,1,1,1,1,1,0,1,0,0,1,0,0,0,0,1, ,9, , , , ,4,5,3,2,8,2,8,2,7, , , , ,.8,1.3,1.2,.35,1,-1,0,2,1,0,0,1,1,1,1,2,0,1,0,0,1,-2,-1,-1,-1,1,1,2,-1,1,1,-2,0,0,0,-1,0,2,5,8,3,3,3,10,5,4,3,3,2,1,1,9,9,9,5,0,7,3,0,5,3,0,0,10,0,3,5,0,2,7,7,8,5,0,0,6,6,5,4, , , , , , , ,1,0,-1,1, , , , , ,-1,-1,-1,-1,-1,-1,0,1,-2,-2,-2,0,2,0,-1,1,1,2,0,1,-1,-1,2, , , , , , , ,6,2, , , , , ,2,3,2, , , ,2, , ,1,1,1,-1,0,2,0,1993,4, ,3, ,-1,-1,0,2,1,1,0,1,1,-1,2, ,1,1,Laktoseintoleranz,0, ,3,3,0,3,49074,5,1,2,.505232928219458,.82656228813484,-.478762556802739,1.02411489156137,.375918666274151,-.00189445827102476,-.175224007514272,.0651613683149794,-1.33870495424418,4,3
135,1,1,0, ,0,1,0,1,1, ,5,1,1, , , , , ,2,0,2,0,1,0,0,0,0,0,0, ,1,1,0,1,1, , ,2,2, ,saftig,0,0,0,0,0,0,0,0,0,0,0,0,0,0,1,1,0,1,0,0,0,0,0,0,1,1,1,0,0, ,1,5,ich habe die Fritz limo noch nie probiert,"Fanta, Fritz Limo, Sinalco, Vio Bio,",1,1,1,0,0,0,1,0,0,1,1,1,1,1,1,0,1,1,0,1,1,0,1, ,1, ,1,.75,0, , , ,1,10,1,6,1,1,1.2,2,1.5,.5, , , , ,-1,-1,1,0,0,1,0,1,1,0,1,2,0,2,-1,-1,-1,-1,-1,1,2,2,0,1,0,2,2,2,2,-1,-1,2,2,6,8,5, , , ,10,3,5, , , ,0,5,10, , , ,0,9,8, , , ,2,10,10, , , ,0,5, , , , , ,5, , , , ,-2,-2,-2,0,0,2,2, , , , ,-2,-2,-2,-2, , , , , , ,0,0,-1,0,-1,1,1,-1,2,-1,-1,-1,-1,-1,-1,-1,-2,1, , , , , , , ,4,1, , , ,1, , ,6,2,2, , , , , ,2,-1,-1,-1,1,-1,0,1997,5, ,3, ,0,0,0,0,0,0,0,0,0,0,2, ,1,0, ,0, ,1,1,0,3,49090,1,1,2,-.0371041375620272,.85866083902159,-1.72094889559655,-.536023850157586,1.34883091697643,-.333907226084535,-2.61582982106878,1.08793872371249,1.43736591656477,2,2
136,1,0,0, , , , , , , ,1,2, , , , , , ,5,2,-1,1,1,0,0,0,1,0,1, ,0,1,1,0,0, ,1,-2,1,-1,Fanta,1,0,0,0,0,0,0,0,0,0,0,0,0,0,0,0,0,0,1,0,1,1,1,0,1,0,0,0,0, ,2,7,Ich empfehle sehr zuckerhaltige Getränke in der Regel nicht weiter,"Fanta, Sinalco, Vio, Fritz Limonade, Bionade",1,1,1,0,0,1,1,0,0,1,1,1,1,1,1,0,1,1,0,0,1,0,1, , , , , , ,2,3,2,2,3,2,5,2,3, , , , ,.65,.8,.75,.5,1,-2,1,-1,0,1,1,0,1,0,1,1,1,1,0,1,2,0,-1,-1,1,0,1,2,2,0,0,-1,0,1,0,1,0,6,8,6,5,3,4,10,6,2,4,3,7,1,3,6,6,5,2,0,7,6,5,7,2,0,3,7,6,7,2,0,2,4,4,5,0,2,5,8,9,6,2, , , , , , , ,2,-1,1,0, , , , , ,2,1,-1,-1,-1,1,-2,1,-1,1,1,0,1, ,1,0,1,0,1,0,1,0,2, , , , , , , ,6,2, , , , , ,2,5,2, ,2, , , , ,-1,0,0,2,1,-1,1,1995,4, ,3, ,0,-1,1,1,1,0,0,1,0,0,4, ,2,0, ,4,"low carb, slow carb",6,6,0,1,46348,0,1,2,.378844753562993,.398929986318735,.415488613170363,.458104368249392,.739229297198959,.618282021511217,.701345554493157,-1.16551802020089,1.55841066364883,4,3
137,1,0,0, , , , , , , ,1,2, , , , , , ,5,-1,-1,1,1,0,0,0,1,0,1, ,0,1,0,0,0, ,1,-2,1,-1,FantaOma,1,0,0,0,0,0,0,0,0,0,0,0,0,0,0,0,0,0,0,0,1,0,1,1,1,0,0,0,0, ,2,2,sehe keine Notwendigkeit eine Fanta weiterzuempfehlen,FantaFritzRiverPunica?,1,0,1,0,0,0,0,1,1,1,1,1,0,0,1,0,0,1,0,0,1,0,1, , , , , , ,5,5,4,2,6,2,6,2,3, , , , ,.7,1.4,1.1,.5,1,-2,0,-2,-2,2,-1,-1,-1,-1,-1,1,1,0,0,0,0,-1,-2,-1,-1,2,-1,2,-1,0,2,-2,1,0,0,1,1,2,8,8,6,6,2,9,5,2,6,3,8,2,5,6,5,8,2,3,5,6,2,6,3,1,6,8,3,7,3,2,3,4,2,4,2,2,6,7,4,7,2, , , , , , , ,0,-2,2,-1, , , , , ,1,1,-1,-1,-1,1,-1,1,1,-1,0,-2,2,-1,0,0,0,1,-1,-2,-2,-2,2, , , , , , , ,5,1, , , , ,1, ,5,1, ,1, , , , ,1,-1,-1,1,0,-1,0,1994,6, ,3, ,1,0,-1,1,1,-1,1,0,1,1,1, ,2,0, ,0, ,6,6,0,1,26197,0,1,2,1.2419853559298,-1.55565283754782,-.832291163719599,.22766357132666,-.558817544600498,-.245901949344773,-.618372385686062,.882387447837586,-.970256383681155,3,2
138,1,1,0, ,1,1,0,0,0, ,3,1, , , , ,1, ,5,0,-1,1,1,0,0,0,1,0,1, ,0,1,1,0,0, ,-1,0,0,0,Fanta-Korn,0,0,0,0,0,0,0,0,0,0,0,1,0,0,0,0,0,0,0,0,0,0,0,1,1,0,1,0,0, ,1,3,Wirkt wässrig,"Fanta, Freeway, Fritz, Sinalco",1,1,1,0,0,0,0,1,0,1,1,1,1,0,1,0,0,1,0,0,1,0,1, ,1, ,1,1,1, , , ,1,7,1,6,1,6,.8,1.2,1.1,.4, , , , ,0,0,1,-1,-1,1,0,0,-1,-1,-1,1,1,0,-1,-1,-1,-1,-2,-1,-1,0,-1,1,0,0,0,1,1,0,0,0,0,1,8,7,4,5,4,9,4,3,5,3,7,2,3,4,4,7,4,4,5,5,5,3,3,2,7,6,5,5,4,1,3,5,4,3,4,1,3,5,4,4,4,-1,1,0,0,0,1,1, , , , ,-1,1,-1,-1,1, , , , , ,1,-1,0,-2,-1,0,-1,-1,-1,-1,-1,-1,-1,-1,-1,-2,-2,1, , , , , , , ,6,1, , , , , ,1,3,1, , , ,1, , ,-1,-1,-1,-1,1,0,0,1995,6, ,3, ,0,-1,0,1,1,0,0,0,0,0,1, ,2,0, ,0, ,6,6,0,1,49456,0,1,2,.0177625721739437,-1.27522360603342,-1.5637494370251,.341000811446983,.995281341734011,-.209509829434399,-.564787987469867,-.799198481501561,-.409593045825024,4,3
139,1,1,0, ,0,1,0,0,0, ,3,1, , , , , , ,2,-2,-2,-2,1,0,0,0,0,0,0, ,0,0,0,0,1, ,-2,0,-2,1, , , , , , , , , , , , , , , , ,1,0,0,0,0,1,0,0,0,1,0,0,0,0, ,1,5, ,"Fanta,Orangina,Vio limo,Feitzlimo",1,0,1,0,1,0,1,0,0,1,1,1,1,0,1,0,0,1,0,0,1,0,0, ,5, ,.9,.7,.6, , , ,1,8,1,7,1,6,.5,1,.9,.2, , , , ,-2,-1,0,0,0,1,-1,0,0,0,-1,1,1,1,0,0,1,-1,-1,0,0,-1,-1,1,0,1,1,-1,0,-1,0,1,1,5,7,7,6,6,9,9,7,8,6,7,5,4,6,7,6,6,8,8,9,7,6,6,5,4,7,6,5,6,9,5,6,5,5,6,7,4,5,7,7,6,7,-2,2,0,1,0,1,1, , , , ,-2,1,1,-2,1, , , , , ,0,-1,0,1,0,1,0,0,1,1,0,1,0,1,0,0,1,1, , , , , , , ,2,1, ,1, , , , ,6,1,1, , , , , ,0,0,1,1,1,-1,1,1998,4, ,3, ,1,-1,1,1,1,0,0,0,0,0,2, ,1,0, ,0, ,4,4, ,2,49082,0,1,2,.072670959002267,-.458424383876872,-.487174244606312,.548410036407774,1.24563879882145,-1.57396555653972,-.89008177901555,-1.42864623390867,.436451308566848,4,3
140,1,1,0, ,1,1,1,0,0, ,4,1, , ,1, , , ,2,2,-2,1,0,1,1,1,1,0,0, ,1,0,0,0,1, ,-2,1,2,-1,Orangen und Limonade,0,0,0,0,0,0,0,0,0,1,0,0,0,0,1,1,0,0,0,0,1,1,0,0,1,0,1,0,0, ,1,0,andere Limonadensorten haben einen besseren Geschmack,"Fanta, Fritz, Schweppes, Orangina,",1,0,1,0,1,0,0,0,1,1,0,1,0,1,1,0,1,1,0,0,1,0,1, ,5, ,.75,.95,.99, , , ,1,7,1,4,1,10,.75,1.25,1.15,.45, , , , ,2,-1,-1,1,2,1,2,-1,2,2,2,2,-1,0,2,2,2,-2,2,-2,1,2,2,1,0,1,-1,0,2,2,2,-1,-2,3,6,4,1,10,10,10,5,2,5,8,8,1,1,2,7,10,8,5,8,4,3,2,2,0,4,7,1,6,10,2,0,3,8,9,8,0,0,7,7,9,4,-2,2,0,2,2,-1,0, , , , ,-2,2,2,2,2, , , , , ,0,-2,-2,-1,1,1,0,2,2,2,2,2,2,2,-2,2,2,1, , , , , , , ,1,1,1, , , , , ,4,1, , ,1, , , ,0,1,2,2,2,-2,1,1997,4, ,6, ,2,-1,-1,0,1,1,1,0,1,2,2, ,1,0, ,0, ,3,3,0,3,49088,0,1,2,1.3910850831469,1.98835414935536,1.21455231229306,-.0139509486963487,1.10325995829966,.648284405189249,.838533783756835,.492197168850359,-.978543280529784,2,2
141,1,1,0, ,0,1,0,1,1, ,4,2, , , , ,10,10,5,2,-2,0,1,0,0,0,0,0,0,gute Angebote,0,0,1,0,1, ,-2,0,-2,-1,zucker,0,0,0,0,0,0,0,0,11,0,0,0,0,0,0,0,0,0,0,0,1,1,0,0,1,0,1,0,0, ,2,1,uninteressantes Produkt,FantaVIOFrittzCapriSonne,1,0,1,0,0,0,1,0,1,1,1,0,1,1,1,1,1,1,0,0,1,0,1, ,1, , , , ,4,5,6,2,8,2,6,2,9, , , , ,.8,1,.9,.5,1,-2,-1,0,-1,0,2,0,1,1,1,1,1,0,1,1,2,-1,1,-1,0,2,1,2,-1,0,-1,-2,1,1,0,1,0,2,4,3,5,8,6,10,6,2,4,2,3,1,2,3,4,9,7,2,7,2,1,6,5,0,7,3,3,7,6,0,1,4,5,7,6,1,4,3,6,8,7, , , , , , , ,0,-1,0,2, , , , , ,1,2,-1,-1,-2,1,-1,1,-1,-1,-1,-2,1,-1,0,-1,-1,1,-2,-1,-1,1,2, , , , , , , ,5,3, , , , ,3, ,5,3, ,3, , , , ,1,1,0,1,1,-1,1,1993,4, ,3, ,1,-1,0,1,1,1,2,2,1,1,4, ,2,0, ,0, ,6,6,0,1,59399,8,1,2,2.18461891352528,.366517351733072,.467524650123823,.846929998901425,-1.01861524766947,-.264475429595167,1.10702931477024,.841765318856929,-.522842789572495,3,2
142,1,0,0, , , , , , , ,3,1, , , , , , ,2,1,-2,1,1,1,0,0,0,0,0, ,0,1,1,0,0, ,0,0,0,0,Fanta,1,0,0,0,0,0,0,0,0,0,0,0,0,0,0,1,0,0,0,0,0,1,0,0,1,0,1,0,0, ,1,7,"Ich empfehle nicht so oft Orangenlimonade, bzw. allgemein Getränke","Fanta, Fritz-Limo, Orangina, Sinalco",1,1,1,0,1,0,0,0,0,1,1,0,0,1,1,0,1,1,0,0,1,0,1, , , ,.9,.9,.95, , , ,1,9,1,9,1,8,.8,1,.95,.5, , , , ,0,-1,1,-1,0,1,0,0,0,0,1,1,0,0,0,-1,0,-1,-2,0,-1,0,0,1,0,1,2,-1,2,-2,0,1,1,4,6,6,5,7,5,9,5,5,5,3,7,5,5,6,6,7,5,5,8,4,4,5,2,4,6,9,7,6,4,4,4,4,4,5,4,3,3,4,4,6,3,0,2,-1,0,1,2,2, , , , ,-1,1,-1,-1,1, , , , , ,-1,-1,0,1,-1,0,-1,1,1,1,0,1,0,1,-1,0,0,1, , , , , , , ,1,2,2, , , , , ,1,2, , , , , ,2,0,0,1,-1,0,-1,0,1996,5, ,3, ,1,0,0,1,-1,-1,1,1,1,0,2, ,1,0, ,0, ,4,4,0,1,48477,0,1,2,.953061579640878,.304014552137138,-1.12581521075132,-.862183256460655,.416653697509528,-.267309281281569,.717913202776728,-.370075430695859,-.243398459906608,1,1
143,1,1,0, ,0,1,0,1,0, ,4,2, , , , ,4, ,5,2,-2,2,1,1,0,0,0,0,0, ,0,1,1,0,0, ,0,-1,1,-1,Fanta,1,0,0,0,0,0,0,0,0,0,0,0,0,0,0,0,0,1,1,0,1,0,1,1,0,0,0,0,0, ,2,6, ,"Fanta, Fritz, Salvus",1,0,1,0,0,0,0,0,1,1,1,1,1,1,1,0,1,1,0,0,0,0,1, ,1, , , , ,6,6,5,2,8,2,8,2,5, , , , ,.8,1.1,1,.5,1,-1,-1,-1,0,2,-1,0,1,0,1,1,1,1,0,0,1,-1,-1,0,-1,1,1,2,0,1,1,-1,1,-1,0,0,1,4,7,10,2,7,8,8,5,2,3,3,5,3,3,8,5,5,3,5,8,7,5,5,2,1,7,9,3,6,6,1,3,7,3,7,3,3,5,8,5,8,5, , , , , , , ,-1,-2,1,-1, , , , , ,1,2,-1,-2,-1,0,-1,0,-1,-1,-1,0,-1,1,1,1,1,0,0,-1,-2,0,2, , , , , , , ,2,2, ,2, , , , ,3,2, , , ,2, , ,-1,1,1,0,0,2,1,1993,4, ,3, ,0,-1,0,1,0,1,0,1,1,1,2, ,1,0, ,0, ,2,2,0,1,49479,4,2,2,1.07304327910965,.401025947598397,-.445766428200092,.230522970430141,.612967546324151,-.666080718974797,.917092783198521,.650146275170855,-.683983938473006,3,2
144,1,0,0, , , , , , , ,3,1, , , , , , ,2,2,-2,2,1,0,0,0,0,0,1, ,0,1,1,0,0, ,1,0,0,1,Fanta,1,0,0,0,0,0,0,0,0,0,0,0,0,0,0,1,0,0,1,0,1,0,0,1,0,0,1,0,0, ,1,10,Glasflasche und schmeckt am besten,"Fanta, fritz, Pepsi, Mirinda",1,0,1,1,0,0,0,0,1,1,1,1,1,0,1,0,0,1,0,0,1,0,1,Salvus, , ,.7,.9,.8, , , ,1,8,1,9,1,6,.9,2,1.5,.4, , , , ,-1,-2,-1,1,1,1,0,0,1,0,0,2,1,0,1,1,1,-1,0,1,1,1,1,1,1,1,1,1,1,-1,0,1,1,3,4,9,0,3,0,8,4,5,0,3,0,1,3,4,0,5,0,3,5,5,0,2,0,1,3,5,0,4,0,3,3,3,3,2,3,0,2,4,1,1,2,-2, ,0,1,0,2,0, , , , ,-2,2,1,-2,1, , , , , ,0,-2,1,0,1,1,-1,-1,0,1,1,1,0,1,0,1,1,1, , , , , , , ,6,2, , , , , ,2,3,2, , , ,2, , ,0,0,-1,1,0,-1,1,1995,6, ,3, ,0,-1,0,1,0,1,0,0,0,0,2, ,1,0, ,0, ,4,4,0,3,49080,1,2,2,.099823457809232,.458542608090742,.340151194168918,.216596258904813,.244372300344703,-1.1684221920434,.778101444209847,.509626494955063,1.11712337927847,4,3
145,1,1,0, ,0,1,0,0,0, ,3,2,1,2, , , , ,3,0,-2,0,1,0,0,0,0,0,1, ,0,1,0,0,1, ,-2,1,0,0,spritzigsüß,0,1,0,0,0,0,0,0,0,0,0,0,0,0,0,1,0,1,0,0,1,0,0,0,1,0,0,0,0, ,2,1,zu künstlich,"fritz limo, vio bio, fanta, granini",1,0,1,0,0,0,1,0,1,1,1,0,1,1,1,0,0,1,0,0,1,0,1, ,3, , , , ,1,2,2,2,1,2,7,2,5, , , , ,.8,2.5,1.5,.4,1,-1,0,-2,1,1,-1,0,0,-1,1,1,1,0,1,0,1,-1,0,1,0,0,1,2,-2,0,0,-2,-1,1,0,0,-1,4,7,8,3,6,5,8,7,4,3,4,7,2,3,7,2,4,3,4,4,8,3,5,4,4,2,9,4,8,2,1,3,6,5,4,3,2,4,8,4,6,6, , , , , , , ,2,-1,-1,-1, , , , , ,-1,-1,-1,1,-1,-1,-1,-1,0,1,0,-1,-1,0,0,1,1,-1,-1,0,-1,1,2, , , , , , , ,5,2, , , , ,2, ,1,2, , , , , ,2,-1,1,1,1,0,-1,1,1996,4, ,3, ,1,0,0,-1,-1,-2,1,0,0,1,2, ,1,0, ,1, ,0,0,0,3,49074,1,2,2,.497763662557708,.214413644329267,.16615125028771,-2.42132597053175,.23318230500355,.0107665989446328,.0436025418943123,.406171276450568,.178853357475694,1,1
146,1,0,0, , , , , , , ,1,2, , , , , , ,5,-2,-2,2,1,0,0,0,0,0,0, ,0,1,0,0,0, , ,-2,-2,0,Fanta,1,0,0,0,0,0,0,0,0,0,0,0,0,0,0,0,1,0,0,0,0,0,1,1,1,0,0,1,0, ,2,7,Die Marke,Fanta; Vio; Fritz; Die Limo,1,0,1,0,0,0,1,0,1,1,1,1,0,1,1,0,1,0,0,0,0,0,1, , , , , , ,2,2,1,2,1,2,1,2,1, , , , ,.5,.75,.59,.29,1,-2,1,-2,-1,0,1,-1,0,0,1,2,0,0,-1,0,1,0,-1,-1,1,1,-1,2,0,1,1,-2,0,0,0,1,1,1,6,9,5,5,5,9,6,2,5,5,5,1,6,9,5,5,5,2,9,5,5,5,5,1,5,7,5,5,5,1,5,8,5,5,5,2,4,8,5,5,5, , , , , , , ,1,-1,1,0, , , , , ,1,1,-1,-1,-2,1,1,1,0,0,-1,-2,1,1,0,1,1,0,1,0,-1,0,2, , , , , , , ,1,2,2, , , , , ,4,1, , ,1, , , ,0,-1,1,-1,0,-1,-2,1994,4, ,3, ,1,1,1,1,0,1,1,1,1,1,2, ,1,0, ,0, ,6,6,0,1,26901,8,1,2,1.41521523168463,-.0385975607980643,-1.01823008549587,.64686919976757,-1.45708932602277,.717788821742639,-1.05123898487734,-.267070473542578,.624477219448758,1,1
147,1,1,0, ,1,1,0,0,0, ,3,1, , , , ,1, ,2,1,-2,1,1,0,0,0,0,0,0, ,0,1,0,0,0, ,2,-1,1,-1,Fanta,1,0,0,0,0,0,0,0,0,0,0,0,0,0,0,1,0,0,0,0,1,0,1,0,0,0,0,0,0, ,1,6,Mir schmeckt die fritz Fanta nicht so gut,FantaFritzMirinda,1,0,1,1,0,0,0,0,0,1,1,1,1,1,1,1,0,1,0,0,1,0,1, ,1, ,1.5,1,.5, , , ,1,9,1,6,1,1,1,2,1.5,.9, , , , ,0,-2,1,-1,-1,2,1,-1,0,-1,1,1,1,-1,0,-1,-1,-1,-2,0,0,0,0,1,-1,1,1,0,2,0,0,0,1,7,9,6,5,2,8,10,4,5,8,3,5,2,5,7,7,8,7,2,9,5,1,3,2,3,8,8,1,4,4,2,2,4,4,8,5,3,5,6,5,6,3,2,1,-1,1,1,1,1, , , , ,-2,1,-1,-1,1, , , , , ,1,0,1,-1,-1,-1,-1,-1,2,1,-1,1,-1,1,0,-1,-1,1, , , , , , , ,5,1, , , , ,1, ,2,1, , , , ,1, ,0,1,1,1,1,0,-1,1997,4, ,3, ,1,-2,0,1,-1,1,1,-1,0,0,2, ,1,0, ,0, ,1,1, ,3,49074,1,1,2,.0834633324921417,-.110866618278663,-1.60471136157445,-.118077951545791,-.650266822914277,-.0531164207598624,.40028942474528,-.286650070784776,.203231937091324,1,1
148,1,1,0, ,0,1,0,1,0, ,3,1, ,1, , , , ,2,2,-1,1,1,0,0,0,0,0,1, ,0,1,1,0,0, ,1,-1,-2,0,fanta,1,0,0,0,0,0,0,0,0,0,0,0,0,0,0,0,0,0,0,0,1,0,1,0,0,0,0,1,0,süß,1,6,farbe,"Fanta, Fritz, Vio, Sinalco",1,1,1,0,0,0,1,0,0,1,1,0,0,1,1,0,0,1,0,0,1,0,0, ,1, ,1,1,1, , , ,1,7,1,6,1,4,.6,1.5,1,.5, , , , ,-2,-1,0,-2,1,2,1,1,0,-1,1,1,1,2,2,2,2, ,-1,0,-1,2,0,1,0,1,1,-1,2,0,0,1,0,3,6,7,2,3,4,10,5,3,8,3,10,2,4,5,2,7,2,5,9,6,1,4,2,4,6,8,3,8,0,3,2,3,5,8,2,5,5,4,5,7,5,0,2,2,0,0,1,2, , , , ,-2,-2,2,1,1, , , , , ,1,1,1,-1,-1,-2,-2,2,1,1,1,1,0,0,-1,-1,-1,1, , , , , , , ,6,2, , , , , ,2,5,1, ,1, , , , ,-1,1,1,0,1,-1,1,1997,4, ,3, ,0,-1,1,2,0,1,1,0,-1,1,2, ,1,0, ,0, ,3,3,0,2,49090,1,2,2, , , , , , , , , , , 
149,0,0,1,"trinke überwiegend Wasser, wenn Limonade dann lieber Mexomix oder Sprite", , , , , , , ,2, , , , , , , , , , , , , , , , , , , , , , , , , , , , ,Fanta,1,0,0,0,0,0,0,0,0,0,0,0,0,0,0,0,1,0,0,0,1,0,0,0,0,0,0,0,0, ,2,2,"es ist ein sehr zuckerhaltiges Getränk wovon mehr mehr durst bekommt als, dass er gestillt wird","orange, süß, sprudelig,",0,0,0,0,0,0,0,0,0,1,1,1,1,0,1,0,0,1,0,0,1,0,1, , , , , , ,3,3,3,2,3,2,3,2,3, , , , ,.75,1.2,1,.5, , , , , , , , , , , , , , , , , , , , , , , ,2,-2,-1,0,-2,1,0,1,1,0,5,7,7,4,5,3,6,3,3,7,5,9,1,1,7,1,1,1,1,9,8,5,5,1,1,7,8,1,3,4,0,0,1,0,1,0,0,1,2,0,1,0, , , , , , , ,2,-2,-1,-2, , , , , ,-1,1,-1,1,-1, , , , , , , , , , , , , , , , , ,2, , , , , , , ,3,1, , ,1, , , ,6,2,2, , , , , ,-1,1,2,1,0,1,1,1993,4, ,3, ,1,-1,0,0,0,-1,0,0,0,0,2, ,1,0, ,0, ,4,4,0,1,48477,0,2,2, , , , , , , , , , , 
150,1,1,0, ,0,1,0,1,1, ,4,1, , , , ,2,1,2,2,-2,2,1,1,0,0,0,0,0, ,0,1,1,0,0, ,2,-1,1,-2,an Fanta und Partys mit Fantaroten,1,0,0,0,0,0,0,0,0,0,1,0,0,0,0,0,0,1,0,0,1,0,1,0,0,0,1,0,0, ,1,0,Mir schmeckt diese nicht besonders gut,Vio BioFanta bzw. Coca ColaFritzSinalcoRiverAuen wald,1,1,1,0,0,0,0,1,1,1,1,0,1,1,1,0,1,1,0,0,1,0,1, ,1, ,1,.75,1, , , ,1,8,1,2,1,9,.75,1.25,1,.5, , , , ,1,-2,1,0,1,2,1,-1,0,1,1,2,0,1,2,2,1,-2,-1,-1,1,1,2,1,-1,1,0,1,2,0,1,2,1,8,8,7,7,9,5,8,6,6,8,6,9,3,4,4,2,7,0,0,0,0,0,0, ,3,8,8,4,8,5,4,4,3,3,5,3,0,0,0,0,2,0,-1,2,0,2,2,1,2, , , , ,-2,-1,-2,-2,1, , , , , ,1,-1,0,1,0,0,-2,2,1,1,1,1,2,0,0,-1,0,1, , , , , , , ,2,1, ,1, , , , ,2,1, , , , ,1, ,-1,0,-1,1,1,-1,1,1997,4, ,3, ,1,-1,-1,-1,0,0,0,-1,-1,-1,2, ,1,0, ,0, ,1,1,0,3,49074,0,2,2,-.961197918356967,.670278293078147,1.25809637727467,-1.42862010200493,-.636058978351868,1.390788682029,.727015633124428,-.0720864533900918,-.0717634737439787,1,1
151,1,0,0, , , , , , , ,3,2, , , , , , ,2,0,-2,1,1,0,0,0,0,0,1, ,0,1,1,0,0, ,1,1,1,1,süß,0,0,0,0,1,0,0,0,0,0,0,0,0,0,0,1,0,0,0,0,1,0,1,0,1,0,0,0,0, ,2,5,schmeckt sehr gut aus einer Glasflasche,"Fanta, Sinalco, Fritz Cola, Deit, River",1,1,1,0,0,0,0,1,1,1,1,1,1,1,1,0,1,1,0,0,1,0,1, , , , , , ,4,4,4,2,8,2,6,2,8, , , , ,.5,1,.8,.2,2,-1,1,-1,-1,2,1,1,0,-1,0,1,-1,1,0,0,1,-2,-1,-1,1,1,1,2,1,2,1,-2,1,0,1,1,1,4,6,6,3,8,4,8,6,4,8,4,4,3,5,5,3,7,4,3,8,3,3,5,3,5,7,8,1,7,4,3,3,3,3,6,4,3,4,6,3,4,6, , , , , , , ,1,1,0,1, , , , , ,-1,-2,-1,2,-1,2,-1,1,-1,-1,-1,-1,-1,0,2,1,1,-1,-1,-1,-1,1,2, , , , , , , ,4,1, , , ,1, , ,1,2, , , , , ,2,-1,1,0,1,1,-1,1,1996,4, ,3, ,0,-1,0,1,1,1,-1,1,0,1,2, ,1,0, ,0, ,3,3,0,3,49088,1,1,2,.364880898012163,-.772552443157407,-.255978736600044,.715532808430916,-.280107036864442,1.57230139250041,-.135097726330728,-.121883928124486,-.605233528543276,3,2
152,0,0,1,"Da ich ausschließlich Wasser trinke. Falls ich auf andere Getränke zugreife, achte ich darauf, dass sie Kalorienarm sind.", , , , , , , ,1, , , , , , , , , , , , , , , , , , , , , , , , , , , , ,"Zucker, ungesund, Kalorien",0,0,0,0,0,0,0,1,1,0,0,0,0,0,1,1,0,0,1,0,1,0,0,1,1,0,0,0,0, ,1,0,"Da ich auf eine ausgewogene und gesunde Ernährung achte, weshalb ich pauschal niemanden zuckerhaltige Getränke empfehle.","Fanta, Fritz",1,0,1,0,0,0,0,0,0,1,1,1,0,1,1,0,1,1,0,0,1,0,0, , , ,1.7,1.4,1.9, , , ,1,5,1,5,1,5,1.8,2,1.9,1, , , , , , , , , , , , , , , , , , , , , , , , , , , ,1,0,0,1,1,-1,0,0,0,1,6,5,4,1,1,1,5,0,3,5,3,7,0,0,0,0,3,0,3,7,5,2,2,2,4,5,0,0,0,0,0,0,0,0,0,0,0,0,3,0,0,0,-2,-2,-2,-1,-2,1,0, , , , ,-2,1,-2,-1,1, , , , , , , , , , , , , , , , , , , , , , ,1, , , , , , , ,5,1, , , , ,1, ,4,1, , ,1, , , ,-2,1,-1,2,2,-2,0,1994,4, ,3, ,0,-1,0,2,2,2,0,0,1,0,2, ,1,0, ,4,"Ja. Sowohl ausgewogen, als auch speziell ausgewählte Produkte. Aktuell normale Diät-> 500kc",2,2,0,3,49084,1,1,2, , , , , , , , , , , 
153,1,1,0, ,1,1,0,0,0, ,4,1,2,1,1, , , ,2,1,2,-1,1,1,0,0,0,0,1, ,1,0,1,0,1, , , , ,2,Fruchtiger und süßer Geschmack Erfrischung,0,1,0,0,1,0,1,0,0,0,0,0,0,0,0,1,0,0,1,0,1,1,0,0,1,0,0,0,0, ,1,4,Optisches Aussehen nicht optimal,"Fanta, Fritz",1,0,1,0,0,0,0,0,0,1,0,0,0,0,1,0,0,1,0,0,1,0,0, ,9, ,.65,.5,.45, , , ,1,10,1,4,1,1,.65,1.2,1,.5, , , , ,0,2,1,2,2,0,2,1,2,2,2,2,1,1,2,2,2,0,-2,0,1,1,1,1,0,2,1,2,2,1,1,2,1,3,4,6,9,4,2,10,3,6,8,2,10,3,2,9,7,4,8,4,8,9,2,5,3,0,9,8,1,5,1,8,1,7,2,3,4,2,8,8,3,8,2,-2,2,2,-2,0,0,2, , , , ,-2,1,-1,1,1, , , , , ,-1,2,-2,-1,-1,1,2,2,2,1,-1,1,1,-1,-1,-1,-1,1, , , , , , , ,6,2, , , , , ,2,2,1, , , , ,1, ,0,-2,-1,1,0,-2,1,1992,4, ,3, ,-2,-2,2,2,2,1,-2,-2,-1,-1,2, ,1,0, ,0, ,6,6,0,3,49090,1,2,2,-2.11679594340809,1.83890473250046,2.05096621792042,.791716234136931,3.80057847790844,.0656499083196884,-2.65824119461749,.152884622463386,1.51509371234311,2,2
154,1,0,0, , , , , , , ,2,1, , , , , , ,2,2,-2,2,1,0,0,0,0,0,0, ,0,1,0,0,0, ,0,-1,0,1,Orange,0,0,0,0,0,0,0,0,0,1,0,0,0,0,0,0,0,1,1,0,1,0,0,0,0,0,0,0,0, ,1,5,noch nicht häufig getrunken,"Fanta, Ja!,",1,0,0,0,0,0,0,1,0,1,1,1,0,0,1,0,0,1,0,0,0,0,0, , , ,.7,.8,.55, , , ,1,8,1,8,1,3,.55,1.2,.75,.3, , , , ,0,-2,0,-1,0,1,0,1,0,0,1,1,1,0,1,0,1,-1,0,-1,0,-1,0,1,1,0,1,1,0,-1,0,1,1,5,9,7,3,6,7,9,4,7,7,8,7,3,6,4,6,8,8,4,7,4,4,5,4,1,8,6,4,8,7,2,5,7,5,8,5,4,6,8,5,8,5,-2,-2,0,1,-1,2,0, , , , ,-2,-1,1,-1,2, , , , , ,1,1,0,0,-1,0,-1,0,2,0,1,1,1,1,-1,-1,1,1, , , , , , , ,1,1,1, , , , , ,5,1, ,1, , , , ,-2,1,1,1,-1,-1,1,1996,4, ,3, ,0,0,0,1,1,1,0,0,-1,-1,2, ,1,0, ,1, ,3,3,0,2, ,4,2,2,-.480516157062406,.133003602735718,-.0398731283285615,.675676777384328,.0422656023690837,-.381995156634162,1.15571488076257,-1.65254626423551,.613855828383849,4,3
155,1,1,0, ,1,1,0,1,0, ,4,1, ,1, , , , ,3,2,-1,0,1,0,0,0,0,0,1,Nährwerte und schönes Verpackun,0,0,0,0,1, ,-2,1,-1,0,an die Orangen Limonade von Aldi und an die Sonne,0,0,0,1,0,0,0,0,0,0,0,0,0,0,1,0,0,0,1,1,1,0,0,1,0,0,1,0,0, ,1,5,"Ich mag Orangen Limonade nicht so gerne, ich finde Limette/Zitronen Limonade viel besser","Vio Bio, Fanta, Fritz, Aldi Limonade",1,0,1,0,0,0,1,1,0,1,1,0,0,1,1,0,1,1,0,0,1,0,0, ,5, ,1,1.2,1.3, , , ,1,5,1,6,1,7,.7,1.2,1,.7, , , , ,-2,0,0,-1,1,-1,2,-1,1,0,1,1,2,0,1,1,2,-2,-1,-1,-2,1,1,1,0,2,0,2,2,0,2,2,1,4,5,6,3,6,7,10,8,5,10,4,5,1,4,6,1,7,6,5,5,5,0,5,5,0,5,9,0,7,8,1,0,4,1,5,4,1,2,8,1,7,5,0,1,0,0,0,1,2, , , , ,-2,-1,-1,-1,1, , , , , ,0,-1,1,0,-1,2,-2,0,1,2,-2,2,0,0,-1,0,0,1, , , , , , , ,1,3,3, , , , , ,4,3, , ,3, , , ,-2,0,0,1,0,-1,2,1997,4, ,3, ,0,0,0,1,0,1,0,0,0,1,2, ,1,0, ,0, ,5,5,0,3,49078,2,2,2,.307770800293842,.594510196785327,1.19377554441106,.0553018005504887,1.28957149817032,-.980625033269654,.0462180421180154,-.485299635651084,-1.1349489805853,2,2
156,0,0,1, , , , , , , , , , , , , , , , , , , , , , , , , , , , , , , , , , , , , , , , , , , , , , , , , , , , , , , , , , , , , , , , , , , , , , , , , , , , , , , , , ,1,1,1,0,1,0,0,1,1,0,0,1,0,1, , , , , , , , , , , , , , , , , , , , , , , , , , , , , , , , , , , , , , , , , , , , , , , , , , , , , , , , , , , , , , , , , , , , , , , , , , , , , , , , , , , , , , , , , , , , , , , , , , , , , , , , , , , , , , , , , , , , , , , , , , , , , , , , , , , , , , , , , , , , , , , , , , , , , , , , , , , , , , , , , , , , , , , , , , , , , , , , , , , , , , , , , , , , , , , , , , , , ,2, , , , , , , , , , , 
157,0,0,1,"Weil sich keine Gelegenheit ergeben hat. Ansonsten, weil darin viel ""versteckter"" Zucker drin ist.", , , , , , , ,1, , , , , , , , , , , , , , , , , , , , , , , , , , , , ,"Erfrischung, Spaß, Sommer, Meer, Urlaub",0,1,1,0,0,0,0,0,0,0,0,0,1,0,0,1,0,0,1,1,0,0,1,0,0,0,0,1,0, ,1,4,"Im Endeffekt ist alles Wasser mit Aromastoffen. Geschmacklich finde ich die Alternative gut, es gibt aber auch günstigere Alternativen.","Fanta, Fritz",1,0,1,0,0,0,0,0,0,0,0,0,0,0,0,0,0,0,0,0,0,0,0, , , ,.5,.6,.7, , , ,1,4,1,4,1,5,.5,1.6,1,.3, , , , , , , , , , , , , , , , , , , , , , , , , , , ,1,-2,0,2,1,2,0,1,1,1,4,8,7,6,5,9,10,7,3,4,3,5,0,0,0,0,2,2,2,2,5,2,4,3,0,7,8,1,2,7,9,8,8,8,7,8,4,4,5,4,5,5,-2,0,0,2,0,0,2, , , , ,-1,2,2,-1,1, , , , , , , , , , , , , , , , , , , , , , ,1, , , , , , , ,4,1, , , ,1, , ,5,1, ,1, , , , ,-2,0,-1,1,0,0,-1,1996,6, ,3, ,-1,1,1,1,1,1,0,-1,0,1,2, ,1,0, ,1, ,5,5,0,2,49090,1,1,2, , , , , , , , , , , 
158,1,0,0, , , , , , , ,1,2, , , , , , ,2,1,-1,1,1,0,0,0,0,0,1, ,0,1,1,0,0, ,-1,0,0,2,"Fruchtig, frischer Orangengeschmack und wenig zuckerzusatz",0,0,0,0,0,0,1,0,0,0,0,0,0,0,1,1,0,0,1,0,0,0,1,0,1,0,1,0,0, ,2,7,"Fanta ist die bekannteste Limonade.Trinkt man selten, schmeckt aber gut.",FantaFritz Vio BioNestleFuze,1,0,1,0,0,0,1,0,1,1,0,1,0,0,1,0,1,1,1,0,0,0,0, , , , , , ,6,6,3,2,10,2,7,2,5, , , , ,.6,1.5,1,.5,1,-1,0,0,0,1,-2,-1,1,-2,1,1,0,0,0,1,1,-2,0,-1,0,1,1,2,1,1,1,0,1,1,-1,1,1,3,6,7,5,5,9,8,3,3,5,2,4,3,6,6,5,7,6,5,5,7,5,6,4,3,8,6,5,7,8,4,4,5,3,7,7,3,7,8,4,5,8, , , , , , , ,1,0,-1,0, , , , , ,-1,2,-1,-2,1,0,-1,-1,1,-1,0,-2,1,-2,1,1,1,1,0,-1,-2,0,2, , , , , , , ,6,1, , , , , ,1,5,1, ,1, , , , ,-1,0,-1,1,0,-1,1,1998,6, ,3, ,-1,-1,0,1,-2,0,-1,-1,-1,-1,2, ,1,0, ,0, ,4,4,0,1,49328,1,2,2,-1.37287196640862,.0176748093327304,.295274639411865,-1.20587497199632,-.298671774871442,.741218873083089,-.330977124586508,.00885698620919625,-.556703793473343,1,1
159,1,1,0, ,0,1,0,0,0, ,3,2, , , , ,4, ,2,2, ,0,1,0,0,0,1,0,0, ,1,1,1,0,0, ,1,0,-1,0,Fanta,1,0,0,0,0,0,0,0,0,0,0,0,0,0,0,1,0,0,1,0,1,0,0,1,1,0,0,0,0, ,2,6,schmeckt gut,FantaCarolinenGranini,1,0,0,0,0,0,0,0,1,1,1,1,0,1,1,0,1,0,0,0,1,0,0, ,1, , , , ,6,5,6,2,10,2,5,2,8, , , , ,.5,.9,.7,.3,2,0,1,-1,-1,2,0,1,0,0,0,1,0,0,-1,-1,0,-2,-1,-2,0,2,0,2,1,1,2,-2,0,-1,1,2,1,2,8,5,5,7,7,10,3,1,5,3,3,3,4,7,7,8,5,3,7,7,2,5,0,4,8,10,2,8,5,2,3,5,6,8,3,3,5,7,5,8,5, , , , , , , ,1,-2,0,0, , , , , ,2,2, ,-1,-1,2,-1,0,-1,-2,0,0,-1,1,1,0,1,-1,0,-2,-2,0,2, , , , , , , ,5,1, , , , ,1, ,6,1,1, , , , , ,0,-1,0,1,-1,0,1,1998,4, ,3, ,0,-2,0,2,1, ,0,0,0,0,2, ,1,0, ,0, ,4,4,0,2,32139, ,2,2, , , , , , , , , , , 
160,1,1,0, ,0,1,0,0,0, ,2,1, ,1, , , , ,4,0,1,1,1,0,0,0,1,0,1, ,0,1,1,0,0, ,-2,2,0,1,Erfrischung bei warmem Wetter,0,1,0,0,0,0,0,0,0,0,0,0,0,0,0,1,0,0,0,0,0,1,0,1,1,0,1,0,0, ,1,9,Ich mag den Geschmack und würde die Limo daher weiterempfehlen,"Vio, Fritz, Fanta",1,0,1,0,0,0,1,0,0,1,1,1,0,1,1,0,1,1,0,1,1,0,1, ,3, ,.8,.8,.9, , , ,1,8,1,9,1,7,.6,1.5,1.2,.5, , , , ,-2,-2,0,1,2,1,-2,0,1,0,1,1,1,-1,2,2,2,-2,0,0,-2,1,2,1,2,2,2,2,2,-1,1,0,0,9,10,10,10,7,10,10,9,5,7,2,9,3,3,8,7,10,2,5,7,5,5,6,4,3,9,9,3,8,3,3,2,6,5,9,3,2,2,6,6,9,3,1,2,2,0,1,1,1, , , , ,-2,2,-2,2,1, , , , , ,0,-2,2,2,0,1,-1,1,0,2,0,2,2,2,2,2,2,1, , , , , , , ,2,2, ,2, , , , ,5,2, ,2, , , , ,-2,2,0,2,-1,2,1,1994,4, ,3, ,0,-1,1,1,0,1,2,2,2,2,2, ,1,0, ,1, ,1,1,0,2,49090,1,2,2,2.7918532464178,.787056359013729,1.76919003961724,.456293563336132,.338086344367373,-1.3715041445797,-2.29203288019375,-.0405276568073813,-.935040579978655,2,2
161,1,1,0, ,0,1,0,1,0, ,5,1, , , , ,3, ,4,0,-2,2,0,0,0,0,0,0,1,Erfahrung,0,1,1,0,1, ,-2,1,2,2,Fanta,1,0,0,0,0,0,0,0,0,0,0,0,0,0,0,1,0,0,1,0,1,0,1,0,0,0,1,0,0, ,1,0,schmeckt nicht so gut,"Fanta, Sinalco, die Limo, fritz,",1,1,1,0,0,0,0,0,0,1,0,0,0,0,1,0,1,1,1,0,1,0,1, ,1, ,.65,.5,.55, , , ,1,10,1,1,1,6,.95,1.5,1.2,.5, , , , ,2,-2,1,-1,0,1,1,-2,0,0,1,1,-2,-1,-1,1,1,-2,-2,-2,1,2,0,1,1,2,2,1,2,-1,2,0,2,3,7,7,3,4,7,10,8,2,9,2,8,3,8,7,3,8,6,1,8,2,2,6,3,2,7,9,1,8,6,0,2,5,3,3,7,5,5,8,3,8,6,-2,2,-2,-2,2,2,2, , , , ,-1,1,-1,-2,2, , , , , ,1,-2,0,2,-2,0,-2,-1,1,1,1,-1,-1,1,-1,-2,-2,1, , , , , , , ,3,1, , ,1, , , ,3,1, , , ,1, , ,1,-1,1,1,-1,2, ,1998,4, ,3, ,1,-2,-1,-1,-2,-1,-1,-1,-1,0,2, ,1,0, ,0, ,2,2,0,1,49152,1,2,2,-1.09220342277907,.321176396222477,-.287742353147657,-2.37757535781686,-.9364106217349,2.11388626275734,.0141435205772931,.229999862118709,-.783526562748687,1,1
162,1,1,0, ,1,1,0,0,0, ,3,2, , , , ,1,1,2,1,-2,2,1,0,0,0,0,0,1, ,0,1,1,0,0, ,-1,0,1,1,Fanta SüßCola,1,0,0,0,1,0,0,0,0,0,0,0,0,0,1,0,0,1,0,0,1,0,1,0,0,0,1,0,0, ,2,7,Fanta schmeckt gut und der Preis war auch okay,FantaSinalcoFreeway,1,0,1,0,0,0,0,1,0,1,1,1,1,1,1,0,1,1,0,1,1,0,1,die Limo von granini,8, , , , ,4,4,4,2,6,2,7,2,5, , , , ,.5,1,.8,.4,2,-2,1,0,0,-1,-1,1,0,-1,1,1,0,1,-1,0,-1,-2,-2,-1,0,1,0,2,-2,1,0,-2,-1,0,1,2,1,5,8,7,6,5,8,8,3,5,5,3,4,2,2,4,4,7,4,3,7,2,4,6,5,4,8,7,5,8,9,1,1,4,3,4,3,2,2,6,6,7,6, , , , , , , ,1,-1,-1,0, , , , , ,-1,1,-1,-1,1,-2,-1,-1,-1,-2,-1,-2,1,0,1,0,1,1,-1,0,-1,-1,2, , , , , , , ,5,1, , , , ,1, ,3,1, , , ,1, , ,-2,-1,-1,1,0,1,1,1997,4, ,3, ,-1,-2,0,2,1,1,-1,-1,-1,-1,2, ,1,0, ,1, ,5,5,0,2,49090,1,2,2,-1.11986761161648,-.0466141032201761,-1.59801296499509,.995624150462846,-1.08963155736802,1.28135133539473,.498953502102223,-.0632716873616564,-.635809836887646,3,2
163,1,0,0, , , , , , , ,3,1, , , , , , ,2,1,-2,1,1,0,0,0,0,1,1, ,0,0,0,0,1, ,-2,1,0,1,Fanta,1,0,0,0,0,0,0,0,0,0,0,0,0,0,0,1,0,0,1,0,0,1,0,1,1,0,0,0,0, ,1,7,Produkt gefällt mir persönlich nicht so gut geschmacklich.,"Pepsi, Fanta, Fritz, Bloona",1,0,1,0,0,0,0,0,1,1,1,1,0,0,1,0,1,1,0,0,0,0,1, , , ,1.5,1.8,1.4, , , ,1,9,1,7,1,4,1,1.9,1.4,.8, , , , ,-1,-2,-1,-1,1,1,2,1,1,1,2,1,-1,-1,0,-1,0,-2,-2,0,0,1,1,1,1,1,-1,1,0,-1,0,0,1,8,7,8,5,9,9,9,6,2,3,6,6,2,5,4,5,4,6,2,3,5,1,5,1,2,7,7,6,6,7,1,2,3,5,1,2,1,1,3,3,5,4,-1,2,1,0,2,0,2, , , , ,-1,1,-1,-2,1, , , , , ,1,-1,0,0,1,1,0,0,1,1,-1,-1,0,-2,-1,-1,1,1, , , , , , , ,4,1, , , ,1, , ,5,1, ,1, , , , ,-1,1,0,2,0,1,2,1984,6, ,3, ,-1,-1,0,1,1,1,1,1,1,1,2, ,1,1,"Hülsenfrüchte, Spinat, Mangold, Mohn",4,Kh-arm,4,4,2,2,49088,6,1,2,1.5422190161641,1.49162582724944,-1.66405558843966,.895214724217798,.623386321149262,-1.50997138316377,.702294501042634,.130975821667792,-.463536596848073,2,2
164,0,1,0, ,0,1,0,1,0, ,1,1, , , , , , ,5,2,-2,2,1,0,0,0,0,0,0, ,0,1,0,0,0, ,2,-2,-2,-2,Ich überlege wann ich diese zuletzt getrunken habe und stelle fest das es sehr lange her ist.,0,0,0,0,0,0,0,0,0,0,0,0,0,0,1,0,0,0,0,0,1,1,1,0,0,0,0,0,0, ,1,0,Weil ich es selber nie trinke.,"Fanta, Fritz, Salvus",1,0,1,0,0,0,0,0,1,1,1,0,0,1,1,0,0,1,0,1,1,0,0, , , ,1,1,1, , , ,1,5,1,1,1,1,.8,1.2,1,.3, , , , ,-1,-2,1,-2,-2,-2,-2,-2,0,-2,1,1,1,1,1,1,1,0,-2,0,1,1,0,1,0,0,0,0,0,0,0,0,0,2,3,1,1,2,1,8,3,3,4,2,3,2,2,5,3,3,3,5,5,5,3,3,5,0,5,7,1,3,3,0,2,3,1,3,5,3,3,1,6,2,4,0,2,1,1,-1,1,1, , , , ,-1,1,-1,-1,1, , , , , ,0,-1,0,1,0,-2,-2,1,1,1,1,1,1,-1,-2,-2,-2,1, , , , , , , ,2,1, ,1, , , , ,3,1, , , ,1, , ,-2,0,-1,1,1,0,2,1987,4, ,3, ,-1,-1,0,1,1,1,-1,1,0,0,4, ,3,0, ,0, ,2,2,0,1,48366,5,1,2,.0331356122191199,-1.03657571805043,.556089764731508,.731113411017719,-1.43979204309927,-.0345674973741348,.617137702495748,-.0884825599063224,1.52045848174708,4,3
165,1,1,0, ,1,1,0,1,1, ,6,2, ,2, , ,15, ,5,2,-2,2,1,0,0,0,0,0,1, ,1,1,1,0,1, ,0,2,0,0,Fanta,1,0,0,0,0,0,0,0,0,0,0,0,0,0,0,1,0,0,0,0,1,1,0,0,1,0,1,0,0, ,2,3,-Fanta kennt vermutlich eh jeder und weiß wie es schmeckt-enthält viel Zucker,"Fanta, Fritz, Vio, Carolinen",1,0,1,0,0,0,1,0,1,1,1,1,1,1,1,0,0,0,0,0,0,0,0, ,9, , , , ,6,6,6,2,8,2,8,2,10, , , , ,1,2,1.5,.5,1,1,1,2,0,0,0,1,1,-1,0,1,0,0,2,2,2,-2,0,-1,-1,2,0,2,-2,1,1,-2,0,1,1,1,0,2,5,6,4,7,7,10,3,3,2,3,3,0,2,3,4,7,3,0,8,0,0,0,0,4,9,10,0,10,10,0,0,0,2,3,0, , , , , , , , , , , , , ,2,0,-2,-2, , , , , ,1,1,-1,-1,-1,-1,-2,-2,2,-2,-2,0,2,0,2,2,2,2,-1,-1,-1,2,2, , , , , , , ,4,3, , , ,3, , ,6,3,3, , , , , ,-1,1,1,1,0,-2,1,1994,4, ,3, ,-1,-2,-2,1,1,-1,-1,-1,-1,-1,4, ,2,1,künstliche Farbstoffe,0, ,4,4,0,1,49191,1,2,2,-1.50170188095495,-.629272080713047,1.99958061305508,-.79417028679623,1.47903773638813,.932947785702116,.778807140781954,.893725703081722,-1.72340810128224,3,2
166,1,0,0, , , , , , , ,3,1, , , , , , ,5,-2,-2,1,1,1,0,0,0,0,1, ,0,1,1,0,0, ,-2,-1,2,2,Gelb-Oranges GetränkSprudeligFarbstoffeSommer und Sonne,0,0,1,1,0,0,0,0,0,1,0,0,0,0,1,1,0,0,1,0,0,0,1,1,0,0,0,1,0, ,1,7,Ich mag Fritz-Limonaden im allgemeinen sehr gerne.,Fritz Sinalco Vio BioFanta,1,1,1,0,0,0,1,0,0,1,1,1,0,1,1,0,1,1,0,0,1,0,1, , , ,.75,.8,.5, , , ,1,8,1,10,1,2,.8,1,.95,.3, , , , ,1,-2,0,-2,0,-1,2,-1,1,0,2,2,-2,1,0,0,1,-1,-2,-1,-2,1,1,1,0,1,1,-1,1,-2,-1,2,2,5,5,6,2,4,5,9,7,6,4,4,7,2,4,6,3,6,5,2,9,9,5,5,4,7,9,6,4,4,3,2,3,7,5,7,3,3,5,7,6,4,5,0,2,2,0,1,2,2, , , , ,1,1,1,-1,1, , , , , ,-2,0,-2,-2,-2,-1,-2,-2,-2,-2,-1,-1,-2,1,-1,-1,-2,1, , , , , , , ,2,2, ,2, , , , ,6,2,2, , , , , ,-1,-1,1,-1,0,-1,0,1995,4, ,3, ,-2,-2,-1,1,1,1,-2,-1,0,-1,4, ,2,0, ,0, ,6,6,0,2,49090,0,2,2,-.933606994166738,.760836471856289,-.811497352636036,.677565268695206,-.932813111208018,-.221619880101793,-.823899024343839,-.0856533212326616,-1.17063057156146,3,2
167,1,1,0, ,0,1,0,0,0, ,3,1, ,1, , ,1, ,4,1,-2,2,1,0,0,0,0,0,1, ,1,1,1,1,1, ,0,1,1,1,Kindheit,0,0,0,0,0,0,0,0,0,0,0,0,0,1,0,1,0,1,0,0,1,0,1,0,1,0,0,0,0, ,1,6,Farbe zu intensiv (künstlich),Fantafriztvio biogut und günstig,1,0,1,0,0,0,1,1,0,1,1,0,1,0,1,0,0,1,0,0,1,0,1, ,10, ,1,1,1, , , ,1,9,1,7,1,9,.9,1.5,1.3,.3, , , , ,0,0,0,-1,1,1,-1,0,-1,-2,-1,0,1,1,1,1,0,-2,-2,-2,-2,1,0,1,2,2,2,2,2,-1,1,1,1,6,8,7,5,7,7,5,2,3,5,3,6,2,3,3,5,5,5,2,6,6,5,5,5,2,4,9,5,9,5,2,3,7,5,4,8,4,3,3,5,5,5,0,2,2,0,1,-1,2, , , , ,-1,1,-1,1,-1, , , , , ,0,0,-2,1,-2,-1,0,1,0,0,0,1,1,0,0,0,-2,1, , , , , , , ,2,1, ,1, , , , ,3,1, , , ,1, , ,0,1,0,0,0,-2,1,1993,4, ,2,1,-1,-1,-1,1,1,1,-1,0,-1,-1,4, ,3,1,Fructose,0, ,2,2,0,2,49134,1,2,2,-.938511270436193,-1.57869063887287,.490388546149783,.415213097393284,1.48569337778886,-.298490821275439,.263090615156005,-.665869312833425,-1.80688075448226,3,2
168,0,1,0, ,0,1,0,0,0, ,5,1, , , , , ,1,2,2,-2,2,0,0,0,0,0,0,1, ,0,0,1,0,0, ,2,-2,0,0,Fanta,1,0,0,0,0,0,0,0,0,0,0,0,0,0,0,0,0,0,0,0,1,1,0,0,0,0,0,0,0, ,1,1,"Da ich selber keine/kaum welceh trinke, empfehle ich keine Limonade",FantaFritz,1,0,1,0,0,0,0,0,0,1,1,1,1,1,1,0,1,1,0,0,1,0,1, , , ,1,1,1.2, , , ,1,5,1,5,1,6,.6,1,.8,.3, , , , ,0,1,-2,-2,0,1,-1,-1,0,-1,0,0,1,2,2,-1,1,-2,1,1,-1,1,1,1,0,0,0,0,-1,-1,-1,0,0,4,6,7,5,8,7,8,4,4,6,4,6,5,4,5,4,8,4,6,8,5,4,5,5,4,8,4,4,7,4,3,4,5,5,5,4,8,8,6,6,9,6,-1,2,1,2,2,1,1, , , , ,-2,1,1,-1,1, , , , , ,1,0,0,0,0,-2,-1,-1,-1,-1,0,0,-1,-1,0,-1,1,1, , , , , , , ,5,3, , , , ,3, ,6,3,3, , , , , ,-2,2,-1,0,1,-1,0,1993,5, ,3, ,1,0,-1,-1,-1,-1,0,-1,0,1,5, ,3,0, ,0, ,2,2,0,2,49090,1,1,2,-.210421642066016,-.461359566295349,.486305671483876,-2.49498581358361,.878048905236595,-1.27454607649538,.575924892320032,1.70163397485812,-1.38262458451212,1,1
169,1,0,0, , , , , , , ,4,1, , , , , , ,2,2,-2,1,1,1,0,0,0,0,0, ,0,1,0,0,1, ,-2,0,1,0,Fanta,1,0,0,0,0,0,0,0,0,0,0,0,0,0,0,1,0,1,0,0,1,0,1,0,1,0,0,0,0, ,1,8,"Leckeres Produkt, angenehme Falschengrößen für das Büro, alternative Marke","Fanta, Fritz, Ja, Jeden Tag, Sinalco",1,1,1,0,0,0,0,1,0,1,0,0,0,1,1,0,0,0,0,0,0,0,0, , , ,1.25,1.35,1.4, , , ,1,6,1,8,1,8,1.2,1.8,1.5,.5, , , , ,1,-2,1,-1,0,1,1,-1,2,0,2,2,1,0,-2,1,1,-2,-2,1,1,0,-1,1,-1,2,1,2,2,-2,1,0,2,3,6,6,3,9,10,10,4,2,3,3,2,1,3,7,4,10,8,1,9,5,5,7,8,1,9,10,3,4,10,1,3,3,3,8,4,3,4,9,4,7,6,1,1,-1, ,2,2,2, , , , ,-1,2,-1,-1,1, , , , , ,0,0,-1,1,-1,1,-2,1,-1,-1,-1,0,1,-1,1,0,0,1, , , , , , , ,3,1, , ,1, , , ,2,1, , , , ,1, ,-1,-1,0,2,-2,-2,-1,1996,4, ,3, ,-1,-2,0,1,1,-1,-2,-1,-2,-1,2, ,2,0, ,0, ,1,1,0,2,49090,1,2,2,-1.98939942669869,1.43059496544706,-.89362179302328,-.339130429476316,-.5570789482931,1.05261607056343,1.17698845256691,-.0602306709199421,.701122878155078,1,1
170,1,1,0, ,1,1,0,0,0, ,3,2, , , , ,2, ,2,0, , ,1,0,0,0,0,0,1, ,0,1,1,0,0, , , ,1,1,"Fruchtig, süß, zuckerhaltig",0,0,0,0,1,0,1,0,1,0,0,0,0,0,0,1,0,0,0,1,1,0,1,0,1,0,0,0,0, ,2,7,"Schmeckt gut, fruchtig","freeway, fanta, vio limo,",1,0,0,0,0,0,1,1,0,1,1,1,0,1,1,1,1,1,1,0,1,0,1, ,5, , , , ,2,2,1,2,7,2,4,2,3, , , , ,.65,.8,.7,.3,2,-1,-1,-1,0,0,0,-1,0,0,0,1,1,0,0,0,0,0,-1,1,-1,2,1,2,0,2,1,0,2,1,2,2,2,3,7,6,5,7,6,5,3,4,5,6,5,3,3,4,3,5,5,4,8,4,2,4,3,4,8,8,5,5,4,1,4,4,3,5,5,2,4,6,4,6,5, , , , , , , ,0,2,0,1, , , , , ,1,2,-1,-2,-1,1,-1,0,0,0,1,0,0,1,0,0,0,0,1,0,0,0,2, , , , , , , ,6,1, , , , , ,1,5,1, ,1, , , , ,-1,1,-1,2,0,-1,0,1991,6, ,3, ,0,-1,0,2,2,1,-1,0,0,0,3, ,1,0, ,0, ,2,2,0,3,49076,1,2,2, , , , , , , , , , , 
171,1,0,0, , , , , , , ,1,1, , , , , , ,2,0,-2,-2,0,0,0,0,1,0,1, ,0,1,0,0,0, ,1,-1,-1,-1,"An die Fantawerbung aus dem Fernséhen. (Strand, Sommer, Sonne)",0,0,1,1,0,0,0,0,0,0,0,0,1,0,1,0,0,0,1,0,1,0,1,0,0,0,0,0,0, ,1,3,"Generell bin ich kein Mensch, der Getränkeempfehlungen weitergibt.","Fanta, Fritz, River",1,0,1,0,0,0,0,1,0,1,1,1,1,0,1,1,1,1,0,0,1,0,1, , , ,1.25,1.25,1.25, , , ,1,9,1,9,1,4,1.25,2,1.75,.75, , , , ,-1,-2,1,0,-1,1,-1,-1,-1,-2,0,1,0,1,0,-1,0,-1,-2,2,1,1,0,1, , , , ,2, , , , ,2,8,6,2,4,2,10,5,3,4,2,6,1,3,1,1,3,2,1,8,4,2,3,2,1,8,8,0,1,0,2,2,2,2,3,1,1,3,5,1,2,1,-1,2,1,-1,2,2,2, , , , ,-2, ,1,-2,1, , , , , ,2,-1,-1,-1,-1,-1,-2,-1,0,0,0,1,-1,-2,-2,-2,-2,1, , , , , , , ,2,1, ,1, , , , ,4,1, , ,1, , , ,-1,1,-1,1,1,-2,1,1991,4, ,3, ,1,-1,-1,1,1,-1,0,0,0,1,4, ,3,0, ,0, ,2,2,0,2,27476,1,2,2,.309210808285943,-1.16258897893605,-.975576051477855,-.0482528548320156,-1.1863458799112,-.342827887615455,-.032432451055949,.957898585120059,1.07487062820806,4,3
172,1,1,0, ,0,1,0,1,0, ,3,1, ,1, , , , ,2,2,-2,1,1,1,0,0,0,0,1, ,0,1,1,0,0, ,0,1,0,1,an Fanta,1,0,0,0,0,0,0,0,0,0,0,0,0,0,0,0,0,0,0,0,1,1,0,0,0,0,0,1,0, ,1,4,schmeckt mir nicht besonders gut,"Fanta, Mirinda, Freeway, Vio, die Limo, Orangina, Fritz",1,0,1,1,0,0,1,1,0,1,1,1,1,0,1,0,0,0,0,0,0,0,0, ,5, ,1.5,2,2, , , ,1,7,1,4,1,9,1,2,1.5,.5, , , , ,0,-2,-1,0,1,0,0,1,0,1,1,2,1,0,1,0,2,-1,-1,1,0,2,0,1,1,1,1,2,2,0,1,1,1,1,6,7,3,7,8,9,3,2,5,2,4,1,2,5,2,6,3,5,6,6,5,5,5,0,5,8,2,6,7,1,2,4,2,4,4,0,3,8,4,7,6,1, ,-2,0,2,1,1, , , , ,1,1,1,-2,1, , , , , ,0,-1,0,1,-1,0,-2,1,2,1,0,1,0,0,-1,0,1,1, , , , , , , ,2,1, ,1, , , , ,5,1, ,1, , , , ,-1,1,0,1,0,-1,1,1996,4, ,3, ,0,-2,-1,1,1,0,0,0,-1,-1,5, ,2,0, ,0, ,2,2,0,2,49090,1,2,2,-.486271942454682,.58280451356901,.364746192367761,.06768349615106,-.409710630289943,-.803021189403975,1.21115999588571,1.32808751175839,.435376387222961,3,2
173,1,0,0, , , , , , , ,1,1, , , , , , ,3,2,-2,1,1,0,0,0,1,0,0, ,0,1,0,0,0, ,2,-2,0,-2,"sehr zuckerhaltiges Getränk ohne ""echte Orange""",0,0,0,0,0,1,0,0,1,0,0,0,0,0,0,0,0,0,0,0,1,0,1,0,1,0,0,0,0, ,1,8,Produkt wird in Glasflaschen verkauft (Umweltaspekt). Es gibt viele verschiedene Sorten. Schmeckt meistens ganz gut.,Fritz-limoVioFantaSinalcoVilsa (limo)diet,1,1,1,0,0,0,1,0,1,1,1,1,1,1,1,0,1,1,0,0,0,0,1,freeway, , ,1.8,1.8,2, , , ,1,3,1,7,1,8,.7,2,1.8,.6, , , , ,0,-2,0,-1,0,-2,1,-2,1,0,1,1,0,-1,2,2,2,-2,0,-1,0,1,2,1,0,1,2,0,1,-2,0,2,1,3,4,7,6,6,9,10,8,5,4,3,5,2,4,5,5,8,6,3,8,8,5,5,1,0,4,7,6,6,9,0,3,4,5,6,5,1,1,8,5,10,5,0,2,2,0,2,2,2, , , , ,1,1,1,-2,-1, , , , , ,0,-2,0,1,0,-2,-2,0,-1,1,0,2,0,0,1,-2,2,1, , , , , , , ,5,3, , , , ,3, ,6,3,3, , , , , ,-1,2,0,2,0,-2,2,1996,4, ,3, ,0,0,1,1,1,0,0,1,-1,0,5, ,3,0, ,1, ,3,3,0,2,28816,0,2,2,.0447607140024017,.210724275966382,1.55976387562569,.0959856136625464,-1.24257462616007,.200874534397036,.815637196085757,-.0812269238060554,-.604850246659291,3,2
174,1,1,0, ,0,1,0,0,0, ,2,1, , , , ,1, ,2,2,-1,1,1,1,0,1,1,0,1, ,0,1,0,0,0, ,2,-2,1,1,Fanta,1,0,0,0,0,0,0,0,0,0,0,0,0,0,0,1,0,0,1,0,1,0,1,0,1,0,0,0,0, ,1,7,Farbe und Label,"Fanta, Vio, Fritz-Kola, Die limo",1,0,1,0,0,0,1,0,1,1,1,1,1,1,1,0,1,1,0,0,1,0,1, ,1, ,1.5,1.5,2, , , ,1,10,1,8,1,9,.55,1.8,1.5,.45, , , , ,1,-2,-1,-1,0,1,-1,-2,1,1,2,2,1,1,1,1,1,0,0,1,0,1,2,1,-1,1,0,-1,1,0,1,1,2,3,6,6,3,5,7,10,4,3,6,2,4,4,5,5,3,6,5,0,8,7,3,8,4,2,10,10,4,9,7,2,1,5,5,3,3,4,5,8,4,8,6,-2,1,2,2,0,2,2, , , , ,-2,2,2,-2,1, , , , , ,1,-1,0,0,-2,0,-1,-1,1,1,1,1,-1,0,-2,1,0,1, , , , , , , ,1,1,1, , , , , ,1,2, , , , , ,2,-1,1,-1,1,0,-2,2,1997,4, ,3, ,-1,-1,1,2,1,1,0,0,0,0,5, ,2,0, ,1, ,3,3,0,3,49088,1,2,2,.248931606007925,1.06517253096953,.135388427481343,1.05625009963507,-.113960161722513,-.851260836980041,.374530721500268,.96501439938982,1.05133096546813,3,2
175,1,0,0, , , , , , , ,1,2, , , , , , ,2,1,-2,1,1,0,0,0,0,0,1, ,0,1,0,0,0, ,0,-1,0,-1,"Fruchtsaft, Vitamine",0,0,0,0,0,0,0,0,0,0,0,0,0,0,1,0,0,0,1,0,0,0,0,0,1,0,0,0,0, ,2,2,"Farbe des Produkts, Freunde/Bekannte bevorzugen andere Getränke","Fanta, Becker",1,0,0,0,0,0,0,0,1,1,0,1,1,1,0,0,1,1,0,1,1,0,1, , , , , , ,3,4,5,2,7,2,8,2,9, , , , ,.8,1.1,.9,.65,0,-1,-1,-1,0,-1,-1,0,1,0,0,1,0,0,2,1,1,-1,1,-1,-2,1,1,2,0,1,0,-2,1,0,1,0,0,8,6,7,5,8,5,4,6,3,6,3,6,5,6,7,6,8,5,5,5,4,4,3,5,6,6,6,7,7,4,6,5,6,7,8,6,6,7,8,7,9,6, , , , , , , ,1,-1,-1,-1, , , , , ,-1,1,-1,-2,-1,-1,-2,-1,0,-2,0,-2,-1,0,1,2,1,0,1,1,-1,1,2, , , , , , , ,2,2, ,2, , , , ,5,2, ,2, , , , ,-2,1,-2,1,0,-1,1,1992,6, ,3, ,1,-1,1,1,-1,0,1,1,0,1,4, ,2,0, ,0, ,3,3,0,1,49565,0,1,2,1.06154449232744,.0358247071204377,.794893304732294,-.555043856279004,.0940773814340673,-1.11018830854588,.521782992067922,.135167492662588,-1.16726391747128,3,2
176,1,1,0, ,1,1,0,0,1, ,5,2, , ,2, ,3, ,5,2, ,1,0,0,0,1,0,0,0, ,0,0,1,0,0, ,-1,1,1,0,franta,1,0,0,0,0,0,0,0,0,0,0,0,0,0,0,1,0,1,0,0,1,1,0,0,0,0,1,0,0, ,2,7,Fanta schmeckt gut,"Fanta, sinalco, fritz, orangina, alle möglichen wassermarken",1,1,1,0,1,0,0,0,1,1,0,0,1,0,1,0,0,1,0,0,1,0,0, ,1, , , , ,6,3,1,2,8,2,6,2,2, , , , ,.75,.85,.76,.6,0,-2,-2,-1,1,0,-1,-1,1,0,0,1,0,1,0,-1,2,-1,0,-2,1,1,1,2,-2,1,0,-2,1,0,1,1,0,0,3,1,2,0,4,8,0,3,2,4,1,0,0,1,3,1,4,0,7,7,1,2,1,0,1,6,2,4,2,0,0,0,1,2,1,0,0,1,2,2,2, , , , , , , ,-2,1,2,1, , , , , ,1,-2,-1,-1,-1,-1,-1,-2,0,-2,-2,0,-2,-2,1,-1,1,-2,-2,-2,-2,-1,2, , , , , , , ,6,2, , , , , ,2,5,2, ,2, , , , ,-1,1,1,1,-1,-2,0,1990,4, ,3, ,-1,-1,1,1,0,1,-1,0,-1,-1,3, ,3,0, ,0, ,2,2,0,3,49074,8,1,2, , , , , , , , , , , 
177,1,1,0, ,0,1,0,1,0, ,3,1, ,1, , , , ,2,0,-1,0,1,0,0,0,1,0,0, ,0,1,0,0,0, ,-2,-2,-1,-1,Fanta,1,0,0,0,0,0,0,0,0,0,0,0,0,0,0,1,0,0,0,0,1,0,0,0,1,0,0,0,0, ,1,3,"sehr dunkle Farbe, selbst noch nie getrunken, sekbst noch nie empfohlen bekommen","Sinalco, Fanta, Mirinda, Orangina, Fritz, Naragnietta",1,1,1,1,1,0,0,0,1,1,1,1,1,1,1,0,1,1,0,0,1,0,1, ,1, ,1.2,1.2,1.4, , , ,1,4,1,3,1,4,1,1.4,1.2,.5, , , , ,0,-2,0,0,-2,1,-1,1,0,0,-1,1,1,0,0,-1,1,-2,-1,-1,0,0,0,1,1,2,1,1,2,0,1,-1,1,3,7,6,4,3,6,9,5,2,6,7,6,1,4,5,6,7,6,2,8,8,4,2,2,4,5,9,6,7,6,2,3,4,7,8,3,1,3,8,7,7,8,-2,2,-1,1,2,1,1, , , , ,-1,1,1,2,1, , , , , ,1,-1,-1,0,-1,-2,-2,-1,1,1,-1,0,-1,-1,-2,-2,1,1, , , , , , , ,4,2, , , ,2, , ,4,2, , ,2, , , ,-1,-1,1,1,-2,-2,0,1997,4, ,3, ,-1,-2,0,1,2,1,0,1,-1,0,5, ,2,0, ,1, ,3,3,0,3,49078,2,2,2,.235508640628965,-.951979817003616,-.735118675887072,1.28044186135069,-1.28122892941603,-.195023048285824,-.466241630941604,-.741375152293883,-.55764841134377,3,2
178,1,1,0, ,0,0,0,1,0, ,2,2, ,1, , ,1, ,4,2,-1,1,1,0,0,0,1,0,1, ,1,1,1,0,0, ,0,-1,0,1,"Fanta, brausig, prickelig, gelb",1,0,0,0,0,0,0,0,0,0,0,0,0,0,0,1,1,0,0,0,1,1,1,0,0,0,0,0,0, ,2,5,"Brauche es nicht weiterempfehlen, Fanta kennt jeder","Fanta, Fritz limo,vio,spritz",1,0,1,0,0,0,1,0,1,1,1,1,1,1,1,1,1,1,0,0,1,0,0, ,1, , , , ,2,3,4,2,5,2,7,2,7, , , , ,.6,1.1,.85,.3,0,-2,-1,0,1,0,-1,-1,1,0,1,1,0,0,2,2,1,-1,1,1,-1,1,1,2,0,0,1,-1,-1,1,0,1,0,7,9,7,2,4,5,10,7,3,5,5,5,3,3,9,5,8,4,5,9,8,2,5,4,2,6,8,4,6,3,1,2,6,5,9,4,3,5,7,7,9,4, , , , , , , ,1,-2,-1,0, , , , , ,1,-1,-1,-2,-1,-1,0,-1,1,0,-1,0,1,0,1,0,1,1,0,-1,0,1,2, , , , , , , ,6,2, , , , , ,2,2,1, , , , ,1, ,-2,0,1,1,0,-1,1,1997,6, ,3, ,0,-1,0,1,1,1,0,0,0,0,5, ,2,0, ,1, ,5,5, ,1,49134,6,2,2,.204918279973595,.504066868444684,1.1226117922312,.457350647512846,.277502039641496,-1.20775429478925,.0751081073287356,.954685086756043,-.0437110245289114,3,2
179,0,0,1,"Ich mag Orangenlimonade nicht gerne, sie ist mir zu süß und außerdem zuviel Zucker darin.", , , , , , , ,1, , , , , , , , , , ,0,0,0,0,0,0,0, , , , , , , , , , , ,"An ferne Länder, wo Orangen produziert werden und so auch an Sommer, Sonne und Strand.",0,0,1,1,0,0,0,0,0,0,0,0,1,0,0,0,0,0,1,0,1,0,0,1,0,0,0,0,0, ,1,7,Ich vertraue dem Hersteller mehr als anderen.,"Fanta, Fritz-Limonade",1,0,1,0,0,0,0,0,0,1,1,1,1,0,0,0,0,1,0,0,1,0,1, , , ,1,1.5,1.5, , , ,1,5,1,7,1,6,1,1.8,1.3,.5, , , , , , , , , , , , , , , , , , , , , , , , , , , ,1,1,1,1,-1,2,-1,0,2,1,4,7,8,5,8,4,9,7,4,8,5,9,6,6,8,6,6,5,5,3,5,4,5,5,6,8,8,3,8,6,2,3,4,3,4,2,2,3,9,8,7,5,-2,1,-2,2,2,2,2, , , , ,2,-1,2,-2,-1, , , , , , , , , , , , , , , , , , , , , , ,1, , , , , , , ,5,1, , , , ,1, ,2,1, , , , ,1, ,-1,1,2,1,1,-2,2,1996,4, ,3, ,0,-1,1,2,1,1,0,0,-1,1,5, ,2,0, ,0, ,3,3,0,1,59872,6,2,2, , , , , , , , , , , 
180,1,0,0, , , , , , , ,1,2, , , , , , ,1,0,0,1,1,0,0,0,0,0,0, ,0,1,0,0,0, ,0,-2,0,0,"Zucker, Wodka",0,0,0,0,0,0,0,0,1,0,0,1,0,0,0,1,0,1,0,0,1,1,1,0,0,0,0,0,0, ,2,1,kennt halt jeder,Fanta,1,0,0,0,0,0,0,0,0,1,0,0,0,1,1,0,0,1,0,0,1,0,0, , , , , , ,3,2,4,2,1,2,2,2,6, , , , ,.5,.8,.7,.01,0,-2,0,-1,0,1,-1,-1,0,0,1,1,-1,1,1,0,1,-1,0,0,1,1,0,2,-2,0,0,-2,2,2,2,-2,0,2,0,3,1,5,1,10,0,2,6,1,3,0,0,0,0,3,0,0,7,0,1,1,1,2,6,8,2,8,2,0,0,0,0,3,0,0,0,3,1,3,1, , , , , , , ,0,0,0,0, , , , , ,2,1,-1,-1,1,1,0,-1,1,-2,-1,1,-1,-1,-1,-1,-1,-1,-1,-1,-1,-1,2, , , , , , , ,3,1, , ,1, , , ,1,3, , , , , ,3,0,-1,-1,1,1,2,0,1992,6,Fachabitur, , ,0,1,0,2,0,1,-2,-1,-1,-1,3, ,2,0, ,0, ,5,5,0,2,49090,1,1,2,-1.49152299968744,.0984697438284339,.0587564504893004,.641417532925138,.528724867852649,-.308420565818289,-1.34003729605758,.125466802998402,.801386831597546,2,2
181,1,1,0, ,0,1,0,1,0, ,5,1, , , , ,1, ,5,0,-1,-1,0,0,0,0,0,0,0,gar nicht,1,0,1,0,0, ,-2,-1,0,-2,fanta,1,0,0,0,0,0,0,0,0,0,0,0,0,0,0,0,0,0,1,0,0,0,1,0,1,0,1,1,0, ,1,7,verpackung sieht gut aus,"Fanta, Fritz Cola, Vio",1,0,1,0,0,0,1,0,0,1,1,0,0,1,1,0,1,1,0,0,0,0,1, ,1, ,1.7,1.8,1.8, , , ,1,9,1,8,1,8,1,2.5,1.8,.2, , , , ,0,-2,1,-2,1,1,-1, ,0,0,0,1,1,0,1,-1,0,-2,-2,0,-1,2,0,1,1,1,1,0,0,-1,2,-1,1,2,7,8,2,8,7,10,7,7,10,8,7,0,6,9,6,7,5,4,7,9,5,8,6,0,8,7,0,9,7,5,5,6,4,7,6,5,6,7,6,8,6,-1,1,-1,2,1,-2,2, , , , ,-2,1,-1,-1,2, , , , , ,1,-1,0,-1,-2,-1,-2,-1,-1,-1,0,0,-1,-1,-2,-2,-1,1, , , , , , , ,1,1,1, , , , , ,3,1, , , ,1, , ,0,2,1,0,0,0,2,1997,4, ,3, ,1,-1,-1,0,-2,-1,-1,0,-1,1,1, ,1,0, ,0, ,8,8,1,2,45133,0,2,2,-.379403771280372,.19897977625196,-.38420646954916,-1.9998199984309,-.874525170837669,.360126564132523,-.697771965522717,.913066963510311,-1.01984551409968,1,1
182,0,1,0, ,0,1,0,1,1, ,3,2, , , , ,1, ,2,1,-1,0,1,0,0,0,0,0,0, ,0,0,0,0,1, ,-2,1,-2,-2,An ein Getränk,0,0,0,0,0,0,0,0,0,0,0,0,0,0,1,1,0,0,0,0,0,1,0,0,0,0,0,0,0, ,2,7,Preis,"Orangina, Fanta, Vio Bio, Marinda",1,0,0,1,1,0,1,0,0,1,1,0,0,1,1,0,1,1,1,0,1,0,1, , , , , , ,6,6,6,2,7,2,7,2,7, , , , ,.99,1.5,1.2,.49,0,0,1,-1,1,0,-1,0,0,-1,1,1,-1,1,1,1,1,-2,0,0,-1,1,1,2,1,-1,0,-2,0,1,0,0,-2,2,2,3,2,4,5,8,4,2,8,2,3,5,5,5,5,5,5,5,5,5,5,5,5,5,5,5,5,5,5,5,5,5,5,5,5,5,5,5,5,5,5, , , , , , , ,-1,-2,-2,2, , , , , ,-1,-1,-1,1,-1,0,0,-2,0,0,-2,-1,-1,-1,-1,0,-1,-1,-2,-2,-2,-2,2, , , , , , , ,3,3, , ,3, , , ,4,3, , ,3, , , ,0,0,1,0,0,0,0,1985,6, ,3, ,0,0,0,0,-1,0,-2,-2,-2,-2,3, ,3,0, ,0, ,1,1,0,3,49076,8,1,2,-2.79292065714956,-.042416293682729,1.0292004148136,-1.73909799175941,.328516771529076,.623651581858373,-.75573521985922,.410007539707734,-.888823782083743,1,1
183,0,1,0, ,0,1,0,0,0, ,2,2, ,1, , ,1, ,2, , ,2,1,0,0,0,0,0,1,Internetrecherche zu Inhaltsstoff,0,1,0,0,0, ,1,-1,1,-1,"überwiegend klebriges, ungesundes & süßes Zeug",0,0,0,0,1,0,0,1,0,0,0,0,0,0,0,0,0,0,0,0,1,0,1,0,0,0,0,0,0,siehe 11.,2,2,"Fanta ist mies in allen Belangen ( Firma,Inhaltsstoffe,Geschmack...)",nein, , , , , , , , , ,1,1,1,0,1,1,0,1,0,0,0,1,0,1, , , , , , ,1,6,5,2,5,2,5,2,5, , , , ,1.5,2,1.75,1,2,-2,1,-1,2,0,0,-1,0,-1,1,2,1,0,2,2,2,-1,0,0,0,1,-1,2,-2,0,-1,-2,2,2,0,1,-2,0,2,9,9,7,8,10,4,3,3,2,3,0,0,7,8,7,5,4,8,6,5,4,1,2,5,9,6,5,4,0,0,6,8, , , , , , , , , , , , , , , ,1,0,-2,-1, , , , , ,-2,-2,-2,-2,-2,-1,-1,1,-1,-2,-2,-2,-2,-2,1,1,1,1,1,-2,-2,1,2, , , , , , , ,3,2, , ,2, , , ,4,2, , ,2, , , ,-2,1,0,2,2,-2,2,1995,4, ,3, ,1,0,0,1,1,-1,0,1,0,-1,3, ,3,0, , , ,2,2, ,2,49084,0,1,2, , , , , , , , , , , 
184,1,1,0, ,1,1,0,1,0, ,4,1, , ,1, ,2, ,5,1,-1,2,1,0,0,0,0,0,1, ,0,1,1,0,0, ,0,0,1,2,Fanta,1,0,0,0,0,0,0,0,0,0,0,0,0,0,0,0,1,0,1,1,0,0,0,0,1,0,1,0,0, ,1,9,Geschack und Verpackung bzw. Hintergrund der Entstehung,"Fanta, Fritz, Bio, Schweps",1,0,1,0,0,0,0,0,1,1,1,1,1,1,1,1,1,1,1,0,1,0,1,selbstgemacht,2, ,.6,.8,1, , , ,1,7,1,10,1,4,.5,.9,.8,.45, , , , ,1,-1,0,0,2,1,0,1,0,-1,0,1,2,1,1,0,1,0,-1,0,1,2,1,1,2,2,2,1,1,-1,-1,1,1,4,7,9,0,7,0,10,8,7,0,5,8,2,3,6,7,9,2,5,5,8,6,8,3,2,6,8,8,9,4,3,4,6,5,7,3,10,10,10,6,10,10,2,-2,0,2,2,2,0, , , , ,1,-2,-2,2,1, , , , , ,1,0,1,-1,1,1,0,2,2,2,1,2,1,0,-1,-1,0,1, , , , , , , ,4,2, , , ,2, , ,3,2, , , ,2, , ,1,0,0,1,2,1,1,1997,4, ,3, ,1,0,0,0,-1,0,0,0,0,1,1, ,1,0, ,0, ,4,4,0,2,48607,0,1,2,.227135426488094,-.0551894998531645,.431483615845703,-1.14672793714049,1.23609167229289,.209979881847552,-.220680486140638,.77755881321811,1.17901682472718,4,3
185,1,0,0, , , , , , , ,3,2, , , , , , ,5,-2,-1,-1,0,0,0,0,0,0,0,Ich kaufe grundsätzlich Fanta,0,1,0,0,0, ,0,0,0,0,Fanta,1,0,0,0,0,0,0,0,0,0,0,0,0,0,0,1,0,0,0,0,1,1,0,0,1,0,1,0,0, ,2,5, ,Fanta,1,0,0,0,0,0,0,0,0,1,1,0,1,1,1,0,0,0,0,0,1,0,1, , , , , , ,5,3,4,2,6,2, ,2,4, , , , ,.4,.41,.405,.39,-1,-2,0,-2,-2,2,-1,-1,0,-1,1,1,0,0,2,1,1,-1,-2,0,1,0,-1,2,-1,0,0,-2,0,0,0,1,0,5,7,8, , , ,7,5,2, , , ,2,3,7, , , ,6,5,6, , , ,3,4,8, , , ,2,3,6, , , ,3,2,4, , , , , , , , , , ,1,-1,1,0, , , , , ,1,-1,-1,1,-1,2,-1,0,0,-1,-1,1,-2,-1,-1,1,1,-1,1,1,0,-2,2, , , , , , , ,6,1, , , , , ,1,6,1,1, , , , , ,-1,0,1,0,1,2,0,1997,4, ,3, ,2,1,0,1,0,-1,1,1,-1,0,1, ,1,0, ,0, ,8,8,1,1,48619,3,1,2,.377435017752699,-.671396292033493,.468384576410713,-.179294532417903,.186493386096867,-1.02434558021912,-1.37187856226759,-.429544329575053,.433333966497113,2,2
186,0,0,1,wegen Zucker, , , , , , , ,2, , , , , , , , , , , , , , , , , , , , , , , , , , , , ,zu viel Zucker,0,0,0,0,0,0,0,0,1,0,0,0,0,0,0,1,0,0,1,0,1,1,1,0,0,0,0,0,0, ,2,0,Jeder kennt Fanta. Kein Grund sie weiter zu empfehlen,"river, fanta, fritz, vio,",1,0,1,0,0,0,1,1,0,1,0,0,0,0,0,0,0,0,0,0,0,0,0, , , , , , ,6,6,6,2,2,2,2,2,2, , , , ,1,1.5,1.2,.5, , , , , , , , , , , , , , , , , , , , , , , ,2,-2,-2,-2,-2,2,0,1,0,0,5,6,5,5,5,5,10,5,2,8,2,5,0,0,5,7,5,0,5,8,3,7,8,5,6,5,9,3,4,8,0,0,0,0,0,0,0,0,0,7,0,0, , , , , , , ,0,1,-1,0, , , , , ,1,1,-1,-1,1, , , , , , , , , , , , , , , , , ,2, , , , , , , ,6,1, , , , , ,1,1,2, , , , , ,2,-1,0,0,1,0,-1,0,1987,4, ,3, ,0,0,-1,1,1,1,0,1,0,1,3, ,3,0, ,0, ,2,2,0,3,49082,0,1,2, , , , , , , , , , , 
187,1,0,0, , , , , , , ,1,2, , , , , , ,2,2,-2,1,1,0,0,0,0,0,1, ,0,1,0,0,0, ,2,-1,-1,0,zucker,0,0,0,0,0,0,0,0,1,0,0,0,0,0,0,1,0,0,1,0,1,0,1,0,0,0,0,0,1, ,2,0,ungesund,fritzfantabionadevio bio,1,0,1,0,0,1,1,0,0,1,1,1,1,1,1,0,1,1,0,1,1,0,1, , , , , , ,4,5,5,2,2,2,6,2,7, , , , ,.75,.95,1,.5,-1,-2,0,-1,-1,-1,1,-1,1,1,1,1,1,1,2,2,2, ,0,-1,-1,1,0,2,-2,-1,0,-1,1,1,1,1,0,1,2,5,3,6,1,8,2,3,3,2,4,0,3,6,4,3,2,2,5,4,2,4,5,3,5,7,3,5,5,2,0,3,3,3,2,3,5,7,5,6,2, , , , , , , ,1,1,0,0, , , , , ,-1,-1,-1,-1,-1,-1,-1,0,0,-1,1,-2,0,0,1,-1,2,1,-1,1,0,1,2, , , , , , , ,3,3, , ,3, , , ,6,3,3, , , , , ,-2,0,-1,2,1,-2,1,1994,4, ,3, ,-1,-1,0,1,1,0,0,1,0,1,3, ,3,0, ,1, ,2,2,0,3,49084,2,2,2, , , , , , , , , , , 
188,1,0,0, , , , , , , ,1,1, , , , , , ,4,-1,-2,1,1,0,0,0,1,0,1, ,1,0,0,0,0, ,0,0,1,0,Fanta,1,0,0,0,0,0,0,0,0,0,0,0,0,0,0,0,0,0,0,0,1,0,1,0,0,0,0,0,0, ,1,6,Die Glasflasche und das Design vermittelt den Eindruck von guter Qualität des Produkts.,"Fanta, Vio Bio Limo, Fritz Limo, Deit, Vilsa Orangenlimonade",1,0,1,0,0,0,1,0,1,1,1,1,1,0,1,0,1,1,1,0,1,0,0, , , ,1,1.3,1.5, , , ,1,10,1,5,1,8,.8,2,1.3,.4, , , , ,2,-2,0,1,1,1,2,1,1,2,2,1,1,1,0,-1,1,-2,-1,-1,-1,1,0,1,0,2,2,2,2,0,1,1,1,3,5,10,8,7,0,10,4,3,4,3,2,0,0,5,6,8,0,6,10,7,0,4,0,0,5,8,3,10,7,0,0,2,2,4,0,0,0,7,4,9,0,-2,1,-1,2,2,0,1, , , , ,-2,-1,1,2,-1, , , , , ,0,-1,0,0,-1,-2,-2,-1,2,2,1,2,-1,0,2,-2,0,1, , , , , , , ,3,1, , ,1, , , ,4,2, , ,2, , , ,-2,1,1,2,-1,-2,0,1997,4, ,3, ,-1,-1,0,2,2,2,-1,0,0,2,2, ,1,0, ,2, ,5,5,0,3,49088,1,2,2,.638348589307995,1.53370193738636,-1.13796238516642,1.85991607779319,-1.42659657088568,.562616301799098,-.595909329946205,.122094085708057,-1.57242119142265,3,2
189,1,0,0, , , , , , , ,1,2, , , , , , ,3,2,-2,2,1,0,0,0,1,0,1,ökologischer Ursprung,0,1,0,0,0, ,2,-2,0,-2,"Sonne, süß kohlensäure",0,0,0,1,1,0,0,0,0,0,0,0,0,0,1,0,0,0,1,0,1,0,1,1,0,0,0,0,0, ,2,0,"empfehle generell eher weniger im lebensmittelbereich, bzw. kaufe ich generell keine Limonade",FantaFritzVioBionadeLütts landlust,1,0,1,0,0,1,1,0,1,1,1,1,1,1,1,0,1,1,1,1,0,0,1, , , , , , ,1,5,5,2,8,2,3,2,2, , , , ,.85,1.5,1.2,.4,0,-2,1,0,2,0,-1,1,1,0,2,2,1,0,1,1,2,-1,1,-2,1,1,2,2,-1,-1,1,-2,1,1,-1,1,-1,0,1,9,8,7,1,10,3,3,7,3,10,0,1,9,7,10,1,0,1,3,0,9,3,0,5,10,7,6,4,0,2,5,2,8,3,0,2,5,5,10,2, , , , , , , ,0,1,1,2, , , , , ,-1,1,-2,-1,-1,-2,-2,0,0,1,1,-2,1,1,1,1,1,1,-1,-2,-2,2,2, , , , , , , ,4,2, , , ,2, , ,1,2, , , , , ,2,-2,1,-1,1, ,-1,1,1996,4, ,3, ,-1,-2,-1,1,1,0,1,1,0,1,4, ,2,0, ,0, ,5,5,0,1,32051,5,1,2,.963167673999938,1.11374279160226,.799148629394592,.290187554498627,-.32743354771564,.752792070533891,1.08116174516586,-1.14406336277856,.732904264929018,4,3
190,1,1,0, ,1,1,0,1,0, ,5,2, , , , ,12, ,5,2,-2,1,1,0,0,0,0,0,1, ,0,1,1,0,0, ,1,-1,2,0,Fanta,1,0,0,0,0,0,0,0,0,0,0,0,0,0,0,0,0,0,0,0,0,0,1,1,1,0,0,0,0, ,2,8,Standart Marke bei mir zu Hause,"Fanta, Mirinda, Orangina, Fritz, Vio Bio",1,0,1,1,1,0,1,0,0,1,1,1,1,1,1,0,0,1,1,0,1,0,1,lütts landlust,1, , , , ,5,5,5,2,8,2,7,2,5, , , , ,.75,1.2,1,.5,1,0,2,-2,-1,2,-2,-1,0,-2,-1,1,1,0,-1,0,0,-2,-2,-1,0,1,0,2,0,1,1,-1,0,0,0,1,1,7,8,8,6,6,9,10,6,5,6,4,6,4,5,8,6,9,5,2,5,5,3,5,4,2,7,8,7,5,6,4,5,6,7,8,4,5,6,10,7,10,5, , , , , , , ,0,-2,1,2, , , , , ,1,1,-2,-1,1,2,-2,0,-1,-2,-1,0,-1,-1,-1,-1,-1,-1,-1,-1,-1,-2,2, , , , , , , ,6,1, , , , , ,1,1,1, , , , , ,1,1,-1,0,1,0,-1,0,1994,4, ,3, ,1,-1,0,1,2,0,-1,0,-1,0,4, ,2,0, ,0, ,4,4,0,2,49090,1,1,2,-.773381815744218,-1.47202157127835,-.67262602462554,.496435237803212,1.09760108013623,1.37323956469953,.997303182181886,-.23724901661186,-.80852940101545,3,2
191,1,1,0, ,0,1,0,0,1, ,2,2, ,1, , ,4, ,5,0,-1,1,1,0,0,0,0,0,0, ,0,1,0,0,0, ,0,-1,1,-2,Fanta,1,0,0,0,0,0,0,0,0,0,0,0,0,0,0,1,0,0,0,0,1,0,1,0,1,0,0,0,0, ,2,4,Schmeckt am besten aber ist un relevant zum weiterempfehlen,Fanta Fritz,1,0,1,0,0,0,0,0,0,1,1,1,1,1,1,0,1,1,0,0,1,0,1, ,1, , , , ,4,4,4,2,7,2,4,2,2, , , , ,.6,1,.8,.6,1,-1,1,-2,-1,1,-1,-1,-1,-1,0,1,1,0,-1,-1,-1,-1,-1,0,1,1,-1,2,-1,0,1,-1,1,-1,0,1,1,1,3,5,2,4,1,10,5,1,3,5,5,2,3,7,3,5,4,2,3,5,2,3,3,1,5,4,3,2,2,1,4,7,3,8,6,1,4,7,3,6,7, , , , , , , ,1,-2,0,0, , , , , ,1,1,-1,-1,-1,1,0,0,1,-1,-2,-2,-1,1,-1,0,1,-1,0,-1,-1,-1,2, , , , , , , ,6,1, , , , , ,1,6,1,1, , , , , ,1,0,0,-1,0,0,0,1996,4, ,3, ,0,-1,0,-1,-1,-1,1,0,0,1,4, ,2,0, ,0, ,4,4,0,2,49090,3,1,2,.471761831420238,-.737326560294389,-1.55029215938662,-1.93162040434686,-1.15670058093853,.883016748686551,-.906832104467034,.727550760356691,.215253531115596,1,1
192,1,1,0, ,0,1,0,0,0, ,5,2, , , , ,5, ,5,2,-1,1,1,1,0,0,0,0,0, ,1,1,0,0,1, ,1,0,1,0,"süß, erfrischend",0,1,0,0,1,0,0,0,0,0,0,0,0,0,0,1,0,0,0,0,1,1,1,0,1,0,0,0,0, ,2,6,schmeckt in der Glasflasche gekühlt besser als aus der PET Flasche,"Fanta, Fritz, Bio Mio, River (Aldi) , Sinalco, Auburg Orange",1,1,1,0,0,0,0,1,1,1,0,1,0,0,1,0,0,1,0,0,0,0,0, ,1, , , , ,4,3,5,2,8,2,6,2,5, , , , ,1,1.5,1.3,.5,1,0,1,0,0,1,0,1,0,-1,0,1,1,1,1,1,1,-1,-1,-1,0,1,1,2,1,0,1,-1,1,0,1,1,1,5,7,8,4,5,6,6,5,4,7,5,5,4,5,6,5,7,5,3,7,7,5,6,5,5,6,7,5,6,5,4,4,4,4,6,4,5,5,6,5,7,5, , , , , , , ,1,-1,-1,0, , , , , ,-1,1,-1,-1,-1,1,0,0,-1,0,0,0,0,1,1,1,1,1,1,-1,0,-1,2, , , , , , , ,2,1, ,1, , , , ,6,2,2, , , , , ,-1,0,0,1,1,-1,1,1992,4, ,3, ,0,-1,1,1,1,0,0,1,0,1,1, ,1,0, ,0, ,4,4,0,1,32351,0,2,2,.543673428421165,-.724584583954988,.870036011908342,.137337814120566,1.45404888066109,.709077424751904,.235801534407165,-.172105192695655,-.0877910687754681,3,2
193,1,0,0, , , , , , , ,2,1, , , , , , ,4,1,-1,1,1,0,0,0,0,0,1, ,0,1,0,0,0, ,2,-1,1,1,Fanta,1,0,0,0,0,0,0,0,0,0,0,0,0,0,0,1,0,0,0,0,0,0,1,0,1,0,1,0,0, ,1,6,Aussehen,FantaFritz LimoSalvus,1,0,1,0,0,0,0,0,1,1,1,1,0,1,1,0,1,1,0,1,1,0,1, , , ,.9,.8,1.2, , , ,1,5,1,4,1,3,.6,1,.9,.6, , , , ,0,-2,0,-1,-1,1,0,0,1,0,0,1,1,1,0,-1,1,0,0,-1,0,1,1,1,1,1,1,-1,1,0,1,0,1,1,6,7,5,2,8,8,2,5,1,5,2,2,3,6,9,8,7,1,5,3,2,3,4,2,7,6,4,5,7,6,4,3,3,4,3,2,3,6,8,7,6,1,0,-1,0,-1,2,1, , , , ,-1,1,-1,1,2, , , , , ,1,0,0,1,0,0,0,0,1,1,1,0,-1,1,-1,-1,1,1, , , , , , , ,3,1, , ,1, , , ,6,3,3, , , , , ,1,0,1,0,1,1,1,1994,4, ,3, ,1,0,1,0,0,1,0,0,0,1,4, ,2,0, ,0, ,6,6,0,1,48268,0,1,2,.469448956256706,-.0122833200576471,-.778869984010814,.017316114491473,.472999187905366,-.577583081487832,.143258885949117,-.241416902050104,.596555859637644,1,1
194,1,1,0, ,1,1,0,0,0, ,4,2, , , , , ,12,5,-1,-2,1,1,0,0,0,0,0,0, ,0,1,0,0,0, ,1,-1,2,0,Fanta,1,0,0,0,0,0,0,0,0,0,0,0,0,0,0,0,0,0,0,0,1,0,1,0,0,0,0,0,0, ,2,7, ,Fanta Orangina Sinalco,1,1,0,0,1,0,0,0,0,1,1,0,0,1,1,0,1,1,0,0,0,0,0, ,1, , , , ,5,6,5,2,8,2,8,2,6, , , , ,.8,1,.9,.7,1,-2,-2,-1,-1,1,1,0,0,-1,0,1,-1,0,0,-1,-1,-1,-2,-2,-1,0,-2,2,0,1,1,-2,-1,0,1,1,0,6,7,0,0,0,0,10,2,1,0,0,0,1,1,2,1,3,0,1,10,2,0,0,0,3,6,8,0,0,0,0,0,1,0,2,0,0,1,3,0,3,0, , , , , , , ,0,1,0,0, , , , , ,2,1,-1,-1,-1,1,-1,0,-1,-2,-2,-2,-1,0,0,0,0,-1,0,0,0,-1,2, , , , , , , ,6,1, , , , , ,1,5,1, ,1, , , , ,-1,1,1,0,1,0,0,1994,5, ,3, ,1,-1,0,1,-1,1,0,0,-1,0,4, ,2,0, ,0, ,4,4,0,1,29571,0,1,2,-.0818804706435654,-.543813099674737,-1.80156645591419,.0390700311131541,-1.33225128063436,-1.12606242268527,-.372790472169869,-.707644838938048,-.945934089303292,1,1
195,1,1,0, ,1,1,0,1,0, ,4,1, , , , ,1, ,4,-1,-1,-1,1,0,0,0,0,0,1, ,1,1,0,0,1, ,1,-2,1,-1,Fanta,1,0,0,0,0,0,0,0,0,0,0,0,0,0,0,0,0,0,0,0,1,0,1,0,1,0,0,0,0, ,1,1,Der Geschmack,"Fanta,Vilsa, Fritz, River, Freeway, Sinalco",1,1,1,0,0,0,0,1,0,1,1,1,0,1,1,0,1,1,0,0,0,0,0, ,12,Vilsa,1.2,.5,.8, , , ,1,9,1,3,1,7,1,1.8,1.5,.5, , , , ,1,0,2,-1,-1,1,-1,0,0,-1,-1,1,1,2,0,0,0,-1,-2,-1,0,1,-1,1,1,-1,-1,0,1,-1,1,0,-1,4,8,5,6,7,8,10,0,3,8,2,3,1,2,3,8,6,2,4,10,1,2,7,1,1,8,1,2,7,4,1,1,1,4,5,2,1,5,6,8,7,1,0,2,-1,0,2,2,2, , , , ,-1,1,-1,-1,-1, , , , , ,1,-1,0,1,-1,-2,-2,-1,0,-1,0,0,-1,-1,-1,-1,-2,1, , , , , , , ,5,1, , , , ,1, ,2,1, , , , ,1, ,2,0,1,-1,0,0,0,1994,5, ,3, ,0,-1,0,1,-1,0,0,0,0,1,4, ,2,0, ,0, ,4,4,0,2,29640,1,1,2,.146144734805775,-1.02210381104041,-.255041534858028,-.679326574211815,-.536142075355022,1.35237513603124,-1.59394311152639,.0536712676867439,-.499626644798761,3,2
196,1,1,0, ,0,0,0,1,0, ,1,2, , , , ,1, ,5,2,0,1,1,0,0,0,0,0,1, ,0,1,0,0,0, ,1,-2,2,0,Fanta,1,0,0,0,0,0,0,0,0,0,0,0,0,0,0,0,0,0,0,0,1,0,1,1,1,0,0,1,0, ,2,5,Bekannt,"Fanta, Fritz, Vio, Mezo mix",1,0,1,0,0,0,0,1,1,1,1,1,1,1,1,0,1,1,0,0,1,0,1, ,10, , , , ,3,3,2,2,4,2,3,2,5, , , , ,.6,1.8,.9,.1,1,-2,-1,-1,0,1,0,0,-1,-1,0,1,-1,1,1,0,1,0,-2,0,0,0,0,2,-1,1,0,-2,1,1,0,1,-1,4,6,5,5,5,4,8,5,4,5,4,2,0,0,2,0,0,1,4,5,5,3,3,3,5,5,5,5,5,5,0,0,0,0,0,0,2,3,4,2,0,3, , , , , , , ,0,-2,1,0, , , , , ,1,1,-1,-2,-1,0,-2,-1,-1,-1,-1,-2,0,-1,1,1,2,0,-1,-1,0,0,2, , , , , , , ,4,1, , , ,1, , ,3,1, , , ,1, , ,-1,0,0,0,1,-1,1,1994,4, ,3, ,0,1,1,1,0,0,0,1,-1,0,4, ,3,0, ,0, ,5,5,0,2,44532,0,1,2,.0811497042337499,-.831017524557261,.48809345992244,-.163752530730312,-.751672174130097,-.51154720489638,-.255894895424601,-.202926290667961,1.35516714361227,4,3
197,1,1,0, ,0,1,0,1,0, ,4,1, , , , ,2, ,5,1,-1,1,0,1,0,0,0,0,0, ,0,1,0,0,1, ,-1,-1,-1,-1,Saufen,0,0,0,0,0,0,0,0,0,0,1,0,0,0,0,0,0,0,0,0,1,0,1,0,0,0,0,0,0,Müdigkeit,1,2,Kenne das Produkt nicht,FantaSinalcoDie Limmo,1,1,0,0,0,0,0,0,1,1,1,0,1,0,1,1,0,1,0,0,0,0,1, ,1, ,.9,.7,.5, , , ,1,10,1,1,1,1,.9,1,.9,.4, , , , ,1,-2,0,-1,-1,1,-2,0,-1,-1,-1,1,1,1,0,0,1,-1,-2,0,0,1,1,1,0,0,1,1,0,-2,0,-1,0,6,8,6,1,3,3,7,4,2,7,0,6,1,2,6,2,5,2,2,9,2,0,0,1,2,9,6,4,5,3,2,2,3,3,6,4,7,8,9,7,9,8,0,0,1,1,0,2,2, , , , ,-1,1,-1,-1,1, , , , , ,2,-2,0,-1,-1,-1,-1,-1,1,0,1,0,1,-1,-1,-1,-2,1, , , , , , , ,4,1, , , ,1, , ,4,1, , ,1, , , ,-1,-1,-1,0,1,-1,-1,1995,4, ,3, ,1,0,-1,0,-1,1,-1,0,-1,0,4, ,2,0, ,0, ,4,4,0,1,49196,5,1,2,-.588233605909987,-1.32928600399786,.0725696453412812,-.618353541107373,-.411116751271559,.346489876569697,-.286089857064695,.371197757844649,.145320671153692,3,2
198,1,0,0, , , , , , , ,2,1, , , , , , ,5,0,-2,1,1,0,0,0,0,0,0, ,0,1,1,0,0, ,-1,-1,1,0,viel zucker,0,0,0,0,0,0,0,0,1,0,0,0,0,0,0,0,0,1,0,0,1,0,1,0,0,0,1,1,0, ,1,3,nicht mein Geschmack,fanta sinalco,1,1,0,0,0,0,0,0,0,1,1,1,1,1,1,0,0,0,0,0,1,0,0,Die Limmo, , ,.75,.75,.85, , , ,1,8,1,4,1,4,.5,1.5,.75,.25, , , , ,0,-2,2,1,1,1,2,1,1,0,0,1,0,1,1,0,0,-1, ,0,-2,-1,0,1,0,-1,-1,-2,1,-1,1,1,1,1,4,3,2,7,5,8,6,2,3,2,4,3,6,2,4,8,5,3,9,5,4,6,7,5,8,7,4,6,8,0,4,4,5,5,5,3,5,6,6,7,2,2,1,-1,0,-1,1,-1, , , , ,-1,2,1,2,1, , , , , ,0,0,-1,1,-2,1,0,0,1,1,-1,1,-1,-1,-1,-1,-2,1, , , , , , , ,1,3,3, , , , , ,4,1, , ,1, , , ,1,0,0,0,1,-1,1,1996,4, ,3, ,-1,-1,1,1,1,1,-1,0,1,0,1, ,1,0, ,0, ,2,2,0,2,48268,2,1,2,.268450900625923,.411668402505684,-.485275689470545,.79021064459297,1.02365697488606,-.146812577183103,.127499074402358,-1.47785004709683,-.24454747234748,4,3
